排名,预测分,商品ID,标题,美元价格,一级类目,二级类目,主图URL,商品链接,来源文件,banned,banned_hits,img_missing,总销量
1,1.809241168055499,607331911870008,2D平面1个丛林日落磁性冰箱磁铁，非洲野生动物冰箱磁铁，坦尚尼亚场景磁性亚克力冰箱磁铁，适用于厨房和家居装饰,1.58,家居厨房用品,厨房用品,https://img.kwcdn.com/product/open/2f48b883a18e49d59a9b10f19e2f500d-goods.jpeg,https://www.temu.com/search_result.html?search_key=607331911870008&search_method=user,912_无收录_去重训练库_无违禁.csv,False,,False,2
2,1.6001326953793125,606169418569831,"109pcs Balloon Arch Kit Featuring Blue, Golden, And White Colors with a Bear in a Basket, Perfect for a Shower Celebration Back to School",16.82,家居厨房用品,节日聚会用品,https://img.kwcdn.com/product/open/916e01fc8840477cb9557d3033fdf904-goods.jpeg,https://www.temu.com/search_result.html?search_key=606169418569831&search_method=user,912_无收录_去重训练库_无违禁.csv,False,,False,18
3,1.548786574690256,607325737866943,2D平面，1个装复古路线亚克力圆形磁性冰箱磁铁，美国66号公路文字，红色复古皮卡，复古加油机，美国地图，老化圆形徽章，厨房装饰，非常适合家庭、橱柜、冰箱、洗碗机、黑板,2.11,家居厨房用品,厨房用品,https://img.kwcdn.com/product/217a7c4a1c/4020b069-1157-413c-a0f4-2295f7531afd_800x800.jpeg,https://www.temu.com/search_result.html?search_key=607325737866943&search_method=user,912_无收录_去重训练库_无违禁.csv,False,,False,10
4,1.53063951548205,606918722589196,2件套蓝米色条纹抱枕套，方形靠垫套配隐形拉链，柔和海军蓝米白条纹，沙发床铺装饰软装,7.39,家居厨房用品,床上用品,https://img.kwcdn.com/product/fancy/6661bfa0-cc90-4725-9286-47add01861b4.jpg,https://www.temu.com/search_result.html?search_key=606918722589196&search_method=user,912_无收录_去重训练库_无违禁.csv,False,,False,18
5,1.467976322402101,601100536638823,一套3件可爱橙色柯基犬在水中玩耍图案床单，包括一个床笠和两个枕套，不含枕芯，可机洗，适合所有季节，轻盈面料，带来居家舒适感,21.2,家居厨房用品,床上用品,https://img.kwcdn.com/product/open/7480837f31e84768a3827603ebdabf2b-goods.jpeg,https://www.temu.com/search_result.html?search_key=601100536638823&search_method=user,912_无收录_去重训练库_无违禁.csv,False,,True,1
6,1.3784650285249165,607675509214549,2D平面单片热碗圆形磁性冰箱磁铁，面条碗亚克力冰箱磁铁，日式美食，非常适合家庭、办公室、橱柜、冰箱、洗碗机装饰品艺术品,1.58,家居厨房用品,厨房用品,https://img.kwcdn.com/product/open/9a78d7f6cc5242a48711907b126b33a6-goods.jpeg,https://www.temu.com/search_result.html?search_key=607675509214549&search_method=user,912_无收录_去重训练库_无违禁.csv,False,,False,0
7,1.3675414436113995,607076696841473,静电吸附窗膜 单向隐私膜，反光隔热镜面防眩光隔热遮阳膜， 隐私窗膜 无需胶水可移除静电吸附玻璃隔热膜，静电吸附可移除无残留，阻挡烈日，适用于家庭、办公室等区域,2.47,家居厨房用品,窗饰及配件,https://img.kwcdn.com/product/fancy/4ba9423f-2641-44ea-a7cb-ca9346b782d4.jpg,https://www.temu.com/search_result.html?search_key=607076696841473&search_method=user,912_无收录_去重训练库_无违禁.csv,False,,False,0
8,1.3583003931712263,601103362439867,"Vintage Chocolate Labrador Dog Metal Sign - Retro Wall Art Suitable for Home, Bar, Garage - Heavy-Duty Iron Chocolate Lab Decor with White/Green/Yellow/Black Options - 8.0inch X 12.0inch",5.58,家居厨房用品,家居装饰,https://img.kwcdn.com/product/fancy/7b3ce447-7590-4c44-8f0e-ddf0a0f48da3.jpg,https://www.temu.com/search_result.html?search_key=601103362439867&search_method=user,912_无收录_去重训练库_无违禁.csv,False,,True,1
9,1.3347075755542466,601104738893446,两副大号烤箱手套，尺寸为10.6 x 6.7英寸，采用条纹简约设计。它们可以耐受高达446°F（230°C）的温度，是烹饪保护的完美选择。是爱烘焙的男女朋友们的绝佳礼物。,10.24,家居厨房用品,餐厨布艺,https://img.kwcdn.com/product/open/f11d894c0a7e449eb7626f13a6c9b54b-goods.jpeg,https://www.temu.com/search_result.html?search_key=601104738893446&search_method=user,912_无收录_去重训练库_无违禁.csv,False,,True,1
10,1.3019281024894978,601102400587107,3件套数学公式图案床单三件套（1*床笠+2*枕套，无芯），日常主题，高级装饰寝具套装，柔软透气，适合家居装饰、卧室装饰、教室装饰、办公室装饰,25.91,家居厨房用品,床上用品,https://img.kwcdn.com/product/open/c88fccc57f3249ab9a433d6901637727-goods.jpeg,https://www.temu.com/search_result.html?search_key=601102400587107&search_method=user,912_无收录_去重训练库_无违禁.csv,False,,True,15
11,1.2999206898545477,601103862304943,2D平面，2D平面，2D平面 1件 无框 OZPWBVY 静物画 名画 餐厅碗装苹果 复古厨房装饰 无框,4.96,家居厨房用品,墙面装饰,https://img.kwcdn.com/product/fancy/b76ec38d-b1f6-482e-a2ed-df562ba67c83.jpg,https://www.temu.com/search_result.html?search_key=601103862304943&search_method=user,912_无收录_去重训练库_无违禁.csv,False,,True,0
12,1.2784972872284848,607438010980933,"3pcs Artificial Succulent Small Potted Plants. Green Air Plants, Yellow Aloes, And Green Small Swords",1.13,家居厨房用品,家居装饰,https://img.kwcdn.com/product/fancy/1b3d1617-89fa-4f2e-930c-c4b186963046.jpg,https://www.temu.com/search_result.html?search_key=607438010980933&search_method=user,912_无收录_去重训练库_无违禁.csv,False,,False,7
13,1.2721187668500489,605859962844458,1件上海天际线磁铁 - 迷你中国城市模型复制品，带标志性东方塔和底座，亚克力收藏品桌面装饰，适用于办公室、旅行纪念品 - 上海主题礼物，2D平面,2.45,家居厨房用品,厨房用品,https://img.kwcdn.com/product/open/2c08e228d8ee4ac8a315f568972f94f7-goods.jpeg,https://www.temu.com/search_result.html?search_key=605859962844458&search_method=user,912_无收录_去重训练库_无违禁.csv,False,,False,1
14,1.2497396107983192,601099611734110,Professional 8.5-Inch Stainless Steel Kitchen Scissors with Aluminum Alloy Handle: Ideal for Cutting Chicken Bones And More.,4.18,家居厨房用品,厨房用品,https://img.kwcdn.com/product/open/2024-07-13/1720838374262-fe73ea1fab324808847c967a32b5e600-goods.jpeg,https://www.temu.com/search_result.html?search_key=601099611734110&search_method=user,912_无收录_去重训练库_无违禁.csv,False,,True,14
15,1.2427167840041973,606631295302944,1件装 2D款 X世代 1965-1980 我们不在乎 圆形金属耐用磁贴，高品质印刷，适用于装饰冰箱、书写板、橱柜和储物柜，是家居或办公室装饰的理想选择,1.34,家居厨房用品,厨房用品,https://img.kwcdn.com/product/fancy/738af217-e2b7-484a-a81a-5a7930fee2be.jpg,https://www.temu.com/search_result.html?search_key=606631295302944&search_method=user,912_无收录_去重训练库_无违禁.csv,False,,False,14
16,1.22941896823387,601102001026537,2D平面 - 2D平面 - 日式风格壁挂画，图案为卡通幸运猫，象征好运。这款垂直横幅旗帜非常适合装饰卧室和餐厅。采用可水洗涤纶制成。,6.54,家居厨房用品,家居装饰,https://img.kwcdn.com/product/fancy/fcddcde6-a378-49f2-899c-ba10575a66de.jpg,https://www.temu.com/search_result.html?search_key=601102001026537&search_method=user,912_无收录_去重训练库_无违禁.csv,False,,True,15
17,1.2250310380664415,606960464277531,1个充气球沙发 - 褐色，大型充气沙发，适用于客厅/露台/卧室使用,23.13,家居厨房用品,床上用品,https://img.kwcdn.com/product/open/2decc72938bf4b5896dd8b75d8f200e5-goods.jpeg,https://www.temu.com/search_result.html?search_key=606960464277531&search_method=user,912_无收录_去重训练库_无违禁.csv,False,,False,0
18,1.223459754685307,607427273566987,1卷静电吸附窗贴膜，月牙彩色玻璃膜，遮光窗帘贴纸，半透明装饰玻璃膜遇光变色，适用于隐私窗贴、家居装饰,1.9,家居厨房用品,窗饰及配件,https://img.kwcdn.com/product/fancy/e31472a5-6759-4376-a927-c21b80d9613b.jpg,https://www.temu.com/search_result.html?search_key=607427273566987&search_method=user,912_无收录_去重训练库_无违禁.csv,False,,False,41
19,1.2191898147552198,601101389005996,"1pc Bohemian Peace Garden Metal Sign - ""Imagine All People Living in Peace"" Vintage Iron Wall Art, Multi-Colored Floral Design, Retro Outdoor Courtyard Decor for Summer Lawn Or Bedroom Display",5.42,家居厨房用品,家居装饰,https://img.kwcdn.com/product/aisc_image/fancy/opt/301509c18fed40aa9e9a1dd7a1cfdf0f-goods.jpeg,https://www.temu.com/search_result.html?search_key=601101389005996&search_method=user,912_无收录_去重训练库_无违禁.csv,False,,True,0
20,1.2164633892366608,601103871195571,"2D Flat, Vintage Pumpkin Spice Cafe Metal Sign - Cozy Rustic Farmhouse Decor with Autumn Colors, 3.94inch X 15.74inch Iron Seasonal Home, Cafe, Restaurant, Bar Decor - Easy Mounting Hardware Included, No Power Needed",4.21,家居厨房用品,家居装饰,https://img.kwcdn.com/product/2079f60b22/e87fd6a8-0884-42fb-b04b-8572768d4288_1000x1000.jpeg,https://www.temu.com/search_result.html?search_key=601103871195571&search_method=user,912_无收录_去重训练库_无违禁.csv,False,,True,0
21,1.2002389302107042,601102318976007,"1pc Dokriy, Christmas Table Runner, Watercolor Pine Branches with Ornaments & ""Merry Christmas"" Print, Seasonal Winter Home Decor for Holiday Gatherings",5.51,家居厨房用品,餐厅用品,https://img.kwcdn.com/product/fancy/10acb873-0d6a-4471-b273-f9e47de284fa.jpg,https://www.temu.com/search_result.html?search_key=601102318976007&search_method=user,912_无收录_去重训练库_无违禁.csv,False,,True,2
22,1.1908602854795958,606516371373948,2件或3件套2D平面印花床笠，甜美公主设计，带有芭蕾舞者和猫咪图案，粉色系，饰有心形、蝴蝶和星星图案，以及'相信你的梦想'字样,19.91,家居厨房用品,床上用品,https://img.kwcdn.com/product/211a2a470d0/f485f2de-a9ff-4e79-8ce5-f4fe99a5dac6_1500x1500.jpeg,https://www.temu.com/search_result.html?search_key=606516371373948&search_method=user,912_无收录_去重训练库_无违禁.csv,False,,False,13
23,1.1703494905558227,601104468561345,天使翅膀和天空云朵床笠套装（3件套），包含1个床笠和2个枕套，不含芯，圣诞设计，奢华床上用品系列，柔软透气床垫保护罩,19.8,家居厨房用品,床上用品,https://img.kwcdn.com/product/open/4543a130f778442baf95f693b30dca42-goods.jpeg,https://www.temu.com/search_result.html?search_key=601104468561345&search_method=user,912_无收录_去重训练库_无违禁.csv,False,,False,1
24,1.170114648444935,605700864471600,4件，2D单面印刷，热带绿植年轮主题桃皮绒抱枕套（米底龟背竹叶年轮纹款），可机洗，多尺寸可选，适合打造自然清新风家居空间，适配沙发、客厅、卧室等场景。,7.1,家居厨房用品,沙发装饰,https://img.kwcdn.com/product/open/4d7bb25b99b24571913b5bfb3c6ec198-goods.jpeg,https://www.temu.com/search_result.html?search_key=605700864471600&search_method=user,912_无收录_去重训练库_无违禁.csv,False,,False,0
25,1.1650236247598122,606338650359985,2D平面，1件装“幸福妻子”亚克力圆形冰箱磁贴，华丽花卉图案，桃花点缀，海军蓝与奶油色调，厨房装饰，植物复古风格，适用于家居、橱柜、冰箱、洗碗机、黑板，2D平面,2.46,家居厨房用品,厨房用品,https://img.kwcdn.com/product/217a7c2376/dde42ef8-ba91-45a0-9dfd-d7527c10d929_800x800.jpeg,https://www.temu.com/search_result.html?search_key=606338650359985&search_method=user,912_无收录_去重训练库_无违禁.csv,False,,False,0
26,1.1561183042158545,606131418143149,2D平面，1个黑猫警告亚克力圆形磁性冰箱磁铁，厨房装饰，注意黑猫安全文字，爪印图标，趣味插画风格，非常适合家庭、橱柜、冰箱、洗碗机、黑板,2.5,家居厨房用品,厨房用品,https://img.kwcdn.com/product/2123a6789c/e2d43681-bb90-4881-b9e3-9694744b4488_800x800.jpeg,https://www.temu.com/search_result.html?search_key=606131418143149&search_method=user,912_无收录_去重训练库_无违禁.csv,False,,False,0
27,1.1442556166512567,601103362896363,"2D Flat, Rustic Iron Wall Art - "" Is The Way, The Truth, And The Life"" German Quote Metal Painting, 8.0X12.0 inch, Living Room Or Bedroom Vintage Home Decor, Bold Text Artwork | Art Metal Crafts, Metal Wall Art Decoration",6.13,家居厨房用品,家居装饰,https://img.kwcdn.com/product/fancy/5fd36ce0-798b-41e3-a587-b72bf1da3734.jpg,https://www.temu.com/search_result.html?search_key=601103362896363&search_method=user,912_无收录_去重训练库_无违禁.csv,False,,True,0
28,1.14176960481383,607305135407288,1pc 花间密语 被套（不含芯）毛茸茸的保暖被套，长毛绒，保暖升温,15.32,家居厨房用品,床上用品,https://img.kwcdn.com/product/fancy/1f55d6a8-2515-49a0-b49e-62b9e0fa180a.jpg,https://www.temu.com/search_result.html?search_key=607305135407288&search_method=user,912_无收录_去重训练库_无违禁.csv,False,,False,0
29,1.141154328172458,606525498224109,2件或3件套2D平面印花床笠，采用浪漫的童话风设计，主题是迷人的花园。床上用品采用柔和的粉色和蓝色，饰有樱花和童话蝴蝶的印花,19.41,家居厨房用品,床上用品,https://img.kwcdn.com/product/211a2a42ec2/8682d2fe-1e7b-4c4d-9d55-fb20f6764104_1500x1500.jpeg,https://www.temu.com/search_result.html?search_key=606525498224109&search_method=user,912_无收录_去重训练库_无违禁.csv,False,,False,6
30,1.1329423554080158,607500288032135,"114pcs Balloons Garland Arch Kit with Golden Sand White & Apricot Balloon Decorations Suitable for Christmas, Weddings, Birthdays, Showers - 5in 10in 45.72cm for Back to School, Bridal Shower, Gender Reveal, Photo Background, Decor",9.35,家居厨房用品,节日聚会用品,https://img.kwcdn.com/product/open/6a66235af533416aa0f3011e45bdc22f-goods.jpeg,https://www.temu.com/search_result.html?search_key=607500288032135&search_method=user,912_无收录_去重训练库_无违禁.csv,False,,False,0
31,1.129959611286171,606980596935895,1pc甲虫 摆件 树脂工艺品 装饰个性守护 办公室伴手礼物 手绘工艺品,7.44,家居厨房用品,家居装饰,https://img.kwcdn.com/product/fancy/9ad7fce0-f2ae-44b1-98fe-6029bae946a5.jpg,https://www.temu.com/search_result.html?search_key=606980596935895&search_method=user,912_无收录_去重训练库_无违禁.csv,False,,False,0
32,1.1261565480140656,601102398369612,三件套床上用品，采用牛油果心形印花，包括一个床笠和两个枕套。 适合日常使用，这款水果图案的床上用品柔软透气，非常适合卧室、客厅、宿舍或婚礼装饰。,17.48,家居厨房用品,床上用品,https://img.kwcdn.com/product/open/221343d4d11040459ce5f3ee39b198a7-goods.jpeg,https://www.temu.com/search_result.html?search_key=601102398369612&search_method=user,912_无收录_去重训练库_无违禁.csv,False,,True,1
33,1.1231915341250844,601103850134998,2D平面画作，1件装 加拿大多伦多CN塔无框竖版帆布画海报 - 现代装饰艺术风格墙壁艺术印刷品，标志性电视塔夜景天际线装饰，适用于户外、办公室、客厅、卧室 - 耐用节日礼物（无需画框），2D平面，万圣节圣诞装饰,4.77,家居厨房用品,墙面装饰,https://img.kwcdn.com/product/fancy/5a4140f9-3e29-4ac3-a4d2-8146c9557e37.jpg,https://www.temu.com/search_result.html?search_key=601103850134998&search_method=user,912_无收录_去重训练库_无违禁.csv,False,,True,154
34,1.1201605138227133,607506730446312,6条装 奢华柔软毛巾，面部法兰绒 - 颜色随机 - 超强吸水速干毛巾 - 多功能 29.97 X 29.97 厘米，适用于家庭浴室和日常使用 - 必备家居用品，不掉毛，带挂环，适合户外,4.66,家居厨房用品,毛巾浴巾,https://img.kwcdn.com/product/open/09ac1916aaaf48f1a325602959b3a515-goods.jpeg,https://www.temu.com/search_result.html?search_key=607506730446312&search_method=user,912_无收录_去重训练库_无违禁.csv,False,,False,0
35,1.1192256815569908,601101561981171,"Retro Christmas Puppy & Kitten Metal Tin Wall Art - Rustic Holiday Decor with Snowy Scene, Gift Boxes & Festive Accents, 12x8 Inches, Perfect for Home & Pet Store Celebrations, Pet Store Decoration | Festive Wall Art | Durable Wall Plaque, Christmas Wall Art",6.24,家居厨房用品,家居装饰,https://img.kwcdn.com/product/open/2024-10-08/1728356781965-81ebf45014e04bbfa54be9073cdec7f4-goods.jpeg,https://www.temu.com/search_result.html?search_key=601101561981171&search_method=user,912_无收录_去重训练库_无违禁.csv,False,,True,0
36,1.1158344182930124,606516555955947,2D平面设计，1个亚克力冰箱磁铁，3.15英寸，动态上海城市天际线磁铁 - 采用像素艺术风格，展示着标志性建筑和移动巴士，是旅行爱好者和城市收藏家的完美选择,1.46,家居厨房用品,厨房用品,https://img.kwcdn.com/product/algo_check/auto/34087c50364d6bed1dbe8f469636ee87_1781405733828.jpg,https://www.temu.com/search_result.html?search_key=606516555955947&search_method=user,912_无收录_去重训练库_无违禁.csv,False,,False,0
37,1.1150375381719635,607308558002656,9件树脂花朵冰箱贴 ，创意可爱冰箱磁铁， 家居厨房装饰创意装饰磁贴，冰箱装饰，礼物，家居装饰,1.9,家居厨房用品,厨房用品,https://img.kwcdn.com/product/fancy/04e3ae3b-d613-488a-8648-93411f91d6e4.jpg,https://www.temu.com/search_result.html?search_key=607308558002656&search_method=user,912_无收录_去重训练库_无违禁.csv,False,,False,0
38,1.1114480112878564,607438547864792,2D平面旋转亚克力桌面摆件，顶部有三个精致的鱼雕像，嘴巴张开，躺在一堆刻有汉字的金币上，金色雕像。,1.5,家居厨房用品,家居装饰,https://img.kwcdn.com/product/fancy/7badf806-9514-4cd2-92b3-458725f8a5b1.jpg,https://www.temu.com/search_result.html?search_key=607438547864792&search_method=user,912_无收录_去重训练库_无违禁.csv,False,,False,3
39,1.1094815890326029,601103869356439,"2D Flat Retro Honey Metal Signage - Rustic Wall Decor, 3.93X15.74 Inch Farmhouse Kitchen Office Home Decor, No Electricity Required, Easy Wall Mounting, Bee Themed Kitchen Decor, Vintage Decor, 2D Flat",4.87,家居厨房用品,家居装饰,https://img.kwcdn.com/product/fancy/3a295ed4-0fac-46a7-b08d-95d69a1b8bff.jpg,https://www.temu.com/search_result.html?search_key=601103869356439&search_method=user,912_无收录_去重训练库_无违禁.csv,False,,True,0
40,1.109413081904064,601103342806894,【JIT商品】1件超大圣诞欢迎垫 - 重型毛绒门垫，红色和金色雪花与树设计，金色字母 - 室内/室外入口垫，适用于前门、农舍、客厅 - 节日色彩的豪华垫 - 易于清洁的家居入口地板装饰，节日矩形垫，毛绒质地，可机洗，适合圣诞使用，欢迎垫，圣诞门垫，高级法兰绒+1cm厚度+防滑背胶+每平方公尺超过400克,22.16,家居厨房用品,地毯地垫,https://img.kwcdn.com/product/fancy/cfc888a4-130f-405f-b843-fbc0a287e374.jpg,https://www.temu.com/search_result.html?search_key=601103342806894&search_method=user,912_无收录_去重训练库_无违禁.csv,False,,True,0
41,1.1089925619610337,601103857098509,"2D Flat, 1 Pair of 2D Flat Ocean Door Stickers, Bracket Bridge Door Decorative Stickers, Coconut Tree Door Mural, Removable Blue Sky Door Wall Mural, White Cloud Door Background Wallpaper, Small Island Door Sticker Home Decor ZY, 2D Flat",6.35,家居厨房用品,家居装饰,https://img.kwcdn.com/product/open/891d3a0b8cb24d2a8549469fbb80ba71-goods.jpeg,https://www.temu.com/search_result.html?search_key=601103857098509&search_method=user,912_无收录_去重训练库_无违禁.csv,False,,True,19
42,1.1082639741639395,607695306350333,2件套鱼鳞去除器，不锈钢多功能鱼鳞刷，鱼鳞去除工具，厨房鱼鳞工具,2.53,家居厨房用品,厨房用品,https://img.kwcdn.com/product/fancy/2deca7a0-5dc3-4eeb-bf57-ca9148f26f1a.jpg,https://www.temu.com/search_result.html?search_key=607695306350333&search_method=user,912_无收录_去重训练库_无违禁.csv,False,,False,0
43,1.1062745660590454,606598613280516,"Privacy Window Film with One-Way Mirror, Static Cling, Heat Blocking & Durable Protection for Home Glass",5.59,家居厨房用品,窗饰及配件,https://img.kwcdn.com/product/open/a3f9c2ea4f084a3cb0322360c04dd87f-goods.jpeg,https://www.temu.com/search_result.html?search_key=606598613280516&search_method=user,912_无收录_去重训练库_无违禁.csv,False,,False,0
44,1.10556801406849,606679949239136,3个装圣水瓶，8.5盎司/250毫升塑料圣水容器,6.74,家居厨房用品,家居装饰,https://img.kwcdn.com/product/open/d341fb9f21e2420f9c1fc4291e6016eb-goods.jpeg,https://www.temu.com/search_result.html?search_key=606679949239136&search_method=user,912_无收录_去重训练库_无违禁.csv,False,,False,0
45,1.1022240533684131,606600492382561,[波西米亚风悬挂篮] 三层波西米亚中性色调悬挂篮 - 编织绳墙壁收纳整理架，带节省空间的垂直储物架，波西米亚风格适用于浴室、婴儿房、厨房、卧室 - 多房间悬挂式收纳箱，用于存放毛巾、餐具,9.52,家居厨房用品,衣橱收纳,https://img.kwcdn.com/product/open/dbd8ff29babc4f15af7a5ce380ddff7f-goods.jpeg,https://www.temu.com/search_result.html?search_key=606600492382561&search_method=user,912_无收录_去重训练库_无违禁.csv,False,,False,0
46,1.0976652879590814,607111056598134,"1pc,定制照片定制个性化照片图案抱枕套,柔软舒适,（无枕芯）,适用于家居装饰,沙发,房间装饰,卧室,个面印刷,个性化枕头",2.23,家居厨房用品,沙发装饰,https://img.kwcdn.com/product/open/ce8f6cfdcae74f71828922e3ae133f08-goods.jpeg,https://www.temu.com/search_result.html?search_key=607111056598134&search_method=user,912_无收录_去重训练库_无违禁.csv,False,,False,3
47,1.0941317400544563,606256592947406,一套3件优雅花卉绿色床笠套装（1件床笠 + 2个枕套，无芯），春季设计，奢华床上用品系列，柔软透气床垫保护罩,20.81,家居厨房用品,床上用品,https://img.kwcdn.com/product/open/0c847fa70c6840f89a6a532e2627ef3b-goods.jpeg,https://www.temu.com/search_result.html?search_key=606256592947406&search_method=user,912_无收录_去重训练库_无违禁.csv,False,,False,3
48,1.0901890503991796,605547118050743,爱心女孩床笠套装（3件套），包含1个床笠 + 2个枕套，无芯，情人节主题，浪漫床上用品系列，柔软透气床垫保护罩,22.92,家居厨房用品,床上用品,https://img.kwcdn.com/product/open/418e28b0e99949079781c4a25027d48b-goods.jpeg,https://www.temu.com/search_result.html?search_key=605547118050743&search_method=user,912_无收录_去重训练库_无违禁.csv,False,,False,1
49,1.0876054163396554,601103675149686,橙银色秋季南瓜叶花卉桌旗 - 可机洗耐用聚酯材质，适用于家庭宴会、咖啡吧及节日派对多场景装饰 - 易清洁持久耐用,6.53,家居厨房用品,餐厅用品,https://img.kwcdn.com/product/open/8cf7c7eabf0b4be0b88682d6a575c6d3-goods.jpeg,https://www.temu.com/search_result.html?search_key=601103675149686&search_method=user,912_无收录_去重训练库_无违禁.csv,False,,True,0
50,1.0807985732606435,607039115911736,1个秋季枕头套 刺绣秋叶花环装饰枕套 秋季感恩节装饰户外靠垫套 农舍风软垫套 适用于沙发家居,6.82,家居厨房用品,沙发装饰,https://img.kwcdn.com/product/fancy/1be90c37-5e37-4c7d-ad52-63acdb521149.jpg,https://www.temu.com/search_result.html?search_key=607039115911736&search_method=user,912_无收录_去重训练库_无违禁.csv,False,,False,2
51,1.0792530310410746,606172019048435,2个恐龙蛋铝箔气球，可爱创意设计，适用于恐龙主题生日派个装饰用品、性别宣布、照片背景道具、派个房间装饰、迎婴派个,2.29,家居厨房用品,节日聚会用品,https://img.kwcdn.com/product/open/51fa4a92cf7e4d13aeb312db7b4b4f34-goods.jpeg,https://www.temu.com/search_result.html?search_key=606172019048435&search_method=user,912_无收录_去重训练库_无违禁.csv,False,,False,99
52,1.077359891006428,606724241114137,1件茶色单向多尺寸透视遮阳隔热防晒防散光透射不透明装饰窗贴,3.8,家居厨房用品,窗饰及配件,https://img.kwcdn.com/product/open/346f1996e0674c57ab54583e5c6d3638-goods.jpeg,https://www.temu.com/search_result.html?search_key=606724241114137&search_method=user,912_无收录_去重训练库_无违禁.csv,False,,False,1
53,1.073560870627544,607029183784194,深度睡眠的颈项枕头，人体工学设计枕头，提供颈部支撑，适合侧睡和背睡。它们可以机洗，适合所有季节，也可以作为家庭礼物,1.44,家居厨房用品,床上用品,https://img.kwcdn.com/product/fancy/81cbbf2e-36f1-4c4f-b51c-17e64b25cfee.jpg,https://www.temu.com/search_result.html?search_key=607029183784194&search_method=user,912_无收录_去重训练库_无违禁.csv,False,,False,0
54,1.0677628850904524,601104735381643,两只大号烤箱手套，采用卡通风格的几何形状设计，尺寸为10.6 x 6.7英寸。它们可以耐受高达446°F（230°C）的温度，并且经过设计以实现耐用性。这些手套是送给男女的绝佳厨房礼物。,9.62,家居厨房用品,餐厨布艺,https://img.kwcdn.com/product/open/ff84170dbf2741849c24dddab7db3ffe-goods.jpeg,https://www.temu.com/search_result.html?search_key=601104735381643&search_method=user,912_无收录_去重训练库_无违禁.csv,False,,True,1
55,1.0630666676011191,607625513165727,22pcs 透明翻盖迷你蘸料杯，分装果酱、蘸酱，可复用 PP 塑料小收纳盒,2.67,家居厨房用品,餐厅用品,https://img.kwcdn.com/product/open/d07923e15d114825b58e8346334429eb-goods.jpeg,https://www.temu.com/search_result.html?search_key=607625513165727&search_method=user,912_无收录_去重训练库_无违禁.csv,False,,False,0
56,1.0610858044829623,607453043392308,25.4 cm Springform Pan with 50pcs Parchment Paper Cheesecake Baking Mold| Nonstick Round Tin Leakproof Removable Bottom Bakeware for Cake Pie Pizza and Quiches Carbon Steel and Non-stick Coating,11.86,家居厨房用品,烘焙用品,https://img.kwcdn.com/product/open/a4d0f5950c2549f18d677b5e272860f8-goods.jpeg,https://www.temu.com/search_result.html?search_key=607453043392308&search_method=user,912_无收录_去重训练库_无违禁.csv,False,,False,0
57,1.0547298515159345,601099616938939,25/30片圣诞老人和雪人造型棒棒糖装饰卡片，彩色可爱糖果小礼物 - 适用于派对、生日、圣诞节、新年、冬季等，最适合圣诞节,2.12,家居厨房用品,节日聚会用品,https://img.kwcdn.com/product/fancy/65286c93-94cd-448b-951e-2718daf6bc21.jpg,https://www.temu.com/search_result.html?search_key=601099616938939&search_method=user,912_无收录_去重训练库_无违禁.csv,False,,True,29
58,1.052510731246912,607295404608351,12个电镀金色和银色的心形磁铁，可爱的心形磁铁冰箱磁铁，装饰冰箱磁铁，厨房、储物柜装饰，厨房配件，家居装饰，感恩节，圣诞节，新年，情人节,1.82,家居厨房用品,厨房用品,https://img.kwcdn.com/product/fancy/bfc2d0a2-0a90-42be-824f-9cde13e38bc1.jpg,https://www.temu.com/search_result.html?search_key=607295404608351&search_method=user,912_无收录_去重训练库_无违禁.csv,False,,False,8
59,1.047885899865653,606180390886012,4pcs，节日抱枕套套装，2d打印，简约现代抱枕套套装，拉链开合，非刺绣，可手洗 - 适用于沙发、床和家居装饰（无填充物）,5.71,家居厨房用品,床上用品,https://img.kwcdn.com/product/open/e9320712a5e24f4fbc005f916443d248-goods.jpeg,https://www.temu.com/search_result.html?search_key=606180390886012&search_method=user,912_无收录_去重训练库_无违禁.csv,False,,False,1
60,1.0451470914184244,601103329346366,[]1件，丝绒地毯，现代木质抽象地毯，客厅地毯，家居地毯，房间地毯，节日地毯，万圣节地毯，圣诞节地毯,41.03,家居厨房用品,地毯地垫,https://img.kwcdn.com/product/fancy/881cbaa9-e55f-48df-8a0b-83e2b543852c.jpg,https://www.temu.com/search_result.html?search_key=601103329346366&search_method=user,912_无收录_去重训练库_无违禁.csv,False,,True,3
61,1.0440094984288504,601104787707571,两只大型烤箱手套，采用牛皮图案，尺寸为10.6 x 6.7英寸，可承受高达446°F（230°C）的温度。这些耐用的手套非常适合烘焙，是男女皆宜的理想厨房礼物,9.79,家居厨房用品,餐厅用品,https://img.kwcdn.com/product/open/8d799faf47494d90b39115fc01f58407-goods.jpeg,https://www.temu.com/search_result.html?search_key=601104787707571&search_method=user,912_无收录_去重训练库_无违禁.csv,False,,False,0
62,1.0386995678523905,601104806679894,两只大号烤箱手套，尺寸为10.6英寸 x 6.7英寸，蓝色系，能承受高达446°F/230°C的温度。这些耐用的手套非常适合厨房使用，也是送给男士和女士的绝佳礼物。采用水彩色彩设计。,7.01,家居厨房用品,餐厅用品,https://img.kwcdn.com/product/open/2ab35dffa16e4712afc30ea14d0ec6ed-goods.jpeg,https://www.temu.com/search_result.html?search_key=601104806679894&search_method=user,912_无收录_去重训练库_无违禁.csv,False,,False,0
63,1.0359535875705823,606960464271787,便携可折叠的实用杯套，可杯垫可手持，双形态符合人体工学的手柄，防滑饮料杯托，适用于一次性杯子、陶瓷杯，适合泳池派对、野餐、露营及日常使用的选择，居家爱好的礼物,1.28,家居厨房用品,家居装饰,https://img.kwcdn.com/product/fancy/71180eed-2985-4a61-856c-5cbf3c60a17b.jpg,https://www.temu.com/search_result.html?search_key=606960464271787&search_method=user,912_无收录_去重训练库_无违禁.csv,False,,False,1
64,1.032647280525895,601101517990964,Latacaca 2/3件套印度战士设计床笠套装，包括1件床笠和2件枕套，时尚床上用品，可机洗，舒适床单套装，适合全年使用,20.08,家居厨房用品,床上用品,https://img.kwcdn.com/product/open/60b34c6cafef4d5b85a67ff90d13e0f3-goods.jpeg,https://www.temu.com/search_result.html?search_key=601101517990964&search_method=user,912_无收录_去重训练库_无违禁.csv,False,,True,1
65,1.0302830692443845,607350501004765,1件，仿兔毛褶边被套，可用作毯子，抗静电，柔软舒适，保暖，多个尺寸 - 150 X 200厘米/180 X 220厘米/200 X 230厘米/220 X 240厘米，机洗，完美的礼物,19.07,家居厨房用品,床上用品,https://img.kwcdn.com/product/open/3cdb86b302e84959a86d86520553d912-goods.jpeg,https://www.temu.com/search_result.html?search_key=607350501004765&search_method=user,912_无收录_去重训练库_无违禁.csv,False,,False,0
66,1.0300634750026374,606714845862464,1件装 2D平面亚克力橡胶软磁贴，三角形上海天际线设计冰箱贴，完美适用于厨房装饰、新年纪念礼品，2D平面款,1.95,家居厨房用品,厨房用品,https://img.kwcdn.com/product/open/9de87f029c54496cbd521795b33489f4-goods.jpeg,https://www.temu.com/search_result.html?search_key=606714845862464&search_method=user,912_无收录_去重训练库_无违禁.csv,False,,False,0
67,1.0283624863114045,607107701147917,2D平面趣味蜜蜂厕纸架，蜜蜂浴室装饰品，可爱卡通动物厕纸卷架，可自由站立于浴室家中，是居家、友人及家人间的有趣馈赠品,1.91,家居厨房用品,厨房收纳,https://img.kwcdn.com/product/fancy/55211e2a-d672-47d5-8f0a-b44004fd6f6c.jpg,https://www.temu.com/search_result.html?search_key=607107701147917&search_method=user,912_无收录_去重训练库_无违禁.csv,False,,False,2
68,1.0271925677180085,601102908714558,3件套 开花牡丹优雅床套（1件床单 + 2件枕套，不含填充物）- 高清印花，25Cm深口袋，机洗，优质，卧室、宿舍和全年房间装饰的理想选择,26.77,家居厨房用品,床上用品,https://img.kwcdn.com/product/fancy/329395bb-b993-4201-9472-d5ee52ce5131.jpg,https://www.temu.com/search_result.html?search_key=601102908714558&search_method=user,912_无收录_去重训练库_无违禁.csv,False,,True,3
69,1.0267454076497504,606318047920795,10片装复古绿米色2D平面乙烯基地板贴纸 - 简约几何图案，轻松粘贴，适用于厨房、浴室、阳台、客厅、卧室装饰，浴室地面装饰 | 几何图案 | 易安装地面装饰，2D平面,27.4,家居厨房用品,家居装饰,https://img.kwcdn.com/product/fmket/f4ff8451507f68ee2af00796f0121e26.jpg,https://www.temu.com/search_result.html?search_key=606318047920795&search_method=user,912_无收录_去重训练库_无违禁.csv,False,,False,11
70,1.0255590721006465,607101594243501,一条磨毛防水床笠,8.68,家居厨房用品,床上用品,https://img.kwcdn.com/product/fancy/8053a5b2-737e-4237-8420-7f66ba6f0575.jpg,https://www.temu.com/search_result.html?search_key=607101594243501&search_method=user,912_无收录_去重训练库_无违禁.csv,False,,False,0
71,1.0250075556569482,607660812396549,30.48厘米透明波波球，10/20/30个装加厚透明气泡球，氦气充气，适用于花束生日装饰,3.08,家居厨房用品,节日聚会用品,https://img.kwcdn.com/product/open/e97d013e4b6242dfb5afe82bf66a2927-goods.jpeg,https://www.temu.com/search_result.html?search_key=607660812396549&search_method=user,912_无收录_去重训练库_无违禁.csv,False,,False,3
72,1.0192038344865793,601103589935927,"2/4/6pcs Set Christmas Snowflake Pine Needle; Snowman and Christmas Tree Reusable Placemats, Printed Christmas Pattern, Linen Table Mats Suitable for Dining Tables, Hotels, Outdoors, Travel Table Protectors, Wedding, Birthday Decoration Placemats",2.28,家居厨房用品,餐厨布艺,https://img.kwcdn.com/product/open/18413a93aeb146388236733f4d606b49-goods.jpeg,https://www.temu.com/search_result.html?search_key=601103589935927&search_method=user,912_无收录_去重训练库_无违禁.csv,False,,True,0
73,1.0190596595746793,605901301879391,1条2D桌旗，采用黑白方格设计的国际象棋棋盘形状的聚酯桌旗，适用于餐桌、咖啡桌、家庭派对装饰，以及厨房、派对和节日庆典等场合，既能增添趣味性，又能展现鲜明的文化特色。,1.88,家居厨房用品,餐厨布艺,https://img.kwcdn.com/product/fancy/e264f7c4-d234-4d62-90dc-3c9d310acbd2.jpg,https://www.temu.com/search_result.html?search_key=605901301879391&search_method=user,912_无收录_去重训练库_无违禁.csv,False,,False,3
74,1.017814424855576,605772788385493,2D平面，1个复古柯利犬艺术丙烯圆形磁性冰箱磁铁，厨房装饰，警示黑白柯利犬，圆形复古徽章，安全字样，老化红色环，非常适合家庭、橱柜、冰箱、洗碗机、黑板,2.39,家居厨房用品,厨房用品,https://img.kwcdn.com/product/2123a61f7c/f441450c-0298-47d3-a1cd-d2dbc651c97a_800x800.jpeg,https://www.temu.com/search_result.html?search_key=605772788385493&search_method=user,912_无收录_去重训练库_无违禁.csv,False,,False,0
75,1.016373717437624,601103032492603,2D平面画，2D平面画，带木框的帆布画，描绘圣诞老人享受意大利美食。这款可打印的复古圣诞墙 आर्ट，带有田园风格的幽默感，非常适合怀旧的节日装饰。,12.22,家居厨房用品,墙面装饰,https://img.kwcdn.com/product/open/f1a94f7dda604466b8484b2c57e112e8-goods.jpeg,https://www.temu.com/search_result.html?search_key=601103032492603&search_method=user,912_无收录_去重训练库_无违禁.csv,False,,True,1
76,1.0131177769202868,606806113943059,39件森系绿色气球套装，深绿色、牛油果色、金色气球，适合森林风格复古、生日、婚礼、新娘送礼会、周年纪念、订婚，户外野餐，圣帕特里克节，复活节，毕业典礼,2.93,家居厨房用品,节日聚会用品,https://img.kwcdn.com/product/fancy/748107e8-4802-4db4-85e5-c2a0202202ab.jpg,https://www.temu.com/search_result.html?search_key=606806113943059&search_method=user,912_无收录_去重训练库_无违禁.csv,False,,False,0
77,1.0129947491725595,607474786628522,10个2D平面圆形兰花图案水晶玻璃冰箱磁铁，装饰磁铁，色彩鲜艳，表面光滑，适用于厨房冰箱、白板、橱柜，植物爱好者礼物，家居装饰,7.24,家居厨房用品,厨房用品,https://img.kwcdn.com/product/open/6c9beb0ce6ba46288a7f8263c2e5cda2-goods.jpeg,https://www.temu.com/search_result.html?search_key=607474786628522&search_method=user,912_无收录_去重训练库_无违禁.csv,False,,False,0
78,1.0115989664303964,601103834145827,1件，粉色奶牛生日图案装饰拱门背景布，可机洗，适用于招待会、毕业派对、周年庆典、宴会、季节性节日、餐厅聚会及舞台摄影,24.04,家居厨房用品,节日聚会用品,https://img.kwcdn.com/product/fancy/bdce5cc9-760b-4c12-af55-abce3b324d69.jpg,https://www.temu.com/search_result.html?search_key=601103834145827&search_method=user,912_无收录_去重训练库_无违禁.csv,False,,True,27
79,1.01120539539785,605855466495714,1件 阴阳猫咪磁性冰箱贴，含黑猫剪影与波西米亚花卉漩涡图案 - 圆形亚克力材质，适用于家居、橱柜、洗碗机、冰箱装饰，营造自然波西米亚氛围，带磁性底座可吸附黑板，厨房磁贴，2D平面款,2.34,家居厨房用品,厨房用品,https://img.kwcdn.com/product/217a7c4a1c/6c68e739-80a8-4816-b754-405c774cff7b_800x800.jpeg,https://www.temu.com/search_result.html?search_key=605855466495714&search_method=user,912_无收录_去重训练库_无违禁.csv,False,,False,0
80,1.0075261223557002,607329831479872,6件装枕套，和风侘寂风格抱枕套/靠垫套，做旧色块抽象图案装饰枕套，艺术复古主题，棕咖白配色，单面印花，拉链开合可机洗，材质,9.8,家居厨房用品,沙发装饰,https://img.kwcdn.com/product/open/7549acce90a440b4b19971d2355b96d8-goods.jpeg,https://www.temu.com/search_result.html?search_key=607329831479872&search_method=user,912_无收录_去重训练库_无违禁.csv,False,,False,15
81,1.007331143633992,607336273931050,23个色彩鲜艳的超大纸花球悬挂装饰，7种颜色混合的纸球，婚礼用品，天花板装饰，户外装饰，生日派个，乡村婚礼，毕业典礼，母亲节，周年纪念，春夏装饰,4.06,家居厨房用品,节日聚会用品,https://img.kwcdn.com/product/fancy/4bf50eda-be5e-4f53-8ee9-de77deca19d8.jpg,https://www.temu.com/search_result.html?search_key=607336273931050&search_method=user,912_无收录_去重训练库_无违禁.csv,False,,False,0
82,1.0049061129064367,606941405412067,130件套鼠尾草绿蓝色气球拱门花环套装，灰蓝色和米色气球，适用于婚礼、迎婴派个、生日、周年纪念和波西米亚派个装饰,7.44,家居厨房用品,节日聚会用品,https://img.kwcdn.com/product/fancy/db239e55-cf87-425f-8888-3813c43c21a1.jpg,https://www.temu.com/search_result.html?search_key=606941405412067&search_method=user,912_无收录_去重训练库_无违禁.csv,False,,False,17
83,1.0045778161512344,607135484203112,可定制照片软肚冰箱贴，个性化挤压磁贴，可爱厨房装饰品，非常适合家庭、办公室、房间装饰、厨房小工具及厨具,1.85,家居厨房用品,厨房用品,https://img.kwcdn.com/product/fancy/58526845-d9f6-4554-bb3a-ff0deeee4195.jpg,https://www.temu.com/search_result.html?search_key=607135484203112&search_method=user,912_无收录_去重训练库_无违禁.csv,False,,False,1
84,1.0026331134264648,607443916569178,睡眠月亮云朵搭配柔和蓝色星星2D平面印刷造型填充抱枕，非常适合沙发卧室客厅舒适家居装饰，适用于办公室和汽车，抱枕礼物,14.5,家居厨房用品,床上用品,https://img.kwcdn.com/product/open/6758a247333f436e9d28c4aac0b5b2ac-goods.jpeg,https://www.temu.com/search_result.html?search_key=607443916569178&search_method=user,912_无收录_去重训练库_无违禁.csv,False,,False,6
85,1.0016330461266991,601101256447063,定制刻字DIY不锈钢雕刻字母和个性化内容开瓶器钥匙链，时尚实用设计，是父亲或长辈的理想礼物，完美适合父亲节圣诞节礼物,12.2,家居厨房用品,餐厅用品,https://img.kwcdn.com/product/open/1201e563682e4386a0055bd3814d3a9c-goods.jpeg,https://www.temu.com/search_result.html?search_key=601101256447063&search_method=user,912_无收录_去重训练库_无违禁.csv,False,,True,0
86,1.0009953182842604,606923286010494,"1pcs趣味恐龙造型笔筒小摆件,铅笔收纳,充满创意的恐龙主题桌面装饰，白色、黑色、红色、蓝色、粉色、绿色、橙色多个颜色随机发,适合收纳笔\触控笔等小物件,为你的办公桌面增添新意,适用开学季，万圣节、圣诞节",3.53,家居厨房用品,家庭收纳,https://img.kwcdn.com/product/fancy/ff78bb31-be5d-4c6c-b751-daa6c55466ab.jpg,https://www.temu.com/search_result.html?search_key=606923286010494&search_method=user,912_无收录_去重训练库_无违禁.csv,False,,False,3
87,1.0007811964520086,601104759924363,两条条纹的大号烤箱手套，尺寸为10.6 x 6.7英寸，可承受高达446°F（230°C）的温度。这些耐用的手套非常适合厨房使用，提供卓越的保护，方便烹饪和烘焙。,8.94,家居厨房用品,餐厨布艺,https://img.kwcdn.com/product/open/dbb9afd86a4f4bdebb3f5ba6176b4545-goods.jpeg,https://www.temu.com/search_result.html?search_key=601104759924363&search_method=user,912_无收录_去重训练库_无违禁.csv,False,,False,1
88,1.0001094446844463,606729341400158,巧克力与托盘模型装饰 DIY迷你厨房/烘焙店场景装饰 家居摆件装饰,1.51,家居厨房用品,家居装饰,https://img.kwcdn.com/product/open/49df98b784ea4bbfa1f4c75acefac730-goods.jpeg,https://www.temu.com/search_result.html?search_key=606729341400158&search_method=user,912_无收录_去重训练库_无违禁.csv,False,,False,1
89,1.000098025540793,607473981333389,四个现代方形枕套，柔软舒适的聚酯纤维，机洗可用，适合卧室、客厅、沙发、汽车和办公室装饰，装饰性靠垫套，卧室配件，简易设计，光滑质感,7.44,家居厨房用品,沙发装饰,https://img.kwcdn.com/product/open/fd124474f73747d98dfc19ec55ac71e5-goods.jpeg,https://www.temu.com/search_result.html?search_key=607473981333389&search_method=user,912_无收录_去重训练库_无违禁.csv,False,,False,0
90,0.9986062998050752,607200982458727,4件装超大号可折叠收纳箱带盖与透明视窗 - 灰色条纹织物衣物整理箱 带提手 适用于衣柜、床上用品、毛毯及床下储物,10.97,家居厨房用品,衣橱收纳,https://img.kwcdn.com/product/fancy/0d00ab98-88a4-41ca-be0f-ac2464c9b54a.jpg,https://www.temu.com/search_result.html?search_key=607200982458727&search_method=user,912_无收录_去重训练库_无违禁.csv,False,,False,0
91,0.9981847138476296,601103977918491,3件套动物鹅绒床笠三件套（1*床笠+2*枕套，无芯），复活节主题，房间床上用品，床垫保护套柔软透气,25.58,家居厨房用品,床上用品,https://img.kwcdn.com/product/open/bf9fb8728fd34d8499c4103e2e96c8e2-goods.jpeg,https://www.temu.com/search_result.html?search_key=601103977918491&search_method=user,912_无收录_去重训练库_无违禁.csv,False,,False,5
92,0.9954278520728568,607130115484638,2D平面印花，4件套现代简约米色几何金线拼色主题装饰枕套，单面印花，桃皮绒仿麂皮柔软面料，拉链闭合，可机洗,6.8,家居厨房用品,沙发装饰,https://img.kwcdn.com/product/open/75bf816f11ca4616a98109cccbfa176b-goods.jpeg,https://www.temu.com/search_result.html?search_key=607130115484638&search_method=user,912_无收录_去重训练库_无违禁.csv,False,,False,1
93,0.9953428987623048,607354527546299,"Privacy Window Film One-Way Mirror, Daytime See Out Not in Static Cling for Home Glass, Heat Blocking Protection Removable",12.44,家居厨房用品,窗饰及配件,https://img.kwcdn.com/product/open/4826d9c3b1dd462884e3b2aef0806ac0-goods.jpeg,https://www.temu.com/search_result.html?search_key=607354527546299&search_method=user,912_无收录_去重训练库_无违禁.csv,False,,False,0
94,0.9953233799614364,607678529114398,"Indoor Window Bamboo Blinds, Bamboo Sun Shades | Easy to Install Roller Blinds for Homes, Terraces, And Porches",37.47,家居厨房用品,窗饰及配件,https://img.kwcdn.com/product/fancy/d94df877-928a-498c-9763-1e2c9fa5c227.jpg,https://www.temu.com/search_result.html?search_key=607678529114398&search_method=user,912_无收录_去重训练库_无违禁.csv,False,,False,0
95,0.9951079106359648,607691011394840,北欧几何植物主题抱枕套，4 件，几何色块、抽象叶片、简约线条艺术图案装饰枕套 / 靠枕套，单面印刷，涤纶材质，拉链闭合可机洗，多种尺寸可供选择，适用于圣诞节冬季厨房沙发、客厅、卧室、床品节日家居装饰，无枕芯,5.73,家居厨房用品,沙发装饰,https://img.kwcdn.com/product/open/ef425f99813b4603a65350089e4777be-goods.jpeg,https://www.temu.com/search_result.html?search_key=607691011394840&search_method=user,912_无收录_去重训练库_无违禁.csv,False,,False,7
96,0.9930481689715565,605923179333392,"1PC, 2D flat printing 可爱卡通笑脸爱心冰箱贴 3.15英寸x3.15英寸亚克力材质 家居装饰磁贴 厨房创意留言板贴 办公室磁性贴 房卡通装饰贴 节日礼物冰箱贴 强磁吸附冰箱贴",1.9,家居厨房用品,厨房用品,https://img.kwcdn.com/product/open/7c3ab9b8a39b47148ef356c3116ef1c8-goods.jpeg,https://www.temu.com/search_result.html?search_key=605923179333392&search_method=user,912_无收录_去重训练库_无违禁.csv,False,,False,181
97,0.9925602461687112,606813361636294,"Privacy Window Film One-Way Mirror, Daytime See Out Not in Static Cling for Home Glass, Heat Blocking Protection Removable",6.61,家居厨房用品,窗饰及配件,https://img.kwcdn.com/product/open/4826d9c3b1dd462884e3b2aef0806ac0-goods.jpeg,https://www.temu.com/search_result.html?search_key=606813361636294&search_method=user,912_无收录_去重训练库_无违禁.csv,False,,False,0
98,0.9896628879562932,606943418642097,"1件2D平面图案,圣诞窗贴玻璃静电贴纸，窗贴，玻璃贴画，窗户贴花金色圣诞花环球体饰品图案玻璃贴膜易安装可拆卸，防水贴纸，可重复使用个面可见|可移除的PVC节日防水贴纸，圣诞节玻璃窗户装饰贴纸 个面打印-浴室家居玻璃贴膜",1.66,家居厨房用品,窗饰及配件,https://img.kwcdn.com/product/open/02a23aa34be545f9bcc776bdc711a99b-goods.jpeg,https://www.temu.com/search_result.html?search_key=606943418642097&search_method=user,912_无收录_去重训练库_无违禁.csv,False,,False,17
99,0.9885071140206582,606877987471959,"4 Pack 2, 4, 6, 20.32 cm Round Aluminum Cake Molds with Detachable Base, Non-Stick Bakeware for Cheesecake And Layered Cakes, Professional Baking Tools for Wedding, Valentine And Birthday Parties",21.16,家居厨房用品,烘焙用品,https://img.kwcdn.com/product/open/e9c3f33f2e31462a9cc2d8f56b219963-goods.jpeg,https://www.temu.com/search_result.html?search_key=606877987471959&search_method=user,912_无收录_去重训练库_无违禁.csv,False,,False,0
100,0.987918353948483,607066093640654,8只装 8盎司（250毫升）带盖塑料挤压瓶 - 小型分装瓶，适用于胶水、粘合剂、厨房用途、手工艺品、美术用品、手工制作 - 精准计量，可手洗,4.93,家居厨房用品,餐厅用品,https://img.kwcdn.com/product/open/ad25ea4a673b4565b206d26f7ea01aa2-goods.jpeg,https://www.temu.com/search_result.html?search_key=607066093640654&search_method=user,912_无收录_去重训练库_无违禁.csv,False,,False,0
101,0.9878875931756615,607140852952555,1盒包含迷你贝壳、海螺和其他小型海洋装饰品约50pcs 随机。 适用于微景观装饰、海洋主题派个、婚礼、家居装饰、鱼缸和花瓶填充，以及手工制作,1.36,家居厨房用品,家居装饰,https://img.kwcdn.com/product/open/d3e0ce6e69bb4e86a5b6c162d5272bbe-goods.jpeg,https://www.temu.com/search_result.html?search_key=607140852952555&search_method=user,912_无收录_去重训练库_无违禁.csv,False,,False,5
102,0.9871067368738652,607325469401845,3pc条纹羽绒被套套件（1被套+2枕套，无填充物），条纹印花亲肤舒适透气面料，适用于四季卧室床上用品套件，单人床，双人床，多尺寸可选,9.42,家居厨房用品,床上用品,https://img.kwcdn.com/product/open/06a6ef7ff6d74a839482e64e3283ae05-goods.jpeg,https://www.temu.com/search_result.html?search_key=607325469401845&search_method=user,912_无收录_去重训练库_无违禁.csv,False,,False,38
103,0.9862437718161456,606825441266627,24pcs Popsicle Holder Bags Popsicle Sleeves Ice Pop Sleeves Reusable Ice Freezer Protective Cover,12.83,家居厨房用品,厨房用品,https://img.kwcdn.com/product/open/7aa5f2810af34962951042b5847902f9-goods.jpeg,https://www.temu.com/search_result.html?search_key=606825441266627&search_method=user,912_无收录_去重训练库_无违禁.csv,False,,False,1
104,0.9862361781874782,606666259038323,12/24/36/48/60只蜘蛛悬挂螺旋装饰，红蓝黑蜘蛛镂空箔纸飘带，恐怖蜘蛛主题派对用品，天花板悬挂饰品，适用于万圣节、生日派对、照相亭背景（随机卡片，随机颜色螺旋）,2.23,家居厨房用品,节日聚会用品,https://img.kwcdn.com/product/fancy/608bfbff-73c9-42f0-ae5c-cff991393b62.jpg,https://www.temu.com/search_result.html?search_key=606666259038323&search_method=user,912_无收录_去重训练库_无违禁.csv,False,,False,0
105,0.9840499459941644,607514917727008,"方形耐用磁铁冰箱贴, 透明玻璃, 厨房冰箱装饰, 可爱风格储物柜装饰, 家居氛围装饰, 磁吸彩色冰箱装饰, 持久光亮且坚固耐用, 方形图像, 家居客厅/办公室装饰, 冰箱门贴装饰, 厨房与家居装饰礼品",2.06,家居厨房用品,厨房用品,https://img.kwcdn.com/product/open/434b9273cb5a4245aca3ccab77300c2a-goods.jpeg,https://www.temu.com/search_result.html?search_key=607514917727008&search_method=user,912_无收录_去重训练库_无违禁.csv,False,,False,0
106,0.9837040941972272,607615446816947,4 件，秋季明快风格抱枕套，带枫叶松果纯色文字图案印花设计，秋日家居装饰枕套，拉链闭合方形靠垫套，柔软舒适，适用于厨房沙发、客厅、卧室、户外、床品节日装饰，不含枕芯，可机洗，单面印花,6.39,家居厨房用品,沙发装饰,https://img.kwcdn.com/product/open/261588fb1c5b4dd79b8036ac49612ebe-goods.jpeg,https://www.temu.com/search_result.html?search_key=607615446816947&search_method=user,912_无收录_去重训练库_无违禁.csv,False,,False,0
107,0.9804117249809678,606869062041744,"1件2D平面图案贴花,圣诞节装饰静电贴，窗贴，玻璃贴画， 窗户贴纸，圣诞装饰松枝彩球挂饰图案玻璃贴膜适用于卧室厨房浴室阳台窗户圣诞家居装饰，双面打印，可重复使用，可移除的PVC节日防水贴纸，完美的万圣，圣诞节派对装饰贴纸-玻璃贴膜",1.32,家居厨房用品,窗饰及配件,https://img.kwcdn.com/product/aisc_image/algo/opt/46d122c0/24dc64e6/029c8b4d7cfb4cdcb0722f18d1d28a7c-goods.jpeg,https://www.temu.com/search_result.html?search_key=606869062041744&search_method=user,912_无收录_去重训练库_无违禁.csv,False,,False,0
108,0.980358978506625,607064550163022,"1pc, Brown-haired Pacifier Child Decorative Wall Sticker, PVC Self-adhesive Removable, Modern Style Home Decorative Sticker, Suitable for Bedroom, Children's Room, Nursery, Kindergarten Wall Decoration, Room Decoration, DIY Sticker",0.69,家居厨房用品,家居装饰,https://img.kwcdn.com/product/open/1366f01a9357416394b165439967d5b1-goods.jpeg,https://www.temu.com/search_result.html?search_key=607064550163022&search_method=user,912_无收录_去重训练库_无违禁.csv,False,,False,0
109,0.980011499876781,607654235725624,1张8.5英寸魔幻雪景花环窗户贴纸，玻璃贴花，满满圣诞氛围，可移除无痕。非常适合装饰窗户、瓷砖、冰箱、汽车、笔记本电脑、墙壁等，是完美的礼物,3.36,家居厨房用品,窗饰及配件,https://img.kwcdn.com/product/fancy/83e7d575-e42d-4c99-9bd6-8fe556a49350.jpg,https://www.temu.com/search_result.html?search_key=607654235725624&search_method=user,912_无收录_去重训练库_无违禁.csv,False,,False,0
110,0.9797964861019182,606717798630601,8pcsC型紧固器+8pcs透明防滑条，床单紧固夹 被单床笠防滑器，适用于角落和床架，紧固不移位，隐形卡扣四角固定,5.79,家居厨房用品,床上用品,https://img.kwcdn.com/product/fancy/b9ae1b01-00bd-4aa2-b4bc-de1e93dbeaa5.jpg,https://www.temu.com/search_result.html?search_key=606717798630601&search_method=user,912_无收录_去重训练库_无违禁.csv,False,,False,3
111,0.9796515457922956,607372781143194,10件装平安十字架，宗教纪念口袋十字架，成人理想信仰纪念礼品,6.96,家居厨房用品,家居装饰,https://img.kwcdn.com/product/fancy/f7ccc4d1-6aea-4748-bbba-b9ee109c76c3.jpg,https://www.temu.com/search_result.html?search_key=607372781143194&search_method=user,912_无收录_去重训练库_无违禁.csv,False,,False,0
112,0.9778572368907334,601103182730807,三件套冬季雪花萌熊床品套装（1*床笠+2*枕套，无芯），圣诞冬季主题雪花图案床品，床垫保护罩柔软透气，卧室客房装饰,26.45,家居厨房用品,床上用品,https://img.kwcdn.com/product/open/da68b3e53ce94d0ca0f7c85c84b19e69-goods.jpeg,https://www.temu.com/search_result.html?search_key=601103182730807&search_method=user,912_无收录_去重训练库_无违禁.csv,False,,False,18
113,0.976363597258623,601105510273760,"Set of 92 Balloons And a 2D Flat Banner in Pink And Rose Golden, Featuring a Crown And Roses, Perfect for Birthday Party Decorations",14.01,家居厨房用品,节日聚会用品,https://img.kwcdn.com/product/open/30ad3f291a0c4256b95dc5654462f3ce-goods.jpeg,https://www.temu.com/search_result.html?search_key=601105510273760&search_method=user,912_无收录_去重训练库_无违禁.csv,False,,False,14
114,0.9698144285671284,601104717743109,提供两只大型烤箱手套，尺寸为10.6英寸 x 6.7英寸，采用几何设计。这些手套可以耐受高达446°F（230°C）的温度，是所有爱烹饪的人的理想选择。,9.96,家居厨房用品,餐厨布艺,https://img.kwcdn.com/product/open/05c1ece9a2e842e4b384f1462f3d2eb8-goods.jpeg,https://www.temu.com/search_result.html?search_key=601104717743109&search_method=user,912_无收录_去重训练库_无违禁.csv,False,,False,0
115,0.969369951455396,607412442499036,"1pc Winter Thick Plush Blanket, Ultra-Soft Sherpa Fleece Comforter, Warm Fluffy Bed Quilt with Double-Sided Cozy Fabric, Lightweight Breathable Bedding Cover for Bedroom, Sofa, Dormitory, And Guest Room",15.19,家居厨房用品,床上用品,https://img.kwcdn.com/product/open/d85a0c811b3d499198eae37ee7407730-goods.jpeg,https://www.temu.com/search_result.html?search_key=607412442499036&search_method=user,912_无收录_去重训练库_无违禁.csv,False,,False,4
116,0.9685580122905192,605841038117063,3件装大容量重型免钻孔壁挂式淋浴置物架 带2个挂钩 - 节省空间的浴室置物架收纳架 适用于淋浴间和厨房 易于安装的粘胶/螺丝固定系统 塑料材质 可收纳毛巾、洗浴用品,6.69,家居厨房用品,浴室用品,https://img.kwcdn.com/product/open/b95a08ab030c41abb8263ab9ea00e639-goods.jpeg,https://www.temu.com/search_result.html?search_key=605841038117063&search_method=user,912_无收录_去重训练库_无违禁.csv,False,,False,1
117,0.9639444504833272,607142396425599,4件套易用型窗户和门清洁套装 - 通用型小缝隙清洁刷！,7.55,家居厨房用品,清洁用品,https://img.kwcdn.com/product/open/4b2fbfb8f85e4911adf8b228cfe8062d-goods.jpeg,https://www.temu.com/search_result.html?search_key=607142396425599&search_method=user,912_无收录_去重训练库_无违禁.csv,False,,False,0
118,0.958973661795904,601104725444377,两只大号烤箱手套，尺寸为10.6 x 6.7英寸，采用波点水彩设计，能够耐受高达446°F（230°C）的温度。这些耐用的手套非常适合烹饪和烘焙，是送给男士和女士的理想礼物,10.49,家居厨房用品,餐厨布艺,https://img.kwcdn.com/product/open/caf1bc33aab34945874e381da24ea872-goods.jpeg,https://www.temu.com/search_result.html?search_key=601104725444377&search_method=user,912_无收录_去重训练库_无违禁.csv,False,,False,13
119,0.9556231992137184,607528876389523,二维平面印刷，1件无框帆布画，装饰画，伊斯兰书法图案设计，适用于卧室、客厅、办公室的室内墙面装饰，节日礼品装饰，无画框,10.4,家居厨房用品,墙面装饰,https://img.kwcdn.com/product/21f0661f40/c0b25e6d-9003-418d-a39f-791deb271287_800x800.jpeg,https://www.temu.com/search_result.html?search_key=607528876389523&search_method=user,912_无收录_去重训练库_无违禁.csv,False,,False,0
120,0.955487887089368,606600492346804,2D平面6片圆形木质杯垫 - 优雅波西米亚风，2D平面适用于各种杯子，桌面保护热冷饮，桌面装饰，非常适合家居装饰、乔迁礼物，10.16厘米，2D平面,2.14,家居厨房用品,餐厅用品,https://img.kwcdn.com/product/open/6066b395c95e4b229015da16835b651c-goods.jpeg,https://www.temu.com/search_result.html?search_key=606600492346804&search_method=user,912_无收录_去重训练库_无违禁.csv,False,,False,10
121,0.954873921688128,607338689824769,"12pcs Color Box Pack (6pcs 15.75X23.62inch And 2pcs 19.69X27.56inch And 2pcs 23.62X31.5inch And 2pcs 31.5X39.37inch) And New Gray Electric Pump, Vacuum Bag Set, with Electric Pump, PA And PE Material, Vacuum Compression Bag, Vacuum Storage Bag, Suitable for Pillows, Blankets",30.23,家居厨房用品,衣橱收纳,https://img.kwcdn.com/product/fancy/adc45a13-a957-4b4d-9347-9cddee6515fb.jpg,https://www.temu.com/search_result.html?search_key=607338689824769&search_method=user,912_无收录_去重训练库_无违禁.csv,False,,False,0
122,0.9525329357109344,606560176683029,2D平面1个可爱小狗冰箱磁铁，蓬松床上用品装饰冰箱磁铁，可爱动物冰箱装饰，柳条磁性亚克力冰箱磁铁，适合厨房家居装饰，耐用装饰品，2D平面,1.28,家居厨房用品,厨房用品,https://img.kwcdn.com/product/open/4fcb858d585d418da460629f0727a56a-goods.jpeg,https://www.temu.com/search_result.html?search_key=606560176683029&search_method=user,912_无收录_去重训练库_无违禁.csv,False,,False,6
123,0.951947287987251,606616598492791,秋季橙黄色南瓜刺绣毛绒枕套，非常适合万圣节、秋季、感恩节、丰收季家居装饰，30X50Cm，未填充，1个装，家居沙发床节日装饰,7.18,家居厨房用品,沙发装饰,https://img.kwcdn.com/product/fancy/492ffcc1-64a9-4617-931e-1d90eed8599c.jpg,https://www.temu.com/search_result.html?search_key=606616598492791&search_method=user,912_无收录_去重训练库_无违禁.csv,False,,False,0
124,0.9515265802851408,606432334322621,2D flat banner 1个大型19岁生日快乐横幅. 深蓝色银色气球聚酯纤维横幅. 19岁生日闪亮银色字体悬挂横幅. 巨大标志经典生日派个用品户外、室内、庭院、花园、门廊、草坪家居装饰,4.83,家居厨房用品,节日聚会用品,https://img.kwcdn.com/product/open/9a5813f49e41405599e8dfcbf50c37fa-goods.jpeg,https://www.temu.com/search_result.html?search_key=606432334322621&search_method=user,912_无收录_去重训练库_无违禁.csv,False,,False,1
125,0.9506350901796816,606729542702250,2D平面，2D平面，[海报和印刷品]蒙娜丽莎画布印刷海报，12-16英寸无框纺织墙面艺术，肖像方向，客厅，卧室，浴室，厨房家居装饰 - 装饰艺术品,1.64,家居厨房用品,墙面装饰,https://img.kwcdn.com/product/217a7c606c/e0c1f642-7955-413d-bf9d-72c85989abe3_800x800.jpeg,https://www.temu.com/search_result.html?search_key=606729542702250&search_method=user,912_无收录_去重训练库_无违禁.csv,False,,False,3
126,0.9501906322629604,606600626556992,壁挂式折叠衣架，带夹子 - 节省空间的设计，用于高效的洗衣和浴室组织，耐用的塑料结构，毛巾挂钩和衣物晾衣架，晾衣架,2.31,家居厨房用品,家庭收纳,https://img.kwcdn.com/product/open/5a6838045136456d9a5d9d5a8b70f259-goods.jpeg,https://www.temu.com/search_result.html?search_key=606600626556992&search_method=user,912_无收录_去重训练库_无违禁.csv,False,,False,0
127,0.9498337703184848,606146333106741,8个装马卡龙色装饰抱枕套，拉链闭合，可机洗，适用于沙发、卧室、露台等场所（不含内芯）,18.99,家居厨房用品,床上用品,https://img.kwcdn.com/product/open/df3a5a1095564081b97dc46b16245062-goods.jpeg,https://www.temu.com/search_result.html?search_key=606146333106741&search_method=user,912_无收录_去重训练库_无违禁.csv,False,,False,27
128,0.949761071780045,601103591419601,"2D Flat, 1pc Vintage Rabbit & Floral Metal Wall Sign - Heavy-Duty Iron Farmhouse Rabbit Decor with Cute Bunnies, 4x16 Inch Indoor/Outdoor Rustic Barn Door Hanging Decoration Suitable for Garden,, Kitchen - Durable Rabbit-Themed Art, 2D Flat",7.68,家居厨房用品,家居装饰,https://img.kwcdn.com/product/fancy/81d24c4c-4f43-451d-98a5-839b9d04a655.jpg,https://www.temu.com/search_result.html?search_key=601103591419601&search_method=user,912_无收录_去重训练库_无违禁.csv,False,,True,0
129,0.9495366165410928,607462304397963,"可爱黑白波点提手无纺布收纳盒-现代白粉配色散口无纺布整理盒,耐用无纺布布料桌面收纳。 适用于学校、办 公室、梳妆台、置物架-家居装饰、化妆品、手工艺品整理波点款，无纺布收纳篮、无纺布桌面整理盒、无纺布置物架收纳篮",2.29,家居厨房用品,家庭收纳,https://img.kwcdn.com/product/fancy/53f4a6f9-7d9b-4c0e-af75-2be895672833.jpg,https://www.temu.com/search_result.html?search_key=607462304397963&search_method=user,912_无收录_去重训练库_无违禁.csv,False,,False,6
130,0.9478167697253176,607263125293989,"方形耐用磁铁冰箱贴, 厨房冰箱装饰, 可爱风格储物柜装饰, 透明玻璃, 家居氛围装饰, 磁吸彩色冰箱装饰, 方形图像, 家居客厅/办公室装饰, 冰箱门贴装饰, 时尚纪念品, 女朋友礼物",2.26,家居厨房用品,厨房用品,https://img.kwcdn.com/product/open/eaec23619359405ebf4133daeb79cff2-goods.jpeg,https://www.temu.com/search_result.html?search_key=607263125293989&search_method=user,912_无收录_去重训练库_无违禁.csv,False,,False,0
131,0.9464032824377469,601104738361599,2只装 10.6*6.7英寸 马匹插画风格大号烤箱手套 耐高温446°F/230°C 耐用耐热大号烤箱手套 男女皆宜的理想厨房礼物 烹饪防护工具 烘焙爱好者必备 完美适用于厨房,9.29,家居厨房用品,餐厨布艺,https://img.kwcdn.com/product/open/17aae5b2e6114d348af9355495ddf8f6-goods.jpeg,https://www.temu.com/search_result.html?search_key=601104738361599&search_method=user,912_无收录_去重训练库_无违禁.csv,False,,True,2
132,0.9462694560422829,605970507903517,1条粉彩蝴蝶和花卉桌旗 - 长方形设计，非常适合厨房、餐厅或咖啡桌装饰，采用精致的昆虫和花卉图案，是一款时尚的春季家居装饰品，适用于书桌。,4.48,家居厨房用品,餐厅用品,https://img.kwcdn.com/product/fancy/2b82e882-3452-44f4-8f3e-ff52b38bdea2.jpg,https://www.temu.com/search_result.html?search_key=605970507903517&search_method=user,912_无收录_去重训练库_无违禁.csv,False,,False,9
133,0.9453903543963034,606685586403727,1/4/6PCS矩形餐垫-18x12英寸 太阳能仿真花朵户外2D元素图案设计 易清洗的餐桌隔热垫 耐用耐热桌垫 适用于家庭聚会、餐厅和厨房餐桌的装饰,1.31,家居厨房用品,餐厨布艺,https://img.kwcdn.com/product/open/732dac3853324bd3b236728a2ee93100-goods.jpeg,https://www.temu.com/search_result.html?search_key=606685586403727&search_method=user,912_无收录_去重训练库_无违禁.csv,False,,False,0
134,0.9442237112494664,601104701211639,两只大号烤箱手套，尺寸为10.6英寸 x 6.7英寸，采用蓝色花卉艺术装饰设计。这些手套是送给爱烘焙的男女的绝佳厨房礼物。它们耐用且能够承受高达446°F（230°C）的高温。,8.69,家居厨房用品,餐厨布艺,https://img.kwcdn.com/product/open/c8661697806f49cca9830b207a423a70-goods.jpeg,https://www.temu.com/search_result.html?search_key=601104701211639&search_method=user,912_无收录_去重训练库_无违禁.csv,False,,False,5
135,0.9435208204247232,601103343086646,【JIT商品】1件特大号圣诞门垫 - 毛绒地垫，配有绿色和金色铃铛、冬青叶、金色边饰 - 室内/室外入口垫，适用于前门、客厅、厨房 - 深绿色奢华地板装饰 - 节日家居装饰和圣诞装饰的理想选择 - 可机洗 - 节日花环和铃铛设计 - 耐用且易于清洁，适合室内外使用，高级法兰绒+1cm厚度+防滑背胶+每平方公尺超过400克,23.78,家居厨房用品,地毯地垫,https://img.kwcdn.com/product/fancy/285a98c5-d854-4aea-b3a2-137662f66c37.jpg,https://www.temu.com/search_result.html?search_key=601103343086646&search_method=user,912_无收录_去重训练库_无违禁.csv,False,,True,0
136,0.943072240400694,607177360138176,4 件，复古做旧木拼风抱枕套，带深浅棕米仿木板拼接纹理图案印花设计，日常家居装饰枕套，拉链闭合方形靠垫套，柔软舒适，适用于厨房沙发、客厅、卧室、户外、床品节日装饰，不含枕芯，可机洗，单面印花,5.57,家居厨房用品,沙发装饰,https://img.kwcdn.com/product/open/38d31009ae9a4081a0e2e1cb57715a5d-goods.jpeg,https://www.temu.com/search_result.html?search_key=607177360138176&search_method=user,912_无收录_去重训练库_无违禁.csv,False,,False,0
137,0.942834151161474,601101734361079,50/100 张耐油格纹蜡纸 - 红白网格图案一次性食品包装纸适用于三明治、汉堡、炸鸡 - 家庭和餐厅使用的耐用厨房用品,2.68,家居厨房用品,烘焙用品,https://img.kwcdn.com/product/open/2024-09-25/1727266790001-75f59736667c4383bcee1c910b039f9e-goods.jpeg,https://www.temu.com/search_result.html?search_key=601101734361079&search_method=user,912_无收录_去重训练库_无违禁.csv,False,,False,1
138,0.9394628381387728,606806113925755,4 件，秋季感恩节主题抱枕套，2D 平面印刷，带大地色系格纹千鸟格条纹图案印花设计，复古乡村风格家居装饰枕套，拉链闭合方形靠垫套，柔软舒适，适用于厨房沙发、客厅、卧室、户外、床品节日装饰，不含枕芯，可机洗，单面印花,5.62,家居厨房用品,沙发装饰,https://img.kwcdn.com/product/open/f2c943fb78494aa4b79c3a9d780765a0-goods.jpeg,https://www.temu.com/search_result.html?search_key=606806113925755&search_method=user,912_无收录_去重训练库_无违禁.csv,False,,False,0
139,0.9380864304099596,605645013113669,2D平面画作 1幅 现代幽默恶搞蒙娜丽莎海报 - 无框竖版 适用于家庭办公室、浴室、客厅装饰 窄空间现代竖版帆布画 极简意大利标志性装饰画,2.59,家居厨房用品,墙面装饰,https://img.kwcdn.com/product/open/f8bee3e9355b44a1abcccef2b746cf96-goods.jpeg,https://www.temu.com/search_result.html?search_key=605645013113669&search_method=user,912_无收录_去重训练库_无违禁.csv,False,,False,2
140,0.9378483794801944,606172488805755,"2D平面，2D平面，[2D平面] 1件无框2D艺术印刷品，12"" X 16"" 纽约城市天际线海报，世界贸易中心1号楼帆布墙面装饰，现代建筑家居礼品，趣味粉色城市艺术",4.71,家居厨房用品,墙面装饰,https://img.kwcdn.com/product/aisc_image/algo/opt/6b3170c0/3b2e2366/Tf2lba61101ba67c54eaf9fad1f81c5a641da-goods.jpeg,https://www.temu.com/search_result.html?search_key=606172488805755&search_method=user,912_无收录_去重训练库_无违禁.csv,False,,False,0
141,0.9371361092404912,601099523255495,1件天然水晶宝石工艺品，鬼像，万圣节装饰装饰品，帽子鬼雕男孩的女孩礼物,3.19,家居厨房用品,家居装饰,https://img.kwcdn.com/product/open/2023-08-11/1691747821525-d31525578dd64fb0bf29c70481977108-goods.jpeg,https://www.temu.com/search_result.html?search_key=601099523255495&search_method=user,912_无收录_去重训练库_无违禁.csv,False,,True,41
142,0.9357388853054948,605502624917458,2D平面，2D平面 - 2D门帆旗 1件装 2D平面门帆旗，2026新年法式横幅，2026金色和黑色派个装饰，适用于客厅和卧室门装饰，庭院装饰，摄影背景，派个装饰,4.8,家居厨房用品,节日聚会用品,https://img.kwcdn.com/product/open/3c506ada3ad14b34b59a385634d6535d-goods.jpeg,https://www.temu.com/search_result.html?search_key=605502624917458&search_method=user,912_无收录_去重训练库_无违禁.csv,False,,False,0
143,0.9346918220113588,606713503658066,4 件，现代简约抽象风格抱枕套，带几何色块圆弧线条图案印花设计，日常家居装饰枕套，拉链闭合方形靠垫套，柔软舒适，适用于厨房沙发、客厅、卧室、户外、床品节日装饰，不含枕芯，可机洗，单面印花,5.53,家居厨房用品,沙发装饰,https://img.kwcdn.com/product/open/8e20848024d4406ebe1d6ff26aa9e16c-goods.jpeg,https://www.temu.com/search_result.html?search_key=606713503658066&search_method=user,912_无收录_去重训练库_无违禁.csv,False,,False,0
144,0.9339979183385976,607569208819579,"2D平面, 2D平面, 1件, 2D, 欧几里得海报艺术印刷品, 水彩鸟类绘画墙面装饰, 艺术家签名, 无框, 12X16, 完美房间装饰",7.98,家居厨房用品,墙面装饰,https://img.kwcdn.com/product/fancy/0f8ae48b-cc3a-451f-bc27-e5cdd08be8d2.jpg,https://www.temu.com/search_result.html?search_key=607569208819579&search_method=user,912_无收录_去重训练库_无违禁.csv,False,,False,0
145,0.9326445992528763,607357748788596,2D平面贴纸，9英寸一品红红果松果圣诞花卉装饰贴，适用于墙壁、门、窗户、玻璃，家居及店铺装饰贴纸，2D平面款,1.2,家居厨房用品,窗饰及配件,https://img.kwcdn.com/product/fancy/4407f3eb-7199-4d98-a1e4-48826ab4eadf.jpg,https://www.temu.com/search_result.html?search_key=607357748788596&search_method=user,912_无收录_去重训练库_无违禁.csv,False,,False,0
146,0.9315130028435872,601102523531966,"2D Flat, 2D Flat - Vintage Metal Sign ""Attention Mon Chien Court Le 400m En 10 Seconds"" - Humorous Wall Decor for Home, Bar, Cafe, 8x12 Inches, French Text, Iron Material, No Power Needed, Cafe Decoration|Vintage Sign|Iron Construction, Metal Wall Art Deco, 2D Flat",7.93,家居厨房用品,家居装饰,https://img.kwcdn.com/product/fancy/317b3f42-f3e3-4d47-acc7-d46f1368f493.jpg,https://www.temu.com/search_result.html?search_key=601102523531966&search_method=user,912_无收录_去重训练库_无违禁.csv,False,,True,35
147,0.9306040269758366,607336273931858,人生第一个圣诞节定制亚克力挂件，可自定义名字 2D 亚克力圣诞挂饰1. 挂家庭圣诞树上，纪念人生第一次圣诞节；粉 / 蓝两款对应女宝、男宝。：挂汽车后视镜，新生儿家庭车内装饰。,2.72,家居厨房用品,节日饰品,https://img.kwcdn.com/product/fancy/a5c732a4-e9ad-4c76-8102-5431a5083ddf.jpg,https://www.temu.com/search_result.html?search_key=607336273931858&search_method=user,912_无收录_去重训练库_无违禁.csv,False,,False,4
148,0.9235548511821756,601104743353170,2只装 10.6*6.7英寸月亮图案烘焙手套 耐高温446°F（230°C） 加厚隔热大号烤箱手套 多功能厨房防护工具 男女适用 烘焙爱好者必备,7.33,家居厨房用品,餐厨布艺,https://img.kwcdn.com/product/open/0c98897771d04e12850097f70fcd85c6-goods.jpeg,https://www.temu.com/search_result.html?search_key=601104743353170&search_method=user,912_无收录_去重训练库_无违禁.csv,False,,False,0
149,0.921093278649441,606839399924813,4 层白色框架垂直透明抽屉梳妆台储物柜，可爱的兔子形状拉片多层柜台盒,8.4,家居厨房用品,家庭收纳,https://img.kwcdn.com/product/fancy/41c13256-42d3-4a52-9acf-7d0ebaac96d7.jpg,https://www.temu.com/search_result.html?search_key=606839399924813&search_method=user,912_无收录_去重训练库_无违禁.csv,False,,False,0
150,0.9198111386012272,605727959696616,1pc 2D 平面印刷 柠檬藤蔓绿叶装饰 窗贴创意 自粘可移除个面可视 PVC 玻璃贴，客厅卧室餐厅门窗玻璃美化装饰贴,2.29,家居厨房用品,窗饰及配件,https://img.kwcdn.com/product/open/464b0a2fed7341b5b8feb4ac1981b259-goods.jpeg,https://www.temu.com/search_result.html?search_key=605727959696616&search_method=user,912_无收录_去重训练库_无违禁.csv,False,,False,2
151,0.9197652066860746,606779001949896,"Privacy Window Film Featuring One-Way Mirror Privacy, No-Glue Static Attachment, Heat Shield for House Glass",8.83,家居厨房用品,窗饰及配件,https://img.kwcdn.com/product/open/b95fab3067eb48c8b0f1ee4a02d3f6c8-goods.jpeg,https://www.temu.com/search_result.html?search_key=606779001949896&search_method=user,912_无收录_去重训练库_无违禁.csv,False,,False,0
152,0.9195343625469046,607519749552226,"Mini Heavy-Duty Hook Clip Set Metal Curtain Hook Clips for Photo Home Decor Art Display, Utility Hooks",3.48,家居厨房用品,家庭收纳,https://img.kwcdn.com/product/open/26d13154cefa402badcbbfdf597f7d9f-goods.jpeg,https://www.temu.com/search_result.html?search_key=607519749552226&search_method=user,912_无收录_去重训练库_无违禁.csv,False,,False,6
153,0.9189045628997136,607589677020792,4 件，秋日乡村风景抱枕套，带秋日枫叶长椅自行车梯子秋收田园风景文字图案印花设计，感恩节家居装饰枕套，拉链闭合方形靠垫套，柔软舒适，适用于厨房沙发、客厅、卧室、户外、床品节日装饰，不含枕芯，可机洗，单面印花,5.32,家居厨房用品,沙发装饰,https://img.kwcdn.com/product/open/49a5759a839149f6902ebe8ca8d0aefc-goods.jpeg,https://www.temu.com/search_result.html?search_key=607589677020792&search_method=user,912_无收录_去重训练库_无违禁.csv,False,,False,0
154,0.917800539283626,605575102443375,2D平面，2D平面，1件2D平面印刷品，包含波西米亚风格的洗衣主题艺术海报，无框帆布墙面装饰，适用于家庭，适合房间、浴室和厨房。这些包括复活节、春季和夏季海报,2.4,家居厨房用品,墙面装饰,https://img.kwcdn.com/product/open/0a4f3ad5f88340e1a6b2a167f7271b59-goods.jpeg,https://www.temu.com/search_result.html?search_key=605575102443375&search_method=user,912_无收录_去重训练库_无违禁.csv,False,,False,1
155,0.9173661298650354,605960223472230,2D flat banner，1PCA TRENT TWINS 有趣健身个子旗 | 爱国美式国旗设计，特色肌肉运动员，采用厚磅聚酯纤维制成，配有4个挂钩，易于悬挂，非常适合户外花园、草坪和露台,3.76,家居厨房用品,节日聚会用品,https://img.kwcdn.com/product/fancy/d8d87886-80d1-4450-bf9e-296432d0cbd2.jpg,https://www.temu.com/search_result.html?search_key=605960223472230&search_method=user,912_无收录_去重训练库_无违禁.csv,False,,False,3
156,0.9166335138387084,601104814169422,2只装 10.6*6.7英寸 梦幻蘑菇图案大号烤箱手套 耐高温446°F/230°C 经久耐用 理想厨房礼品 适用于烹饪烘焙防护工具 男女及烘焙爱好者女士皆宜,8.03,家居厨房用品,餐厅用品,https://img.kwcdn.com/product/open/b5e8810af2bb4abe97690fb1f569d02d-goods.jpeg,https://www.temu.com/search_result.html?search_key=601104814169422&search_method=user,912_无收录_去重训练库_无违禁.csv,False,,False,0
157,0.9155994715073212,607614104640526,"2D Flat, 2D Flat Rotating  Statue - Rotating Base, Elegant Religious Decoration, Suitable for Home Altars, Chapels, Christmas, Easter, Weddings - No Electricity Required - Perfect Gift for Catholic Women and Clergy, Holiday Decor, Classic Exquisite",0.94,家居厨房用品,节日饰品,https://img.kwcdn.com/product/open/d4264d97c7ad413399070a952bd38a82-goods.jpeg,https://www.temu.com/search_result.html?search_key=607614104640526&search_method=user,912_无收录_去重训练库_无违禁.csv,False,,False,13
158,0.9151911793659744,607538137396370,4 件，秋季文艺风格抱枕套，带文字标语向日葵南瓜图案印花设计，感恩节家居装饰枕套，拉链闭合方形靠垫套，柔软舒适，适用于厨房沙发、客厅、卧室、户外、床品节日装饰，不含枕芯，可机洗，单面印花,5.53,家居厨房用品,沙发装饰,https://img.kwcdn.com/product/open/2b8628ba1bdb4944b8a92753f3566fc2-goods.jpeg,https://www.temu.com/search_result.html?search_key=607538137396370&search_method=user,912_无收录_去重训练库_无违禁.csv,False,,False,0
159,0.914855051199456,606713101019844,"4/6pcs Bark Texture Jacquard Fleece Dining Chair Covers, Mid-Back Chair Protectors, Elastic Fit for All Seasons",14.83,家居厨房用品,沙发装饰,https://img.kwcdn.com/product/fancy/530fe632-3636-482f-a752-cfbef77f5845.jpg,https://www.temu.com/search_result.html?search_key=606713101019844&search_method=user,912_无收录_去重训练库_无违禁.csv,False,,False,0
160,0.9147979847360056,607454653948283,高级感大理石纹防水自粘乙烯基墙纸壁画，非常适合浴室、厨房和客厅墙壁翻新、橱柜和家具改造，防水耐用，无需胶水即可轻松安装，家居装饰,7.78,家居厨房用品,墙面装饰,https://img.kwcdn.com/product/fancy/6d821b4b-026e-49ee-a4f3-6cb0a631742f.jpg,https://www.temu.com/search_result.html?search_key=607454653948283&search_method=user,912_无收录_去重训练库_无违禁.csv,False,,False,0
161,0.9118516492285976,606144252756057,英雄主题床上用品套装，包含一个床笠和两个枕套，设计透气，非常适合动作冒险爱好者,25.61,家居厨房用品,床上用品,https://img.kwcdn.com/product/open/be8901125c6a4524b69406e210a2a901-goods.jpeg,https://www.temu.com/search_result.html?search_key=606144252756057&search_method=user,912_无收录_去重训练库_无违禁.csv,False,,False,11
162,0.9118320484171016,601104782523117,"2件 10.6*6.7英寸 砧板线条艺术 耐用耐高温 可承受446°F/230°C 理想的厨房礼物 适合男士和女士 烹饪保护工具 烘焙爱好者的完美选择 大号烤箱手套 qC, 烘焙必备品,时尚手套,功能配件,可洗手套,专业厨师",8.2,家居厨房用品,餐厅用品,https://img.kwcdn.com/product/open/43bc441b6b704ecc9f2e84faedae9554-goods.jpeg,https://www.temu.com/search_result.html?search_key=601104782523117&search_method=user,912_无收录_去重训练库_无违禁.csv,False,,False,0
163,0.9116274520246564,606569504801502,3件套手工浴室地垫套装 - 防滑加厚法兰绒地垫，PVC背衬，天然木纹印花，柔软保暖，适用于玄关、卧室、客厅装饰，可机洗（无滑倒风险），2D平面印花,15.69,家居厨房用品,地毯地垫,https://img.kwcdn.com/product/fancy/8dab5ff2-542e-47d3-b8ad-8886b8b7ee99.jpg,https://www.temu.com/search_result.html?search_key=606569504801502&search_method=user,912_无收录_去重训练库_无违禁.csv,False,,False,0
164,0.90971016338516,606733099474834,6件2寸黑色 4D 镜面铝膜气球套装 带长款流苏飘带 生日派个聚会场景布置装饰用品,4.16,家居厨房用品,节日聚会用品,https://img.kwcdn.com/product/open/0ff25e1cf5df4103a862ab8149171e13-goods.jpeg,https://www.temu.com/search_result.html?search_key=606733099474834&search_method=user,912_无收录_去重训练库_无违禁.csv,False,,False,0
165,0.9094914803761333,605529049021213,2D平面简约弧线法兰绒防滑马桶垫套装，柔软质地，优雅设计，适用于浴室、卧室、玄关、客厅，3件套,8.7,家居厨房用品,地毯地垫,https://img.kwcdn.com/product/fancy/449486a1-66bb-48ba-8559-22a3668f4264.jpg,https://www.temu.com/search_result.html?search_key=605529049021213&search_method=user,912_无收录_去重训练库_无违禁.csv,False,,False,0
166,0.9079812797601134,606034043185322,2D平面，2D平面 - 2D平面，定制2D平面横幅 - 1件个性化定制姓名西班牙语“生日快乐”背景布，多功能派个墙壁挂毯装饰，适用于各种场合图案派个装饰,9.77,家居厨房用品,节日聚会用品,https://img.kwcdn.com/product/fmket/d4d1df66fe0eeb5fd0d2a6740fcb3287.jpg,https://www.temu.com/search_result.html?search_key=606034043185322&search_method=user,912_无收录_去重训练库_无违禁.csv,False,,False,5
167,0.9073823287315806,605780304587475,1个意式主题磁性冰箱贴，适用于家庭、橱柜、冰箱和洗碗机——乡村风包裹固定架，带“请将包裹放在此处，谢谢”字样、堆叠包裹与向下箭头图案、蓝色蝴蝶装饰、亚克力磁性吸附头，二维平面款式,2.4,家居厨房用品,厨房用品,https://img.kwcdn.com/product/217a7c11ee/856f34e0-9cc3-4ccb-8042-d7df762b6de2_800x800.jpeg,https://www.temu.com/search_result.html?search_key=605780304587475&search_method=user,912_无收录_去重训练库_无违禁.csv,False,,False,0
168,0.9065887368953264,606644784186005,4 件，森林萌趣动物风抱枕套，带小鹿熊狐狸浣熊刺猬林间小动物图案印花设计，家居装饰枕套，拉链闭合方形靠垫套，柔软舒适，适用于厨房沙发、客厅、卧室、户外、床品节日装饰，不含枕芯，可机洗，单面印花,5.32,家居厨房用品,沙发装饰,https://img.kwcdn.com/product/open/41661f190d024bea89d7f9242493ee65-goods.jpeg,https://www.temu.com/search_result.html?search_key=606644784186005&search_method=user,912_无收录_去重训练库_无违禁.csv,False,,False,0
169,0.906495273739092,606757258632788,1个新款粉色开罐器，保护您的指甲。钥匙链防丢，易于携带。适合家庭聚会、露营和野餐。创意开罐器，精致钥匙挂件,0.88,家居厨房用品,厨房用品,https://img.kwcdn.com/product/fancy/c959468c-6b0a-4503-8e6a-831247a0ad8a.jpg,https://www.temu.com/search_result.html?search_key=606757258632788&search_method=user,912_无收录_去重训练库_无违禁.csv,False,,False,8
170,0.9056122951888218,605926065053265,15张自粘SXP墙贴和地板贴，30x30cm 大理石地板贴，乙烯基PVC地板，剥皮粘贴，带铝箔，适用于所有室内区域,21.19,家居厨房用品,家居装饰,https://img.kwcdn.com/product/open/c234e4418c9b41f2bc2736251cd5ae31-goods.jpeg,https://www.temu.com/search_result.html?search_key=605926065053265&search_method=user,912_无收录_去重训练库_无违禁.csv,False,,False,0
171,0.904411903156016,601102792899531,1幅鸟与心墙饰海报 - 极简现代风格鸟与心主题印刷品，适用于卧室装饰 - 中性色调鸟与心绘画，无框帆布壁画，画廊艺术，完美节日礼物，2D平面设计，理想房间装饰选择,4.22,家居厨房用品,墙面装饰,https://img.kwcdn.com/product/open/6ccb59b67fe541e597bd47ec9b84c1d0-goods.jpeg,https://www.temu.com/search_result.html?search_key=601102792899531&search_method=user,912_无收录_去重训练库_无违禁.csv,False,,False,8
172,0.9035432238894128,601104805480044,2只装 10.6*6.7英寸 秋季灵感烤箱手套 耐高温446°F/230°C 耐用耐高温大号烤箱手套 男女烘焙爱好者的理想厨房礼物 必备烹饪防护工具 完美适用于厨房 Durab Wm,7.01,家居厨房用品,餐厅用品,https://img.kwcdn.com/product/open/b856cd701ec943f8a3a2f2acf5158ea6-goods.jpeg,https://www.temu.com/search_result.html?search_key=601104805480044&search_method=user,912_无收录_去重训练库_无违禁.csv,False,,False,0
173,0.9035229802596948,607354930168209,1PC 风车沙 异型四季通用发垫套罩靠背巾，家居宠物狗友好， 防滑可水洗家具保护垫，卧室、办公室、客厅家居装饰，不包括靠背、扶手、抱枕套,10.7,家居厨房用品,沙发装饰,https://img.kwcdn.com/product/fancy/069928a3-5a20-47bd-8535-c8c5473169ce.jpg,https://www.temu.com/search_result.html?search_key=607354930168209&search_method=user,912_无收录_去重训练库_无违禁.csv,False,,False,0
174,0.9017326062137806,601102862095242,个性化的象和花朵毛毯，非常适合露营和旅行。是一款舒适轻便的毯子，非常适合作为节日礼物送给爱人，适合所有季节，既可以在沙发上也可以在床上使用。,8.92,家居厨房用品,毯子,https://img.kwcdn.com/product/open/928cf96feb8d461b94b720ec9356e440-goods.jpeg,https://www.temu.com/search_result.html?search_key=601102862095242&search_method=user,912_无收录_去重训练库_无违禁.csv,False,,True,2
175,0.8996236130307368,607413851792317,"3pcs Bear-Shaped Cookie Cake Mold Cartoon Stainless Steel Baking Tool Set, 430 Stainless Steel Baking Mold Bear Head Shape Cookie Mold, Cartoon 3D Cookie Mold, Bear Cookie Mold",1.12,家居厨房用品,烘焙用品,https://img.kwcdn.com/product/fancy/02bbd1b8-a3cc-4bf1-9cba-0c502ec67f5c.jpg,https://www.temu.com/search_result.html?search_key=607413851792317&search_method=user,912_无收录_去重训练库_无违禁.csv,False,,False,4
176,0.8990351357973133,607212525178762,2D 平面，4 件，米色花卉叶子几何纹样印花抱枕套，北欧简约风格家居装饰枕套，送给家人，朋友和合作伙伴的礼物，拉链闭合靠垫套，有多个尺寸可供选择，适用于厨房沙发、客厅、卧室、户外、床品节日装饰，不含枕芯，可机洗，单面印花。,5.91,家居厨房用品,沙发装饰,https://img.kwcdn.com/product/open/d8a4ff3858374033b6aba28dce74a39a-goods.jpeg,https://www.temu.com/search_result.html?search_key=607212525178762&search_method=user,912_无收录_去重训练库_无违禁.csv,False,,False,6
177,0.8976581547113223,606796181813479,可定制人像捏捏肚亚克力冰箱贴， Q 弹软肚防撞冰箱贴， 情侣亲子父母纪念， 母亲节父亲节趣味家居小礼物，/厨房用具和小工具/厨房用具,2.28,家居厨房用品,厨房用品,https://img.kwcdn.com/product/fancy/e165ab18-02de-442b-b5bb-19de9f524c95.jpg,https://www.temu.com/search_result.html?search_key=606796181813479&search_method=user,912_无收录_去重训练库_无违禁.csv,False,,False,0
178,0.8974210655192368,601105327214113,两只大型烤箱手套，采用地道犬波普艺术图案，尺寸为10.6 x 6.7英寸，可耐受高达446°F（230°C）的温度。它们耐用，非常适合烘焙、烹饪、烧烤。,8.49,家居厨房用品,餐厅用品,https://img.kwcdn.com/product/open/b19a4a1637f446e6af488ce259e39a6a-goods.jpeg,https://www.temu.com/search_result.html?search_key=601105327214113&search_method=user,912_无收录_去重训练库_无违禁.csv,False,,False,0
179,0.8964072891461794,607210914596797,1件橄榄绿纹理风格法兰绒毯-柔软四季通用舒适盖毯，橄榄绿与棕色调，耐用涤纶100，可机洗，适用于床，沙发，旅行，露营，家居,10.67,家居厨房用品,毯子,https://img.kwcdn.com/product/open/400bce5af9164e6db4efeea192b6cc49-goods.jpeg,https://www.temu.com/search_result.html?search_key=607210914596797&search_method=user,912_无收录_去重训练库_无违禁.csv,False,,False,4
180,0.8946209622340623,607652759359738,1pc粉色蛛网转角万圣节窗贴，柔和哥特风-转角蜘蛛网带悬挂糖果与爱心蜘蛛个面图案，美学仿彩色玻璃无胶易撕静电贴花，适合化妆镜，公寓租客，房间阳台，玻璃窗户，宿舍寝室粉色主题派个，瞬间打造恐怖万圣甜心氛围,2.35,家居厨房用品,窗饰及配件,https://img.kwcdn.com/product/open/bd16e750ba6c4c748eac848bd0500298-goods.jpeg,https://www.temu.com/search_result.html?search_key=607652759359738&search_method=user,912_无收录_去重训练库_无违禁.csv,False,,False,4
181,0.8936603971777405,606701625425970,1pc复古青铜色花仙子摆件 欧式坐姿仙女树脂雕塑 卧室床头柜 / 书房书架 / 客厅茶桌氛围感软装 乔迁新居 / 生日礼赠 家居装饰治愈系天使摆件,4.36,家居厨房用品,节日饰品,https://img.kwcdn.com/product/fancy/7e27194d-a84c-4886-ad2a-c9bc9d6325da.jpg,https://www.temu.com/search_result.html?search_key=606701625425970&search_method=user,912_无收录_去重训练库_无违禁.csv,False,,False,1
182,0.8936435582298076,607191318819731,"119.99cm Artificial Palm Tree with 23 Realistic Leaves, Tropical Floor Fake Greenery for Living Room, Bedroom, Garden, Party, Hotel, And Pool Decor",9.25,家居厨房用品,家居装饰,https://img.kwcdn.com/product/fancy/574cb48c-2083-44dd-aed4-53b7d2612087.jpg,https://www.temu.com/search_result.html?search_key=607191318819731&search_method=user,912_无收录_去重训练库_无违禁.csv,False,,False,0
183,0.893480471886009,607094950451623,颜色随机发 耐用塑料省空间鞋子收纳架 - 多功能便携式储物架，适用于运动鞋和休闲鞋,3.98,家居厨房用品,衣橱收纳,https://img.kwcdn.com/product/fancy/0c4262a9-6cc9-4d72-b53c-e41080b04fb4.jpg,https://www.temu.com/search_result.html?search_key=607094950451623&search_method=user,912_无收录_去重训练库_无违禁.csv,False,,False,0
184,0.8921905324755657,605809983457632,1pc 木板图案桌布，时尚优雅易清洗，家具装饰大尺寸桌布，非常适合春季装饰餐与野餐或节日聚会以及装饰房间,7.41,家居厨房用品,餐厨布艺,https://img.kwcdn.com/product/open/b797800dd89e4cd882158873bb14971b-goods.jpeg,https://www.temu.com/search_result.html?search_key=605809983457632&search_method=user,912_无收录_去重训练库_无违禁.csv,False,,False,0
185,0.8918718724365416,601104747742071,两副大号烤箱手套，尺寸为10.6英寸 x 6.7英寸，采用木纹设计。它们可以耐受高达446°F（230°C）的温度，非常适合男女使用。是烹饪爱好者的绝佳礼物。,8.33,家居厨房用品,餐厨布艺,https://img.kwcdn.com/product/open/31aa4432790a479c978122dd29a1856f-goods.jpeg,https://www.temu.com/search_result.html?search_key=601104747742071&search_method=user,912_无收录_去重训练库_无违禁.csv,False,,False,2
186,0.8902515720634508,601104707007300,2件大号耐热烤箱手套，耐热温度高达446°F (230°C) - 豹纹抽象艺术厨房设计，耐用适合烘焙、烧烤、烤制 - 男女皆宜，烘焙爱好者的理想烹饪礼物（含手套）,7.65,家居厨房用品,餐厨布艺,https://img.kwcdn.com/product/open/cb3cf94154b44487a4f3528e9bfdb601-goods.jpeg,https://www.temu.com/search_result.html?search_key=601104707007300&search_method=user,912_无收录_去重训练库_无违禁.csv,False,,False,0
187,0.8897980627739475,601103402446066,"Set of 3 Decorative Santa Sleigh Artwork with Frame, Charming Christmas Featuring Snowy Trees And Sky, Canvas Print for Holiday Home Decoration, Christmas Ornament",20.47,家居厨房用品,墙面装饰,https://img.kwcdn.com/product/open/ec19adb6e0834261a5d029855059701a-goods.jpeg,https://www.temu.com/search_result.html?search_key=601103402446066&search_method=user,912_无收录_去重训练库_无违禁.csv,False,,True,1
188,0.8897526678439823,607300169390150,65pcs 18 周岁主题星星造型五彩纸屑，闪粉金葱纸材质数字 18 星形装饰亮片，适用于成人十八岁生日宴会桌面抛撒、餐桌布景、派对桌面摆件、宴会场景布置、拍照背景装饰用品,1.11,家居厨房用品,节日聚会用品,https://img.kwcdn.com/product/fancy/894f5598-d4fc-4100-9ef4-84e3782c7150.jpg,https://www.temu.com/search_result.html?search_key=607300169390150&search_method=user,912_无收录_去重训练库_无违禁.csv,False,,False,1
189,0.8897145272912323,606988381589532,2D 平面，4 件，大理石纹理印花抱枕套，轻奢简约风格家居装饰枕套，送给家人、朋友和合作伙伴的礼物，拉链闭合靠垫套，有多个尺寸可供选择，适用于厨房沙发、客厅、卧室、户外、床品节日装饰，不含枕芯，可机洗，单面印花。,5.65,家居厨房用品,沙发装饰,https://img.kwcdn.com/product/open/764d2f1ef31943558010ce898152bf64-goods.jpeg,https://www.temu.com/search_result.html?search_key=606988381589532&search_method=user,912_无收录_去重训练库_无违禁.csv,False,,False,0
190,0.8888698591541699,606694444788972,秋季感恩主题抱枕套，2件，2D平面印刷 南瓜枫叶字母印花图案装饰枕套，美式乡村风格，秋季主题，米白底色设计，装饰性枕套，腰部靠垫套，单面印刷，拉链闭合可机洗，涤纶材质，适用于家居客厅沙发、卧室床品装饰,3.0,家居厨房用品,沙发装饰,https://img.kwcdn.com/product/open/c322f9ba20064f4396247e9f2f341a53-goods.jpeg,https://www.temu.com/search_result.html?search_key=606694444788972&search_method=user,912_无收录_去重训练库_无违禁.csv,False,,False,4
191,0.8888449325844818,606035519610994,2D平面，2D平面，1件 2D平面印刷黑猫艺术海报 极简现代风格墙面装饰 无框帆布墙艺术家居装饰 房间装饰 浴室厨房装饰 春季海报 夏季海报 节日礼物画廊艺术,2.41,家居厨房用品,墙面装饰,https://img.kwcdn.com/product/open/da350160515249349d7182fafef7968a-goods.jpeg,https://www.temu.com/search_result.html?search_key=606035519610994&search_method=user,912_无收录_去重训练库_无违禁.csv,False,,False,2
192,0.8875400249887843,607350635251717,3个超大号收纳袋，用于存放被子和衣物，升级版条纹衣柜整理箱，带透明窗口和坚固手柄，重型防尘床下床品容器，用于搬家，节省空间的可折叠储物箱，床下收纳,10.12,家居厨房用品,衣橱收纳,https://img.kwcdn.com/product/fancy/b31d77fd-4c33-4f32-bcb0-78a55bc193b6.jpg,https://www.temu.com/search_result.html?search_key=607350635251717&search_method=user,912_无收录_去重训练库_无违禁.csv,False,,False,0
193,0.8874421225056929,607173870494412,性能刹车碟片2D平面印花造型填充抱枕 装饰靠垫 绿色卡钳刹车盘 车库装饰 汽车爱好者父亲节礼物，2D平面款,18.65,家居厨房用品,床上用品,https://img.kwcdn.com/product/open/a70c73596e194352983525e68fd40e38-goods.jpeg,https://www.temu.com/search_result.html?search_key=607173870494412&search_method=user,912_无收录_去重训练库_无违禁.csv,False,,False,0
194,0.8873334117664471,607045289927292,"2pcs Springform Round Cake Pans, 20.32cm & 22.86cm Release-Lock Cheesecake Baking Molds with Textured Removable Bottom, Non-Stick Bakeware for Home Baking, Birthday Cake, Cheesecake, and Dessert Making Supplies",16.6,家居厨房用品,烘焙用品,https://img.kwcdn.com/product/open/96bae50203da47878a38c50b8c640d35-goods.jpeg,https://www.temu.com/search_result.html?search_key=607045289927292&search_method=user,912_无收录_去重训练库_无违禁.csv,False,,False,0
195,0.8849604321576741,607410362137960,节省空间的豪华现代金属垂直储物架 - 易于组装，多层运动鞋和办公用品收纳架，落地式，宿舍和家庭多功能使用， 4个季节可用， 鞋子收纳架|节省空间的收纳架|塑料框架结构，实用架，每层可放3双鞋，感恩节，返校季，多场景可使用,9.45,家居厨房用品,衣橱收纳,https://img.kwcdn.com/product/fancy/2dff5c70-7b1e-4fd8-8d9c-8a5b09deb21b.jpg,https://www.temu.com/search_result.html?search_key=607410362137960&search_method=user,912_无收录_去重训练库_无违禁.csv,False,,False,0
196,0.8844568082403778,606967980493420,"6-Pack Side Brush Fit for ( Roborock Saros 20, Saros 20X, S10 MaxV Slim, Qrevo CurvX, EdgeT, Curv 2 Pro, Edge 2) Part Accessories Replacement",8.18,家居厨房用品,吸尘器及扫地机器人,https://img.kwcdn.com/product/open/64555963619b4c6db1c7ce8b86af11b7-goods.jpeg,https://www.temu.com/search_result.html?search_key=606967980493420&search_method=user,912_无收录_去重训练库_无违禁.csv,False,,False,0
197,0.883644909572096,606904495496698,"2D 2027年新年城市主题设计派对横幅,用于入口,圣诞快乐和新年庆祝活动,家庭壁画装饰,户外庭院花园装饰,180*115cm/70.8*45.2in,涤纶材质",7.94,家居厨房用品,节日聚会用品,https://img.kwcdn.com/product/fancy/431baa9d-8cb6-4cfd-94e2-b882ed6a2b80.jpg,https://www.temu.com/search_result.html?search_key=606904495496698&search_method=user,912_无收录_去重训练库_无违禁.csv,False,,False,0
198,0.8831689637941627,606965564557425,"1pc Lemon Silicone Baking Mold, Non-Stick Cake Pan for Mousse, Chocolate, Pastries, Perfect for Mother'S Day Baking (Random Pink Color)",3.34,家居厨房用品,烘焙用品,https://img.kwcdn.com/product/open/3250671ab05e42e29c98fba8d64392ff-goods.jpeg,https://www.temu.com/search_result.html?search_key=606965564557425&search_method=user,912_无收录_去重训练库_无违禁.csv,False,,False,0
199,0.8804879574215997,607394927054962,4PC抱枕套 秋季万圣节复古标语印花 卡通猫咪枫叶南瓜靠垫套 秋季家居装饰枕套 适用于卧室客厅沙发庭院 不含枕芯 理想的家居装饰,7.2,家居厨房用品,沙发装饰,https://img.kwcdn.com/product/open/0520ec39769d4de791c5eb7c911663c2-goods.jpeg,https://www.temu.com/search_result.html?search_key=607394927054962&search_method=user,912_无收录_去重训练库_无违禁.csv,False,,False,0
200,0.8792304550648572,606686928539227,4PCS 2D平面印花，简约纯色抱枕套，米棕橙主色调，适用于卧室头搭配、家庭阅读角、客厅沙发软装和休闲椅靠垫装饰，不含枕芯,8.22,家居厨房用品,沙发装饰,https://img.kwcdn.com/product/open/e20ec3d674de4a278cda0144e1efae8e-goods.jpeg,https://www.temu.com/search_result.html?search_key=606686928539227&search_method=user,912_无收录_去重训练库_无违禁.csv,False,,False,0
201,0.8791018483009305,601103675258157,1PC 秋季格子桌旗 温暖的橙色和米色格子图案 适用于秋季聚会、家庭聚餐和秋季家居装饰 为您的空间增添温馨的秋日气息,3.91,家居厨房用品,餐厅用品,https://img.kwcdn.com/product/open/1dd3e6c99f144735b892fe1ca7158293-goods.jpeg,https://www.temu.com/search_result.html?search_key=601103675258157&search_method=user,912_无收录_去重训练库_无违禁.csv,False,,False,0
202,0.8784532287478465,607089313347464,迷你6件套（1个收纳架和5个迷你摆件），微型装饰摆件，多层迷你书架，浅色小置物架，迷你店铺展示架，微缩场景装饰，创意迷你模型，娃娃屋扩展品,3.43,家居厨房用品,家居装饰,https://img.kwcdn.com/product/open/5599ecf2d0ed4a01897d31e50930eb97-goods.jpeg,https://www.temu.com/search_result.html?search_key=607089313347464&search_method=user,912_无收录_去重训练库_无违禁.csv,False,,False,4
203,0.8783425104582405,606626799038973,2PCS 全身可摆姿势塑料骨架万圣节装饰，带可动关节的人体骨架摆件，适用于庭院、门廊、窗户及万圣节派对的室内外装饰,6.34,家居厨房用品,节日饰品,https://img.kwcdn.com/product/fancy/5dce07e4-fd67-47c1-814d-9f070d9d4ef4.jpg,https://www.temu.com/search_result.html?search_key=606626799038973&search_method=user,912_无收录_去重训练库_无违禁.csv,False,,False,1
204,0.8774327412462559,607158301226101,地毯防滑垫 可重复使用地垫固定器 适用于家庭厨房卧室客厅 易于安装的地垫锚点 地毯定位与家居整理配件,3.02,家居厨房用品,地毯地垫,https://img.kwcdn.com/product/fancy/7a78c05b-3bd1-4053-85a5-b51abf090357.jpg,https://www.temu.com/search_result.html?search_key=607158301226101&search_method=user,912_无收录_去重训练库_无违禁.csv,False,,False,0
205,0.8773542581808114,606744373735753,"2D Vintage Bookstore Flowers Black Cat Butterfly Star Moon Checkered Patchwork Artistic Themed Flannel Blanket - Soft, Lightweight, and Warm, Suitable for All Seasons - Perfect for Beds, Sofas, Offices, Camping, and Travel - The Best Choice",9.63,家居厨房用品,毯子,https://img.kwcdn.com/product/open/700b5227cfc945aca64e8b5f599a6da7-goods.jpeg,https://www.temu.com/search_result.html?search_key=606744373735753&search_method=user,912_无收录_去重训练库_无违禁.csv,False,,False,1
206,0.8765715444938025,607287150269653,1pc 迷你八边柱巧克力硅胶模具DIY糖果布丁甜点饼干烘焙模具生日蛋糕装饰,2.35,家居厨房用品,烘焙用品,https://img.kwcdn.com/product/fancy/330910ba-6c8b-4c83-af7f-f00ccc749768.jpg,https://www.temu.com/search_result.html?search_key=607287150269653&search_method=user,912_无收录_去重训练库_无违禁.csv,False,,False,0
207,0.8765019643434975,601104721695701,两条条纹抽象艺术烤箱手套，尺寸为10.6 x 6.7英寸，旨在耐受高达446°F/230°C的高温。这些耐用的手套是送给男女的完美厨房礼物，也是烹饪和烘焙的必备工具,11.97,家居厨房用品,餐厨布艺,https://img.kwcdn.com/product/open/b9d6952528584530b90a84f0030c428a-goods.jpeg,https://www.temu.com/search_result.html?search_key=601104721695701&search_method=user,912_无收录_去重训练库_无违禁.csv,False,,False,1
208,0.8760780363302975,607611420303020,1件鼠尾草绿水彩植物图案法兰绒毯 - 卧室和客厅的绝佳选择，四季皆宜，高级优质设计，柔软蓬松，机洗，营造舒适氛围,8.76,家居厨房用品,毯子,https://img.kwcdn.com/product/open/82cd6b5395b4425c973d4dece6b357c3-goods.jpeg,https://www.temu.com/search_result.html?search_key=607611420303020&search_method=user,912_无收录_去重训练库_无违禁.csv,False,,False,5
209,0.8759878618278361,606958048407366,20个金色太阳切割模具 10.16厘米 纸质太阳形卡纸模切 个面纸阳光 教室装饰 适用于公告板 夏季墙壁派个家居用品 学校工艺项目,3.95,家居厨房用品,节日聚会用品,https://img.kwcdn.com/product/fancy/4ba29051-3c4f-4b4b-a128-af95218930b2.jpg,https://www.temu.com/search_result.html?search_key=606958048407366&search_method=user,912_无收录_去重训练库_无违禁.csv,False,,False,0
210,0.8748266987653524,605945459489143,7个/组 小型塑料漏斗，适用于装香水、迷你液体、精油的空瓶填充，包装工具，厨房用品，厨房补充品,1.24,家居厨房用品,厨房用品,https://img.kwcdn.com/product/fancyalgo/toaster-api/toaster-processor-image-cm2in/221c2a7c-f563-11ed-9c8b-0a580a69716d.jpg,https://www.temu.com/search_result.html?search_key=605945459489143&search_method=user,912_无收录_去重训练库_无违禁.csv,False,,False,0
211,0.874066081218017,607132263000510,亚克力展示架，3/4层透明分层升降架，适用于 Funko Pop 公仔、香水收纳和纸杯蛋糕，透明简约收藏品展示架，抛光圆角边缘，螺丝连接组装设计,3.64,家居厨房用品,家庭收纳,https://img.kwcdn.com/product/open/ec0fc5ee63d74943889395f84dbf95de-goods.jpeg,https://www.temu.com/search_result.html?search_key=607132263000510&search_method=user,912_无收录_去重训练库_无违禁.csv,False,,False,0
212,0.873464361164639,607693024681774,"1pc Stretch Fit Jacquard Shell Chair Cover Suitable for Dining Chairs, Modern Elastic Fit Chair Protector with Small Square, Machine Washable Cover Fits for, Office, Furniture - Stretchable Shell Case",3.8,家居厨房用品,沙发装饰,https://img.kwcdn.com/product/fancy/7c97b4be-7bd3-457a-a9da-0c9173c5f60b.jpg,https://www.temu.com/search_result.html?search_key=607693024681774&search_method=user,912_无收录_去重训练库_无违禁.csv,False,,False,0
213,0.872971080333493,601104762173127,2只装 10.6*6.7英寸 豹纹水彩风格厨房大号烤箱手套 耐高温446°F/230°C 耐用耐热大号烤箱手套 男女通用厨房礼品 适用于厨房烹饪防护工具 必备购买,7.78,家居厨房用品,餐厨布艺,https://img.kwcdn.com/product/open/06cb8df782e7430dbb38a4971975a23c-goods.jpeg,https://www.temu.com/search_result.html?search_key=601104762173127&search_method=user,912_无收录_去重训练库_无违禁.csv,False,,False,1
214,0.8718605319718478,606955565347768,2件装 优雅金属窗帘束带 - 波西米亚叶饰设计 家居装饰用窗帘绑带,3.54,家居厨房用品,窗饰及配件,https://img.kwcdn.com/product/fancy/062120f6-8738-4157-999c-2ec46d894120.jpg,https://www.temu.com/search_result.html?search_key=606955565347768&search_method=user,912_无收录_去重训练库_无违禁.csv,False,,False,0
215,0.8711482978191218,606688472078434,Cleaning Cloth 1PC kitchen towel1条幽默露营厨房毛巾，适合房车爱好者，是退休前送给老人的完美礼物,3.85,家居厨房用品,清洁用品,https://img.kwcdn.com/product/open/a2d5d2f04d3f446eabff9a720cfbd417-goods.jpeg,https://www.temu.com/search_result.html?search_key=606688472078434&search_method=user,912_无收录_去重训练库_无违禁.csv,False,,False,9
216,0.8710461215974012,607500489307008,2D平面画作，1幅鹰海报艺术印刷品 - 水彩鸟类绘画墙壁装饰，适用于墙面，带艺术家签名，无框画作，适合卧室装饰，现代简约风格鸟类画作用于装饰，2D平面,7.45,家居厨房用品,墙面装饰,https://img.kwcdn.com/product/aisc_image/algo/opt/370d4a05/dc3aed03/7d5037e1-6a49-46c6-860e-d3f70faf29a8.jpg,https://www.temu.com/search_result.html?search_key=607500489307008&search_method=user,912_无收录_去重训练库_无违禁.csv,False,,False,0
217,0.870159032594271,606034445836521,3件套跑车暗夜时尚床笠套装（1件床笠和2件枕套，无芯），无主题，汽车床上用品，床垫保护套，柔软透气,23.15,家居厨房用品,床上用品,https://img.kwcdn.com/product/open/2e1f7524c179421380fae11fe493a8cd-goods.jpeg,https://www.temu.com/search_result.html?search_key=606034445836521&search_method=user,912_无收录_去重训练库_无违禁.csv,False,,False,13
218,0.8701061710798764,607215880640321,2D平面 - 1件装，2D平面，墙面雕塑，高雄天际线金属墙壁艺术品，非常适合客厅、卧室、办公室、游戏室和家居装饰,18.22,家居厨房用品,家居装饰,https://img.kwcdn.com/product/fancy/786b634a-cec2-467f-968c-b7a0de99071d.jpg,https://www.temu.com/search_result.html?search_key=607215880640321&search_method=user,912_无收录_去重训练库_无违禁.csv,False,,False,2
219,0.8700699468619595,607513307128380,可弯曲水果蔬菜清洁刷无死角土豆刷子萝卜刷子,1.43,家居厨房用品,厨房用品,https://img.kwcdn.com/product/fancy/57308f0f-28e7-425b-b5ff-34121c9e3476.jpg,https://www.temu.com/search_result.html?search_key=607513307128380&search_method=user,912_无收录_去重训练库_无违禁.csv,False,,False,5
220,0.8688682396144283,601104319023625,二维平面，绘画作品，二维平面二维画面，3件套木框帆布印刷艺术品——水彩彩虹蜂巢设计，生动蜂巢与蜜蜂图案，现代家居墙面装饰，适用于客厅、卧室、厨房，室内外皆宜，蜂蜜主题装饰，室内外艺术品，自然灵感设计，二维平面，二维画面,55.65,家居厨房用品,墙面装饰,https://img.kwcdn.com/product/open/769f73ad2d0f4f33b31e94999516845a-goods.jpeg,https://www.temu.com/search_result.html?search_key=601104319023625&search_method=user,912_无收录_去重训练库_无违禁.csv,False,,False,0
221,0.8683177592073225,601104733864646,2只装 10.6*6.7英寸 粉色背景极简风厨房大号烤箱手套 耐高温446°F/230°C 耐用大号烤箱手套 厨房使用理想之选 男女烘焙爱好者完美礼物 烹饪防护工具 QR,10.83,家居厨房用品,餐厨布艺,https://img.kwcdn.com/product/open/1d6d2d3626ce453398cbaea1b786183c-goods.jpeg,https://www.temu.com/search_result.html?search_key=601104733864646&search_method=user,912_无收录_去重训练库_无违禁.csv,False,,False,3
222,0.8678111319052682,607510488515442,一款扁平的旋转亚克力桌面装饰品，采用淡彩虹色贝壳设计，适合家庭装饰，适合海滩主题派对，优雅,1.17,家居厨房用品,节日饰品,https://img.kwcdn.com/product/open/fde39b896f804657b7f911648f91614e-goods.jpeg,https://www.temu.com/search_result.html?search_key=607510488515442&search_method=user,912_无收录_去重训练库_无违禁.csv,False,,False,2
223,0.8674358879670423,607328355063272,1个装装饰窗帘挂钩 磁性窗帘挂钥匙 卧室客厅厨房窗户装饰窗帘固定器,7.06,家居厨房用品,窗饰及配件,https://img.kwcdn.com/product/open/073f652fab8c41399bbac1093582bac4-goods.jpeg,https://www.temu.com/search_result.html?search_key=607328355063272&search_method=user,912_无收录_去重训练库_无违禁.csv,False,,False,7
224,0.8660604130198755,606568431110786,"1个西班牙语欢迎牌磁性挂板 - ""Bienvenidos""雕花花卉冰箱贴，含红/黄花朵，圆形亚克力材质，适用于家居、橱柜、洗碗机、黑板装饰 - 西班牙语短语玄关装饰，2D平面款",1.67,家居厨房用品,厨房用品,https://img.kwcdn.com/product/217a7c0bf4/0f4c0c72-ed2e-4391-bc58-7800070dfde2_800x800.jpeg,https://www.temu.com/search_result.html?search_key=606568431110786&search_method=user,912_无收录_去重训练库_无违禁.csv,False,,False,1
225,0.8637798831604792,605572653010622,911 R全球主题静音圆形挂钟-半透明亚克力设计，适用于卧室、厨房、客厅、办公室家居装饰-复活节、圣诞节、感恩节理想礼物，石英机芯（不含电池），2D平面，2D平面,22.4,家居厨房用品,家居装饰,https://img.kwcdn.com/product/fancy/0c84abf8-eb6e-4ee2-99f9-a6da5233b8c5.jpg,https://www.temu.com/search_result.html?search_key=605572653010622&search_method=user,912_无收录_去重训练库_无违禁.csv,False,,False,3
226,0.8624164727052116,601104728330722,2只装 10.6*6.7英寸条纹设计简约风厨房大号烤箱手套 耐温446°F/230°C 耐用耐高温大号烤箱隔热手套 烹饪烘焙理想之选 男女皆宜的完美礼物 厨房必备工具 QW,8.07,家居厨房用品,餐厨布艺,https://img.kwcdn.com/product/open/78ee21a3ef2449a5b4ed616b2e3e319e-goods.jpeg,https://www.temu.com/search_result.html?search_key=601104728330722&search_method=user,912_无收录_去重训练库_无违禁.csv,False,,False,1
227,0.8620784655387296,607257219711114,1个几何编织排水垫，超强吸水速干防滑橡胶背衬，保持水槽干净耐用，耐磨，适用于厨房水槽洗衣房,1.98,家居厨房用品,厨房用品,https://img.kwcdn.com/product/open/c0e3e8a0ba5145988add1419cdaa4b01-goods.jpeg,https://www.temu.com/search_result.html?search_key=607257219711114&search_method=user,912_无收录_去重训练库_无违禁.csv,False,,False,0
228,0.8619195266974083,606839131484414,10个2D平面圆形绿色植物图案，冰箱磁贴，磁性贴纸，色彩鲜艳表面光滑，适用于厨房冰箱白板橱柜，植物爱好者家居装饰礼物,5.61,家居厨房用品,厨房用品,https://img.kwcdn.com/product/open/8d718c024cd14e50ac8a96936dd9ab57-goods.jpeg,https://www.temu.com/search_result.html?search_key=606839131484414&search_method=user,912_无收录_去重训练库_无违禁.csv,False,,False,0
229,0.8617227652050924,607063543521084,1件装 圣诞老人拉雪橇雪人玻璃贴纸，墙贴，静电吸附窗贴，雪花星星圣诞装饰贴，冬季圣诞艺术贴纸，用于窗户、玻璃门、店面、家居、咖啡馆节日派对室内装饰,1.94,家居厨房用品,窗饰及配件,https://img.kwcdn.com/product/open/5e401ed9bead402daf78e2bd948180bc-goods.jpeg,https://www.temu.com/search_result.html?search_key=607063543521084&search_method=user,912_无收录_去重训练库_无违禁.csv,False,,False,0
230,0.861312382355552,606939794765413,"1pc Custom Name Cute Bee And Floral Pattern Design Flannel Blanket, All-Season Sofa Cover Blanket Unisex Comfortable Bedroom Office, Outdoor Supplies, Ideal Gift Cozy Blanket, Family Gift, Birthday Gift, Halloween Gift, Personalized Gift",7.75,家居厨房用品,毯子,https://img.kwcdn.com/product/open/ee19db8cd29a4e6ab99c1d0aad752b86-goods.jpeg,https://www.temu.com/search_result.html?search_key=606939794765413&search_method=user,912_无收录_去重训练库_无违禁.csv,False,,False,2
231,0.8611556156344041,607111996100808,1个装南瓜拿铁杯玫瑰菊花橙条秋季桌旗适用于感恩节庭院户外餐桌餐台装饰,5.04,家居厨房用品,餐厅用品,https://img.kwcdn.com/product/open/2cad488ed84e4308a0d30684d0e8e487-goods.jpeg,https://www.temu.com/search_result.html?search_key=607111996100808&search_method=user,912_无收录_去重训练库_无违禁.csv,False,,False,1
232,0.8602161723053787,607478813142950,2D平面 - 1个定制文字姓名Logo DIY 2D平面印花枕套 生日出生于 Yap 字体搭配花朵和草莓，潮流趣味女士和朋友礼物，可重复使用家居装饰套，适用于沙发卧室客厅和办公室,2.86,家居厨房用品,沙发装饰,https://img.kwcdn.com/product/open/1eaad570433441ac94e28f52761c054f-goods.jpeg,https://www.temu.com/search_result.html?search_key=607478813142950&search_method=user,912_无收录_去重训练库_无违禁.csv,False,,False,0
233,0.8598224353445255,607167964877170,1件或2件奶油风免打孔吸盘U型挂钩，浴室壁挂式鞋架，多功能壁挂钩，可挂发圈浴球等浴室用品,4.48,家居厨房用品,家庭收纳,https://img.kwcdn.com/product/fancy/42eae167-c0f6-41b1-a21b-13977326c2e3.jpg,https://www.temu.com/search_result.html?search_key=607167964877170&search_method=user,912_无收录_去重训练库_无违禁.csv,False,,False,0
234,0.8596427031874722,606793967231187,"2pcs Hibiscus Hawaiian Pillow Covers, Zippered Washable, Tropical Home Decor, Polyester, 45Cm X 45Cm, No Insert",4.89,家居厨房用品,沙发装饰,https://img.kwcdn.com/product/open/9b6f646e00244e89a09371889883cf8b-goods.jpeg,https://www.temu.com/search_result.html?search_key=606793967231187&search_method=user,912_无收录_去重训练库_无违禁.csv,False,,False,1
235,0.8594730726959142,607523910352534,"Thickened Aluminum Foil Insulation Pearl, Upgraded Double-sided Version, No Drilling Required, Provides Privacy and Sunshade, Glare and High Temperatures, Suitable for Bedrooms, Living Rooms, and Balconies",4.2,家居厨房用品,窗饰及配件,https://img.kwcdn.com/product/fancy/1cd96cc4-ebfd-4347-b516-5f996b5aa00f.jpg,https://www.temu.com/search_result.html?search_key=607523910352534&search_method=user,912_无收录_去重训练库_无违禁.csv,False,,False,0
236,0.8592196564372728,607091460817350,2D 平面，4 件，几何色块线条印花抱枕套，现代简约风格家居装饰枕套，送给家人、朋友和合作伙伴的礼物，拉链闭合靠垫套，有多个尺寸可供选择，适用于厨房沙发、客厅、卧室、户外、床品节日装饰，不含枕芯，可机洗，单面印花。,5.32,家居厨房用品,沙发装饰,https://img.kwcdn.com/product/open/804408165bd74d6bafe543c8b1d68ec0-goods.jpeg,https://www.temu.com/search_result.html?search_key=607091460817350&search_method=user,912_无收录_去重训练库_无违禁.csv,False,,False,0
237,0.8584021938093822,601104798049570,"2件大号羊形设计烤箱手套 - 耐高温可达446°F（230°C），耐用厨房烘焙、烤制、烧烤 - 适合男士和女士，理想的烹饪礼物（10.6""x6.7""）",8.02,家居厨房用品,餐厅用品,https://img.kwcdn.com/product/open/3a5082b0f5ba4d6a89cd03257d1ac32f-goods.jpeg,https://www.temu.com/search_result.html?search_key=601104798049570&search_method=user,912_无收录_去重训练库_无违禁.csv,False,,False,0
238,0.8583603121760055,607528473747602,【JIT】2件装，米色和绿色，厨房巾，茶巾，圣诞装饰品，趣味图案设计，厨房台面装饰，耐用，家庭礼物，厨房装饰，装饰的首选,4.66,家居厨房用品,餐厅用品,https://img.kwcdn.com/product/fancy/bd1b2b14-0bf7-41c5-b5f8-c8ed6010dde5.jpg,https://www.temu.com/search_result.html?search_key=607528473747602&search_method=user,912_无收录_去重训练库_无违禁.csv,False,,False,0
239,0.8572001679808239,607499751115082,1件装 精美威廉·莫里斯设计可折叠脏衣篮 大容量洗衣收纳盒 多功能圆形洗衣篮 适用于浴室家居装饰 便捷堆叠收纳 家居整理 节省空间解决方案 现代风格 时尚收纳器 高品质储物 轻便篮筐 多用途容器 公寓生活 繁忙家庭 洗衣篮,4.81,家居厨房用品,衣橱收纳,https://img.kwcdn.com/product/fancy/21afc961-9cf6-4638-917e-031662071e35.jpg,https://www.temu.com/search_result.html?search_key=607499751115082&search_method=user,912_无收录_去重训练库_无违禁.csv,False,,False,3
240,0.856881169097382,607335334393929,二维平面画作，1件现代竖版女巫挂画——竖版设计适用于万圣节/感恩节墙面装饰，秋日森林奇幻女巫艺术画，无框帆布画适用于卧室、厨房、浴室，可垂直悬挂于狭窄空间,1.82,家居厨房用品,墙面装饰,https://img.kwcdn.com/product/open/faf7c0edc63e497db5f18e748b2924b2-goods.jpeg,https://www.temu.com/search_result.html?search_key=607335334393929&search_method=user,912_无收录_去重训练库_无违禁.csv,False,,False,12
241,0.8567891335118928,601102912415388,多克瑞 1件装 万圣节粉色波点幽灵圣诞树裙 圣诞树裙 万圣节装饰 节日派对庭院装饰 家居装饰,7.57,家居厨房用品,节日饰品,https://img.kwcdn.com/product/fancy/690310ce-42ac-4bc5-b568-5ad15419db6b.jpg,https://www.temu.com/search_result.html?search_key=601102912415388&search_method=user,912_无收录_去重训练库_无违禁.csv,False,,True,6
242,0.8563302981833223,606855103389770,2D平面画，2D平面画，1件无框帆布墙 आर्ट海报和印刷品，苔藓墙 आर्ट绿色纹理 आर्ट现代自然装饰大地简约墙 आर्ट，适用于客厅卧室家居装饰,4.45,家居厨房用品,墙面装饰,https://img.kwcdn.com/product/fancy/4458ef22-b1f2-4c5f-8a71-bc977e686da6.jpg,https://www.temu.com/search_result.html?search_key=606855103389770&search_method=user,912_无收录_去重训练库_无违禁.csv,False,,False,0
243,0.856109054693804,605639124320497,"Cinco De Mayo Decorative Pattern Pillowcase, Suitable for Living Room, Sofa, Bed, Office, Courtyard, and Outdoor Decoration, Living Room Art Home Accent Decor",2.95,家居厨房用品,床上用品,https://img.kwcdn.com/product/open/c3c8072de0dc463fb916002d42ee2ae2-goods.jpeg,https://www.temu.com/search_result.html?search_key=605639124320497&search_method=user,912_无收录_去重训练库_无违禁.csv,False,,False,0
244,0.8538086564690552,601099539175725,1pc悬挂眼镜收纳盒，防尘毛绒收纳袋，带有16个插槽，节省空间的眼镜架，家庭和办公室配件展示，其他（珠宝盒和收纳盒）,5.43,家居厨房用品,家庭收纳,https://img.kwcdn.com/product/fancy/081c965b-04f8-49e7-abd2-0ec1598d5123.jpg,https://www.temu.com/search_result.html?search_key=601099539175725&search_method=user,912_无收录_去重训练库_无违禁.csv,False,,True,0
245,0.8529147957692225,606599955472891,"4pcs Wooden Heart-Shaped Towel Clips, Kitchen Tea Towel Rack, Dishcloth Hanger, Bathroom Hand Towel Holder, Non-Slip Instant Hanging Ring",4.89,家居厨房用品,浴室用品,https://img.kwcdn.com/product/open/9deadf70327f458483a530a3a9e09d83-goods.jpeg,https://www.temu.com/search_result.html?search_key=606599955472891&search_method=user,912_无收录_去重训练库_无违禁.csv,False,,False,0
246,0.8526967676381888,607152664109117,二维平面旋转水晶海豚雕塑，具有超逼真色彩效果 - 旋转底座适用于室内/室外装饰，无需用电，现代家居及办公室装饰品 - 多功能装饰摆件，二维平面,1.24,家居厨房用品,节日饰品,https://img.kwcdn.com/product/aisc_image/algo/opt/9bdb50b4/f19f7c71/QAH136446059cbe1f4570bc61c94bb28da370-goods.jpeg,https://www.temu.com/search_result.html?search_key=607152664109117&search_method=user,912_无收录_去重训练库_无违禁.csv,False,,False,0
247,0.8525294584861288,607217088620278,10个2D平面圆形蕨类植物叶子图案，冰箱磁贴，色彩鲜艳表面光滑，适用于厨房冰箱白板橱柜，送给自然爱好者居家装饰的礼物,7.24,家居厨房用品,厨房用品,https://img.kwcdn.com/product/open/b0b0ad87040b417eb73606972a067376-goods.jpeg,https://www.temu.com/search_result.html?search_key=607217088620278&search_method=user,912_无收录_去重训练库_无违禁.csv,False,,False,0
248,0.8516043302175524,605836290182080,1个巧克力模具，28格长方形曲奇/饼干/巧克力制作烘焙工具，可制作糖果，手工皂，树脂工艺品，DIY烘焙实用工具，也用于烘焙装饰,15.47,家居厨房用品,烘焙用品,https://img.kwcdn.com/product/open/f4a820dcb1314431a3b76517e499e55f-goods.jpeg,https://www.temu.com/search_result.html?search_key=605836290182080&search_method=user,912_无收录_去重训练库_无违禁.csv,False,,False,12
249,0.850289109168681,606131351046332,114pcs Balloon Garland Set Pink Golden White Rose Golden Balloons with Rainbow Castle Print for Birthday Party Wedding Decoration,10.67,家居厨房用品,节日聚会用品,https://img.kwcdn.com/product/open/a3deedc636774a56bb1eb5d4ddbb2d31-goods.jpeg,https://www.temu.com/search_result.html?search_key=606131351046332&search_method=user,912_无收录_去重训练库_无违禁.csv,False,,False,0
250,0.8502710869802468,607455190874774,"1pc Luxury Soft Teddy Suitable for Home Office Chair Cover with Elastic Band Closure, Slip-Resistant Cover, Machine Washable -Piece Design & Pet-Friendly Fit for Home Decor, Suitable for Home, Low-Cost Refurbishment",12.04,家居厨房用品,沙发装饰,https://img.kwcdn.com/product/fancy/f7ae3714-16f3-414c-bed5-cc263069da0d.jpg,https://www.temu.com/search_result.html?search_key=607455190874774&search_method=user,912_无收录_去重训练库_无违禁.csv,False,,False,3
251,0.8497884696229584,606967980493481,个性化婚礼扇子 - 可选姓名、日期和祝福字样雕刻 - 婚礼新娘新郎优雅折叠手扇，宴会装饰 - 夏威夷花卉设计 - 轻巧耐用 - 纪念品，精致细节,42.68,家居厨房用品,家居装饰,https://img.kwcdn.com/product/open/80303e69c0bf4eed84698b1d6619808e-goods.jpeg,https://www.temu.com/search_result.html?search_key=606967980493481&search_method=user,912_无收录_去重训练库_无违禁.csv,False,,False,0
252,0.8497555458898328,606943955528165,"1pc, Double-Sided Short Plush Decor Pillowcase, Monkey in Chinoiserie Garden Throw Pillow Covers, Multiple Sizes Available, Suitable for Sofa, Living Room, Bedroom, Office Home Decor, Pillow Core Not Included YABZC551",3.1,家居厨房用品,沙发装饰,https://img.kwcdn.com/product/open/874a633b31d444ad903fc3f09024c8e6-goods.jpeg,https://www.temu.com/search_result.html?search_key=606943955528165&search_method=user,912_无收录_去重训练库_无违禁.csv,False,,False,0
253,0.8489299493152211,601101702411271,生动的橙色水果水彩桌旗 - 聚酯面料，100.0% 涤纶，色彩丰富的柑橘设计，适用于厨房、餐厅和派对装饰,7.34,家居厨房用品,餐厅用品,https://img.kwcdn.com/product/open/33cb0ab2b8ca4ffbbf57120f51b0c24a-goods.jpeg,https://www.temu.com/search_result.html?search_key=601101702411271&search_method=user,912_无收录_去重训练库_无违禁.csv,False,,False,8
254,0.8484106247770065,607045289926235,自粘乙烯基地板贴纸，2D平面不规则石材拼接图案，冷色调浅深灰色，逼真仿石纹理，易于撕贴，适用于庭院地面、墙面装饰、卧室、客厅，2D平面,5.53,家居厨房用品,家居装饰,https://img.kwcdn.com/product/open/21e3c9cf0a8e404d8419cdd10df2fe5b-goods.jpeg,https://www.temu.com/search_result.html?search_key=607045289926235&search_method=user,912_无收录_去重训练库_无违禁.csv,False,,False,0
255,0.8464209791833441,607189439722210,"2D Flat Printing Table Runner 1pc, Shiny Colorful Wings Butterfly Polyester Rectangular Table Runner, Suitable for Dining Tables, Coffee Tables, Kitchens, Gatherings, Halloween, Christmas, Thanksgiving, Party, And Holiday Decorations",2.33,家居厨房用品,餐厨布艺,https://img.kwcdn.com/product/21152341cc6/d09a8057-3c29-49cb-a349-6e006803adba_1024x1024.jpeg,https://www.temu.com/search_result.html?search_key=607189439722210&search_method=user,912_无收录_去重训练库_无违禁.csv,False,,False,0
256,0.8459616244975358,606739541945871,"Fengwei Office Restroom Bathroom Glass Film, Electrostatic Glass Sticker, Window Sticker, Translucent Opaque Glass Door Film",26.01,家居厨房用品,窗饰及配件,https://img.kwcdn.com/product/open/05fd3fbd910c49338e9f80ba19d5a7a4-goods.jpeg,https://www.temu.com/search_result.html?search_key=606739541945871&search_method=user,912_无收录_去重训练库_无违禁.csv,False,,False,8
257,0.8441809930401776,606830273084427,一套6个圆形木制杯垫，曼陀罗花设计，尺寸10.16Cm。这些平面2D杯垫具有耐热性，可用作桌面咖啡杯保护垫，是家居厨房的理想装饰品。,3.63,家居厨房用品,餐厅用品,https://img.kwcdn.com/product/open/fa70b0fd938746eab4d886eb7b8f2bb3-goods.jpeg,https://www.temu.com/search_result.html?search_key=606830273084427&search_method=user,912_无收录_去重训练库_无违禁.csv,False,,False,0
258,0.8436057306261837,607070925464484,"Chinese Phoenix & Bird Cookie Cutter Mold - Reusable Wood Baking Tool with Traditional Flying Bird Relief & Phoenix Stamp for Pastry, Mooncake Decorating Suitable for Thanksgiving, Christmas, New Year Cake Decorating Supplies",4.49,家居厨房用品,烘焙用品,https://img.kwcdn.com/product/open/9665379a9be04601976c0b2055a41aa0-goods.jpeg,https://www.temu.com/search_result.html?search_key=607070925464484&search_method=user,912_无收录_去重训练库_无违禁.csv,False,,False,4
259,0.8433101624811675,606711490388425,2D Flat Banner 新年门盖， 2026新年装饰横幅 金色节日派对背景墙布置挂旗 70.8in*35.4in，涤纶材质,3.98,家居厨房用品,节日聚会用品,https://img.kwcdn.com/product/open/7f600a4c6e194a738a54e8e8f51f826d-goods.jpeg,https://www.temu.com/search_result.html?search_key=606711490388425&search_method=user,912_无收录_去重训练库_无违禁.csv,False,,False,0
260,0.8430811654033779,607197492815706,定制照片蛋糕装饰插牌 - 个性化照片生日派对蓝色帽子蛋糕插牌，搭配彩色气球和星星设计，适用于庆祝生日周年纪念主题派对蛋糕装饰用品，定制任何照片蛋糕装饰、派对蛋糕装饰、个性化派对蛋糕装饰、定制生日蛋糕装饰、生日派对装饰、个性化趣味肖像、卡通和宠物。,1.83,家居厨房用品,烘焙用品,https://img.kwcdn.com/product/open/a4cb993be20c41d4a4c9e7cbedb134c0-goods.jpeg,https://www.temu.com/search_result.html?search_key=607197492815706&search_method=user,912_无收录_去重训练库_无违禁.csv,False,,False,10
261,0.8425562358969726,606656326924606,奥德修斯半身像雕塑摆件，希腊英雄雕像书架桌面展示，神话家居客厅办公装饰，收藏级艺术饰品,2.52,家居厨房用品,家居装饰,https://img.kwcdn.com/product/fancy/ec2a12f5-2769-4588-a7b8-334eb4435af0.jpg,https://www.temu.com/search_result.html?search_key=606656326924606&search_method=user,912_无收录_去重训练库_无违禁.csv,False,,False,1
262,0.8416104563092675,601099779299888,舒适定制名字法兰绒毯，带睡猫与蝴蝶图案 - 柔软保暖，适用于沙发、床、旅行和办公室 - 理想的礼物选择,7.98,家居厨房用品,毯子,https://img.kwcdn.com/product/open/a096cafd5ec743a2b61fa7142bdbc23b-goods.jpeg,https://www.temu.com/search_result.html?search_key=601099779299888&search_method=user,912_无收录_去重训练库_无违禁.csv,False,,True,1
263,0.8409417858662593,607362312161821,"12pcs Silicone Kitchen Utensil Set with Wooden Handles, Cooking Tool Set with Non-Stick Spatula, Spoon, Ladle, Whisk, and Storage Rack - Ideal for Baking and Cooking - Perfect for Christmas, Halloween, Easter, Hanukkah, Thanksgiving",15.38,家居厨房用品,厨房用品,https://img.kwcdn.com/product/fancy/f30506de-2115-4fdf-912c-403d0d48faba.jpg,https://www.temu.com/search_result.html?search_key=607362312161821&search_method=user,912_无收录_去重训练库_无违禁.csv,False,,False,5
264,0.8402598461348801,606773901641224,秋季感恩主题抱枕套，2件，2D平面印刷 森林动物树叶蘑菇图案装饰枕套，自然田园风格，森林野趣主题，暖棕米白配色设计，装饰性枕套，腰部靠垫套，单面印刷，拉链闭合可机洗，涤纶材质，适用于家居客厅、卧室、沙发装饰,3.18,家居厨房用品,沙发装饰,https://img.kwcdn.com/product/open/7868ebd858a74c0cbda969c002e7488f-goods.jpeg,https://www.temu.com/search_result.html?search_key=606773901641224&search_method=user,912_无收录_去重训练库_无违禁.csv,False,,False,0
265,0.8402304442668453,601105103486348,"One Custom Name Flannel Throw, Ideal for Any Season, Great for New Year And Christmas Presents, Lovely, Gentle on The Skin, Cozy And Warm for The Sofa, Bed, Or Office, Compact Blanket, Festive Gift",33.93,家居厨房用品,毯子,https://img.kwcdn.com/product/fancy/30f9a7a6-5465-432f-a413-c98344f2eb73.jpg,https://www.temu.com/search_result.html?search_key=601105103486348&search_method=user,912_无收录_去重训练库_无违禁.csv,False,,False,0
266,0.8391102903618651,607633700432405,绗缝法兰绒绒面沙发垫，柔软短绒防滑六边形缝线客厅沙发保护垫,18.34,家居厨房用品,沙发装饰,https://img.kwcdn.com/product/fancy/24df6188-c352-4b26-97e2-41bfaf4f3a49.jpg,https://www.temu.com/search_result.html?search_key=607633700432405&search_method=user,912_无收录_去重训练库_无违禁.csv,False,,False,0
267,0.8384407075858111,606357054925128,1PC绿色夜光厕所标识贴，可用于家庭、公共卫生间，聚氯乙烯材质 自粘,1.24,家居厨房用品,家居装饰,https://img.kwcdn.com/product/algo_check/auto/473a250ddc2390001bf4cb307f142ab5_1788229847053.jpg,https://www.temu.com/search_result.html?search_key=606357054925128&search_method=user,912_无收录_去重训练库_无违禁.csv,False,,False,1
268,0.8380959160341279,606833494357189,"1pc Adorable Pug Dog Mat Suitable for Home & Outdoor, Non-Slip Machine Washable with Pug Pattern, Thick Soft Mat Suitable for Entryway, Bedroom, Balcony, Polyester Suitable for Pug Lovers Gift, 2D Flat",5.66,家居厨房用品,地毯地垫,https://img.kwcdn.com/product/2123a649a0/ab97cd4e-3626-49a1-b0fd-b8d1179ba074_800x800.jpeg,https://www.temu.com/search_result.html?search_key=606833494357189&search_method=user,912_无收录_去重训练库_无违禁.csv,False,,False,1
269,0.8377610636010779,601104803151834,两只大型烤箱手套，采用向日葵线条艺术设计，尺寸为10.6 x 6.7英寸，可承受高达446°F（230°C）的温度。这些耐用的手套非常适合烘焙、烹饪和烧烤。,8.56,家居厨房用品,餐厅用品,https://img.kwcdn.com/product/open/6e19ffa3c556449b93d2414d329a4e9d-goods.jpeg,https://www.temu.com/search_result.html?search_key=601104803151834&search_method=user,912_无收录_去重训练库_无违禁.csv,False,,False,0
270,0.8377257226772173,607430360539347,"2D Flat, Wooden Sign, Retro Plaque Ornament, Hanging Board, Wall Decor, Suitable for Indoor/Outdoor Decoration, Walls, Rooms, Houses, Bedrooms, Dining Rooms, Bars, Cafes, Schools, Libraries, Doors, Garage Decor",1.61,家居厨房用品,家居装饰,https://img.kwcdn.com/product/fancy/d8f53d20-4e25-4fba-97a0-125fca34819c.jpg,https://www.temu.com/search_result.html?search_key=607430360539347&search_method=user,912_无收录_去重训练库_无违禁.csv,False,,False,4
271,0.8363334594754834,606885302401587,1PC 2D平面“请冲水”高地牛冲水提示语马桶贴，抱卷纸的高地牛指示图案，可爱动物元素装饰，浴室卫生间马桶盖水箱美化，家居装饰,0.63,家居厨房用品,家居装饰,https://img.kwcdn.com/product/open/f8b89a29e82b4af5a0a79509a17c6fed-goods.jpeg,https://www.temu.com/search_result.html?search_key=606885302401587&search_method=user,912_无收录_去重训练库_无违禁.csv,False,,False,0
272,0.8359563971555034,606774706966667,1件装灰色升级款多功能户外露营护颈枕头 人体工学凹陷设计精准贴合颈椎 超软高回弹久睡不塌陷 亲肤透气面料不闷汗 便携易收纳 居家车载旅行出差通用 告别落枕舒适睡眠神器,1.79,家居厨房用品,床上用品,https://img.kwcdn.com/product/fancy/1ed9ded0-2321-4036-b0f6-97220e9dae89.jpg,https://www.temu.com/search_result.html?search_key=606774706966667&search_method=user,912_无收录_去重训练库_无违禁.csv,False,,False,0
273,0.8357914377558019,607675978973969,2D平面秋季格纹桌布，英伦复古风餐桌桌布，适用于餐厅客厅茶几盖布,2.91,家居厨房用品,节日聚会用品,https://img.kwcdn.com/product/fancy/5844fcda-69cb-4429-b591-d9eb2f94b03e.jpg,https://www.temu.com/search_result.html?search_key=607675978973969&search_method=user,912_无收录_去重训练库_无违禁.csv,False,,False,8
274,0.8355564092475564,607092266133416,3pcs简约素色长毛绒被套3件套（1*被套+2*枕套，不含芯），纯色秋冬床上用品套装，柔软舒适保暖被套，适用于卧室、客房，床上用品装饰,36.67,家居厨房用品,床上用品,https://img.kwcdn.com/product/fancy/fd8e933e-edb2-4faa-844f-cefe4968f87a.jpg,https://www.temu.com/search_result.html?search_key=607092266133416&search_method=user,912_无收录_去重训练库_无违禁.csv,False,,False,0
275,0.8355015271500364,601104505860882,2D平面画作，1件现代抽象世界地图墙壁艺术帆布画 - 无框地球印刷品，含指南针与放大镜，适用于客厅，简约装饰海报，教育地理主题，2D平面,23.99,家居厨房用品,墙面装饰,https://img.kwcdn.com/product/2066d91624/1b1d4fbd-5aec-42a6-8a20-99f20efe8e39_800x800.jpeg,https://www.temu.com/search_result.html?search_key=601104505860882&search_method=user,912_无收录_去重训练库_无违禁.csv,False,,False,0
276,0.8353383569645756,606518971842249,2D平面画作，2D平面画作，油画2D平面，1件无框帆布印刷品，创意帆布艺术，莫奈女士肖像灵感来源，适用于莫奈女士变体，创意艺术画作，帆布装饰。房间美学装饰，卧室装饰，客厅理想之选,5.5,家居厨房用品,墙面装饰,https://img.kwcdn.com/product/open/9dcd930c12e744439fc66c2bd9b3c960-goods.jpeg,https://www.temu.com/search_result.html?search_key=606518971842249&search_method=user,912_无收录_去重训练库_无违禁.csv,False,,False,4
277,0.8353042515426903,607565450699089,32个木质圆形衣夹,7.43,家居厨房用品,衣橱收纳,https://img.kwcdn.com/product/fancy/8f7813a8-0d16-49bb-b825-46a324f50b36.jpg,https://www.temu.com/search_result.html?search_key=607565450699089&search_method=user,912_无收录_去重训练库_无违禁.csv,False,,False,0
278,0.8345315699894481,607138973874062,滑动式桌下隐藏抽屉，无需打孔自粘塑料桌面收纳盒，节省空间的桌底收纳袋，适用于钢笔、文具、小物件，是家庭、办公室、宿舍及书桌整理的理想选择，用于家庭收纳的桌面与抽屉整理器,2.27,家居厨房用品,家庭收纳,https://img.kwcdn.com/product/open/35609018fa094b2eae071a39acd09f5b-goods.jpeg,https://www.temu.com/search_result.html?search_key=607138973874062&search_method=user,912_无收录_去重训练库_无违禁.csv,False,,False,1
279,0.8345065668435058,607691011420867,1PC浅灰个条纹印花个层纱被芯保护套（无填充物和枕套）,13.29,家居厨房用品,床上用品,https://img.kwcdn.com/product/fancy/1c322f6b-6994-40a9-8bf0-b42b82ef62a3.jpg,https://www.temu.com/search_result.html?search_key=607691011420867&search_method=user,912_无收录_去重训练库_无违禁.csv,False,,False,4
280,0.8342558547979497,606888792024358,2D平面桌布，蓝色抽象面料丝带桌布，婚礼桌布，蓝色缎面飘逸设计，适用于装饰婚礼接待宴会厅家庭餐饮派对,9.76,家居厨房用品,餐厨布艺,https://img.kwcdn.com/product/open/612c8a270b7348ed95aa976ee93b0405-goods.jpeg,https://www.temu.com/search_result.html?search_key=606888792024358&search_method=user,912_无收录_去重训练库_无违禁.csv,False,,False,0
281,0.8340732571487477,607250777258678,"方形耐用磁铁冰箱贴, 可爱风格储物柜装饰, 磁吸彩色冰箱装饰, 透明玻璃, 厨房冰箱装饰, 家居氛围装饰, 持久光亮且坚固耐用, 方形图像, 冰箱门贴装饰, 适用于厨房、办公室白板、储物柜和洗碗机, 女朋友礼物",2.08,家居厨房用品,厨房用品,https://img.kwcdn.com/product/open/ed2a88d3f55848848de1f788443e4457-goods.jpeg,https://www.temu.com/search_result.html?search_key=607250777258678&search_method=user,912_无收录_去重训练库_无违禁.csv,False,,False,0
282,0.8339248486111228,607053879840661,20个装 原木色数字桌号牌 室内轻便婚庆桌号座位卡座 半圆形设计 餐位卡夹 办公标签夹 照片菜单夹 宴会生日派对餐厅适用,4.08,家居厨房用品,节日聚会用品,https://img.kwcdn.com/product/fancy/f3f21ef9-3d8b-4ab5-8d21-62e2238531b2.jpg,https://www.temu.com/search_result.html?search_key=607053879840661&search_method=user,912_无收录_去重训练库_无违禁.csv,False,,False,0
283,0.8338283556457241,607564712517078,"2pcs Dessert Display Stand Base, Rustic Style Outdoor Wedding Storage Rack, Wooden Display Shelf",16.3,家居厨房用品,餐厅用品,https://img.kwcdn.com/product/fancy/766d6567-23ed-40c9-b37c-319b6a55298e.jpg,https://www.temu.com/search_result.html?search_key=607564712517078&search_method=user,912_无收录_去重训练库_无违禁.csv,False,,False,2
284,0.8334942931422613,606959860301230,"Kitchen Knife Sharpener Rod, Professional Stainless Steel Honing Steel with Non-Slip Ergonomic Handle, Household Cutlery Sharpening Stick for Chef Knives Steak Knives Kitchen Cutlery Maintenance",24.91,家居厨房用品,厨房用品,https://img.kwcdn.com/product/fancy/b561eb43-aeca-4f2a-889c-5cdf4f7f16e2.jpg,https://www.temu.com/search_result.html?search_key=606959860301230&search_method=user,912_无收录_去重训练库_无违禁.csv,False,,False,1
285,0.833394364840673,607337616102504,钓鱼乐趣警告 2D 平面木牌：钓鱼主题幽默标语装饰画，黄色背景引人注目的警告格式，纯粹用于装饰，不是真正的安全标志，适合车库休闲空间墙面装饰,1.01,家居厨房用品,节日饰品,https://img.kwcdn.com/product/fancy/d0e96a87-32a5-46d2-95e6-d9c0c29103b1.jpg,https://www.temu.com/search_result.html?search_key=607337616102504&search_method=user,912_无收录_去重训练库_无违禁.csv,False,,False,1
286,0.833194443558586,606811214191601,20 盎司可定制的保温金属旅行杯，带有您的姓名 - 耐用，可重复使用，仅手洗 - 生日，圣诞节等的完美礼物,10.77,家居厨房用品,厨房收纳,https://img.kwcdn.com/product/fancy/7aff6cfb-0278-4be8-a7ce-3297dcd231f1.jpg,https://www.temu.com/search_result.html?search_key=606811214191601&search_method=user,912_无收录_去重训练库_无违禁.csv,False,,False,0
287,0.8314078726656162,601103188990010,"1 件莲花设计聚酯桌旗，高品质茶杯垫，适用于咖啡桌、餐桌或床，聚酯纤维面料，非常适合家居装饰, 餐桌配件,床饰,时尚杯垫,优雅设计,耐用纺织品,家居配件,布艺跑道,时尚家居达人",9.15,家居厨房用品,餐厅用品,https://img.kwcdn.com/product/open/fc7629ad48ed41e490a17baea358649a-goods.jpeg,https://www.temu.com/search_result.html?search_key=601103188990010&search_method=user,912_无收录_去重训练库_无违禁.csv,False,,False,1
288,0.8306359715614496,607642021952292,"14pcs Set Black Jewelry Storage Box with Elastic Film, Dust-Proof Plastic Display Case, Suitable for Rings, Earrings, Bracelets, Coins, Brooches, Modern Desktop Organizer, Personal And Retail Use, Jewelry Organizer, Jewelry Organizers",10.95,家居厨房用品,衣橱收纳,https://img.kwcdn.com/product/fancy/320fba7a-348f-409d-a73a-862e922ef595.jpg,https://www.temu.com/search_result.html?search_key=607642021952292&search_method=user,912_无收录_去重训练库_无违禁.csv,False,,False,0
289,0.8305624568321028,606410859495905,2D平面单片优雅女士冰箱磁铁，复古风格冰箱磁铁，玫瑰花园磁性亚克力冰箱磁铁，适用于厨房和家居装饰,1.54,家居厨房用品,厨房用品,https://img.kwcdn.com/product/open/2b290d99f01547fcacc276aebd0c7557-goods.jpeg,https://www.temu.com/search_result.html?search_key=606410859495905&search_method=user,912_无收录_去重训练库_无违禁.csv,False,,False,2
290,0.8289083449730847,605856607357361,2D平面1件装维京战斧图案亲肤夏季轻薄被，夏季凉被，薄而舒适，透气性好，助您安然入睡，有大、中、小尺寸可选，四季皆宜，质地顺滑,27.3,家居厨房用品,床上用品,https://img.kwcdn.com/product/21137b290dc/6df7e9a4-d7ab-4b65-a5cf-f27929995404_1500x1500.jpeg,https://www.temu.com/search_result.html?search_key=605856607357361&search_method=user,912_无收录_去重训练库_无违禁.csv,False,,False,0
291,0.8287932283693813,607633029352886,2D平面，1个旋转天主教圣母无玷始胎雕像 - 玛利亚，适用于教堂、家庭和办公室装饰，360°旋转亚克力装饰品，高品质印刷，基督教复活节礼物，洗礼，葬礼，宗教壁挂艺术品，用于祈祷,3.0,家居厨房用品,节日饰品,https://img.kwcdn.com/product/fancy/236ccfbe-6628-4aaf-ba86-d8a7a0e9c114.jpg,https://www.temu.com/search_result.html?search_key=607633029352886&search_method=user,912_无收录_去重训练库_无违禁.csv,False,,False,17
292,0.8287199038085521,605734871878951,吸尘器电机碳刷 2件装 6.3x11x30mm 碳刷金属塑料材质 兼容HVR200 HVM200 HVX200 HET200 NRV200,17.28,家居厨房用品,吸尘器及扫地机器人,https://img.kwcdn.com/product/fancy/ba0d1c26-67f8-446c-80f7-e27d1ae22282.jpg,https://www.temu.com/search_result.html?search_key=605734871878951&search_method=user,912_无收录_去重训练库_无违禁.csv,False,,False,2
293,0.8260670633913094,607045558318233,不锈钢开椰器创意椰子锥专用开椰壳,5.05,家居厨房用品,厨房用品,https://img.kwcdn.com/product/fancy/d81f7eb8-bc7a-45ec-b718-59621d2405e1.jpg,https://www.temu.com/search_result.html?search_key=607045558318233&search_method=user,912_无收录_去重训练库_无违禁.csv,False,,False,0
294,0.8257040839958528,606936976220404,"1pc Mixed Floral Silicone Cake Mold, Mousse Mold Mooncake Mold Baking Decoration Tool",4.29,家居厨房用品,烘焙用品,https://img.kwcdn.com/product/fancy/2a98cf1e-dda1-4946-88fc-27966c0057f5.jpg,https://www.temu.com/search_result.html?search_key=606936976220404&search_method=user,912_无收录_去重训练库_无违禁.csv,False,,False,0
295,0.8238743999436262,606070281968609,【】4pcs餐垫，鸽子爱情阴影画主题图案餐垫，12*18英寸，适用于餐桌、厨房、派对、室内、节日晚宴的日常使用，室内外家居装饰（餐垫）30.48x45.72厘米,5.66,家居厨房用品,餐厨布艺,https://img.kwcdn.com/product/fancy/14ad469d-fa8c-43f6-8b48-4b4ea5607e7c.jpg,https://www.temu.com/search_result.html?search_key=606070281968609&search_method=user,912_无收录_去重训练库_无违禁.csv,False,,False,0
296,0.8232373284292016,605634695147606,[2D Flat]1pc 装饰帆布画《蒙娜丽莎》经典肖像帆布画，优雅姿态与现代时尚元素完美融合的艺术佳作无框帆布画,2.98,家居厨房用品,墙面装饰,https://img.kwcdn.com/product/211a2a4bc84/48cf3890-ec73-4feb-8c28-b0fbf215545e_800x800.jpeg,https://www.temu.com/search_result.html?search_key=605634695147606&search_method=user,912_无收录_去重训练库_无违禁.csv,False,,False,0
297,0.822829219004425,606677399127798,【Posters & Prints】一张无框帆布画 2d平面版， 科斯·法西亚诺斯《和平鸽》签名石版画画布艺术 - 现代希腊艺术家签名和平鸽，包边墙画，适用于家居装饰、情人节、斋月、春季嘉年华等场合 - 2d平面版,1.3,家居厨房用品,墙面装饰,https://img.kwcdn.com/product/21f0664ba0/e732760f-4a66-4fce-9eb2-7dbf8dbe476f_800x800.jpeg,https://www.temu.com/search_result.html?search_key=606677399127798&search_method=user,912_无收录_去重训练库_无违禁.csv,False,,False,1
298,0.8228077030878366,607696245872301,4pcs可调式弹性床单带透明夹 - 防滑、易于清洁的尼龙紧固件，用于固定床上用品和沙发垫，黑色,2.75,家居厨房用品,床上用品,https://img.kwcdn.com/product/fancy/40689d7d-7e51-4f10-9c9c-2f1607d9b756.jpg,https://www.temu.com/search_result.html?search_key=607696245872301&search_method=user,912_无收录_去重训练库_无违禁.csv,False,,False,0
299,0.8224900957082936,606154923059420,2D flat Printing 3PCS/4PCS 灰金流纹浴室地垫简约风格现代艺术风格 浴室垫套装 马桶盖垫和地毯 浴室装饰 U型脚垫,11.6,家居厨房用品,浴室用品,https://img.kwcdn.com/product/open/42fad5f1fbcb4a0eb06964aef72a5aed-goods.jpeg,https://www.temu.com/search_result.html?search_key=606154923059420&search_method=user,912_无收录_去重训练库_无违禁.csv,False,,False,10
300,0.822164496225918,605522338089107,四件装枕套，秋季丰收主题枕套，南瓜向日葵乡村风格，感恩节沙发靠垫套，适合沙发、长椅和家居装饰，带可拆洗套的沙发腰枕，适用于客厅、卧室和汽车装饰,8.7,家居厨房用品,沙发装饰,https://img.kwcdn.com/product/open/65dca24e52104086b8599feac43fbad9-goods.jpeg,https://www.temu.com/search_result.html?search_key=605522338089107&search_method=user,912_无收录_去重训练库_无违禁.csv,False,,False,0
301,0.8214378008024993,606867182997861,1个木制十字架手持祈祷十字架 小型基督教祈祷十字架 励志礼物,2.7,家居厨房用品,节日饰品,https://img.kwcdn.com/product/open/64390bf1532f4b9c9451abf680a8ee0f-goods.jpeg,https://www.temu.com/search_result.html?search_key=606867182997861&search_method=user,912_无收录_去重训练库_无违禁.csv,False,,False,2
302,0.8213316814098849,606992408125749,"4pcs Mini Pan Set with Removable Bottom—Round, Non-stick Molds with Thick, Fluted Sides, Ideal for Making Mini Fruit, Savory, Cheesecakes, Pecan, and More",12.17,家居厨房用品,烘焙用品,https://img.kwcdn.com/product/open/b9d48c3c755449ae9b1e408b7c6ee7de-goods.jpeg,https://www.temu.com/search_result.html?search_key=606992408125749&search_method=user,912_无收录_去重训练库_无违禁.csv,False,,False,0
303,0.8210257666713455,607134410501366,"4pcs 13.46cm Stainless Steel Baking Trays, Compact Professional Bakeware for Bread, Cake, Brownies, Muffins and Desserts, Great for Home Kitchen, Thanksgiving, Halloween, Christmas & Holiday Party Baking",17.15,家居厨房用品,烘焙用品,https://img.kwcdn.com/product/open/8055082c491f4d9b96e0eb28f2c347fa-goods.jpeg,https://www.temu.com/search_result.html?search_key=607134410501366&search_method=user,912_无收录_去重训练库_无违禁.csv,False,,False,0
304,0.8206989484141209,607363117490110,10枚复古黑胶唱片磁贴，专为音乐爱好者设计，玻璃磁性冰箱贴，带有复古/45转/分钟标识，高清光滑表面，适用于冰箱、白板、储物柜、信箱——可作为乔迁礼物，用于家居办公室装饰，2D平面款,7.68,家居厨房用品,厨房用品,https://img.kwcdn.com/product/open/e2cae351c8134d7e8eb6685a3a532fb5-goods.jpeg,https://www.temu.com/search_result.html?search_key=607363117490110&search_method=user,912_无收录_去重训练库_无违禁.csv,False,,False,0
305,0.8202787795742642,607461096413671,1pc桌子装饰可爱的礼物为蝴蝶结 红色蝴蝶结雕像可爱的3D蝴蝶结装饰显示器和爱好者和桌子装饰爱好者 雕像摆件,1.36,家居厨房用品,家居装饰,https://img.kwcdn.com/product/fancy/e5f105e7-7a02-4d8f-aaa2-e614084ab605.jpg,https://www.temu.com/search_result.html?search_key=607461096413671&search_method=user,912_无收录_去重训练库_无违禁.csv,False,,False,1
306,0.8200041694443364,606641562959548,2D平面圣诞珍珠钻石画阳光捕捉器套装，手工制作，预组装金属链，亚克力圆形板带蕾丝边，3D混合尺寸珍珠珠子工艺品,4.26,家居厨房用品,家居装饰,https://img.kwcdn.com/product/open/0b8aa5c732f64004802443f9fd3d156d-goods.jpeg,https://www.temu.com/search_result.html?search_key=606641562959548&search_method=user,912_无收录_去重训练库_无违禁.csv,False,,False,0
307,0.8199704033061772,606245234783193,2D平面，1个装拳击犬警告亚克力圆形磁性冰箱磁铁，厨房装饰，拳击犬图案，复古风，物业保安，红黑色图案，星星点缀，非常适合家庭、橱柜、冰箱、洗碗机、黑板,1.67,家居厨房用品,厨房用品,https://img.kwcdn.com/product/2123a66064/fcedbd41-266d-45bc-8b51-809a48c07fa0_800x800.jpeg,https://www.temu.com/search_result.html?search_key=606245234783193&search_method=user,912_无收录_去重训练库_无违禁.csv,False,,False,0
308,0.8193164530657349,606914293418326,黑猫蘑菇屋万圣节礼物，送给猫咪爱好者的2D平面印刷造型毛绒抱枕，非常适合沙发卧室客厅舒适家居装饰，适用于办公室和汽车，抱枕礼物,11.66,家居厨房用品,床上用品,https://img.kwcdn.com/product/open/5d5629de003f4acd834302581c49a653-goods.jpeg,https://www.temu.com/search_result.html?search_key=606914293418326&search_method=user,912_无收录_去重训练库_无违禁.csv,False,,False,1
309,0.8192364033054227,601105753025267,5个装趣味监控摄像头警示牌，不准入侵标志 | 重型铁金属锡装饰，带预钻孔 - 监控摄像头、私有财产界限、警告标志 - 室内/室外装饰，适用于家庭、办公室、商业场所、车间，8x12英寸,33.26,家居厨房用品,家居装饰,https://img.kwcdn.com/product/fancy/15ac8927-ace0-4429-97f7-433d7b9058d8.jpg,https://www.temu.com/search_result.html?search_key=601105753025267&search_method=user,912_无收录_去重训练库_无违禁.csv,False,,False,0
310,0.8186256682925628,607693225956860,1pc 清新条纹 At home 字母绣花抱枕套 秋冬毛绒靠垫套沙发靠枕套 奶油风客厅民宿软装抱枕外套,12.3,家居厨房用品,沙发装饰,https://img.kwcdn.com/product/fancy/333b78a4-9e9f-4fcb-8e55-16043b2152c2.jpg,https://www.temu.com/search_result.html?search_key=607693225956860&search_method=user,912_无收录_去重训练库_无违禁.csv,False,,False,35
311,0.8177064366723031,607280372238778,，1pc，沙盒游戏丛林遗迹苔石方块像素纹样抱枕套 18x18 英寸单面印花 可机洗不易掉色 游戏主题民宿、宿舍靠枕套无枕芯,5.42,家居厨房用品,沙发装饰,https://img.kwcdn.com/product/open/9e925c555a8f4c72b9685721f9405e19-goods.jpeg,https://www.temu.com/search_result.html?search_key=607280372238778&search_method=user,912_无收录_去重训练库_无违禁.csv,False,,False,4
312,0.8172382814299768,606331134142069,小屋风格涤纶枕套2件套，现代奶牛和卡车秋季设计，机洗，拉链封口 - 乡村风格装饰枕套，适用于家庭、沙发、门廊 - 适合各种房间类型 18X18 英寸，不含枕芯,4.86,家居厨房用品,沙发装饰,https://img.kwcdn.com/product/fancy/62e292ba-9120-40ea-8602-dbf888da3d88.jpg,https://www.temu.com/search_result.html?search_key=606331134142069&search_method=user,912_无收录_去重训练库_无违禁.csv,False,,False,0
313,0.8167073852803758,606633979643630,1PC 思芸 贴标雪尼尔沙发垫套罩靠背巾， 防滑可水洗家居宠物狗友好，四季通用家具保护垫，卧室、办公室、客厅家居装饰，不包括靠背、扶手、抱枕套,5.54,家居厨房用品,沙发装饰,https://img.kwcdn.com/product/fancy/3f6665bf-cff7-4439-891b-1d112c7b83ba.jpg,https://www.temu.com/search_result.html?search_key=606633979643630&search_method=user,912_无收录_去重训练库_无违禁.csv,False,,False,3
314,0.816192708858418,606499862622511,二维平面，1件，无框帆布海报，可爱插画墙壁艺术，韩式烧烤美食艺术印刷品，现代帆布画，卧室厨房浴室墙面装饰，温馨家居装饰，房间装饰，画廊墙壁挂画，节日礼物，二维平面,3.17,家居厨房用品,墙面装饰,https://img.kwcdn.com/product/open/b66ba3025c104f35b6d067dc0c43bc5d-goods.jpeg,https://www.temu.com/search_result.html?search_key=606499862622511&search_method=user,912_无收录_去重训练库_无违禁.csv,False,,False,1
315,0.8161805837666758,606789336707386,2/4个超大容量衣物收纳袋，升级版条纹衣柜整理箱，带透明视窗和坚固手柄，重型防尘床下床品收纳箱，适用于搬家，节省空间的可折叠储物箱，床下收纳,6.26,家居厨房用品,衣橱收纳,https://img.kwcdn.com/product/fancy/8f4aed71-2c54-4cd9-812c-0673f11fc07d.jpg,https://www.temu.com/search_result.html?search_key=606789336707386&search_method=user,912_无收录_去重训练库_无违禁.csv,False,,False,0
316,0.8157457110709571,607062067144124,2D平面无框像素艺术海报1件 - 紫色骷髅骑士与狼战斗主题帆布画，复古游戏墙壁装饰，适用于游戏室、卧室，简约现代/玩家装饰,6.21,家居厨房用品,墙面装饰,https://img.kwcdn.com/product/fancy/89b2f458-e0b2-4b72-9098-47cac96cb45e.jpg,https://www.temu.com/search_result.html?search_key=607062067144124&search_method=user,912_无收录_去重训练库_无违禁.csv,False,,False,1
317,0.8154731334061458,606513468952526,2D平面画，2D平面画，平面2D木质画框艺术品，帆布画，描绘一颗红色波点南瓜，灵感来自库萨玛的流行艺术，非常适合节日送礼，送给家人的温馨礼物，卧室、客厅、浴室墙壁装饰的理想选择,10.6,家居厨房用品,墙面装饰,https://img.kwcdn.com/product/open/145509e90b384df9807682e43f7a4b9c-goods.jpeg,https://www.temu.com/search_result.html?search_key=606513468952526&search_method=user,912_无收录_去重训练库_无违禁.csv,False,,False,8
318,0.8144799282798028,606524407684249,"1pc, A Tissue Box, A Roll Paper Box, A Tissue Dispenser, Red And White Christmas Tree, Vintage Paper Box, Suitable for Kitchen, Living Room, Bedroom, Bathroom, And Car Tissue Boxes _Zh625Ms140",3.22,家居厨房用品,餐厅用品,https://img.kwcdn.com/product/algo_check/auto/1cf8299184555335c7103aaa6171782d_1782613996879.jpg,https://www.temu.com/search_result.html?search_key=606524407684249&search_method=user,912_无收录_去重训练库_无违禁.csv,False,,False,0
319,0.8143391340475002,606235654998646,"2D平面 1件装 复古金属锡牌 - ""汽车美容"" 墙壁装饰 带红色汽车与绿叶图案，适用于车库、家居或作为节日礼物的乡村铁艺艺术品，家居装饰 | 复古金属标牌 | 耐用墙壁艺术，金属墙壁艺术装饰，2D平面",3.39,家居厨房用品,家居装饰,https://img.kwcdn.com/product/201365d6d9b/44c0325d-a610-499e-8869-d355e97f2696_1000x1000.jpeg,https://www.temu.com/search_result.html?search_key=606235654998646&search_method=user,912_无收录_去重训练库_无违禁.csv,False,,False,1
320,0.8142037888629905,605888685433117,1件- 狮子 皇冠 皇家 符号 金色-2D圆形金属耐用磁贴，高质量印刷，适用于冰箱、写字板、橱柜和储物柜装饰，完美的家居或办公室装饰,1.39,家居厨房用品,厨房用品,https://img.kwcdn.com/product/algo_check/auto/cf8397550262fc5408b31d6ec7edbe07_1777287016717.jpg,https://www.temu.com/search_result.html?search_key=605888685433117&search_method=user,912_无收录_去重训练库_无违禁.csv,False,,False,0
321,0.8141098953829398,607622828760631,"4pcs 4.5 X 2.0-inch Mini Cake Pan Set, Durable Aluminum Non-stick, Round Cake Molds for Cheesecake, Quiche, and, Perfect for Valentine's Day Birthdays and a Must-have Baking Tool in the Home Kitchen",10.05,家居厨房用品,烘焙用品,https://img.kwcdn.com/product/open/4670086b65c840bf8d9ab777efe6944e-goods.jpeg,https://www.temu.com/search_result.html?search_key=607622828760631&search_method=user,912_无收录_去重训练库_无违禁.csv,False,,False,0
322,0.8138381025870997,606629349192849,"圣诞节主题的蛋糕喷花模，圣诞老人形状镂空模板，PET食品级材料蛋糕饼干装饰模板，婚礼生日派对蛋糕，甜品，饼干，翻糖蛋糕镂空模板, 可重复使用的圣诞节绘画镂空模板",2.37,家居厨房用品,烘焙用品,https://img.kwcdn.com/product/open/e1971f42f52c4919b5bfd031c947509f-goods.jpeg,https://www.temu.com/search_result.html?search_key=606629349192849&search_method=user,912_无收录_去重训练库_无违禁.csv,False,,False,0
323,0.813322901777519,607262856861081,"一件时尚的深绿色缎面桌布, 适用于婚礼装饰、订婚宴会、新娘派对、生日庆祝、节日活动、好友聚会、毕业典礼、下午茶聚会、家庭聚会、万圣节、感恩节、圣诞节、情人节、周末野餐、精致用餐和咖啡店桌面装饰派对桌布, 采用抗皱设计, 可重复使用",6.76,家居厨房用品,餐厨布艺,https://img.kwcdn.com/product/fancy/1d3e5d12-b893-4ae7-a52f-73c3cf6da4b7.jpg,https://www.temu.com/search_result.html?search_key=607262856861081&search_method=user,912_无收录_去重训练库_无违禁.csv,False,,False,0
324,0.8132422874744993,606739743248910,1幅装框竖式亚洲风/装饰艺术卷轴画 - 塑料画框带挂钩，竖版适用于房间/卧室/墙面装饰 - 水墨帆布海报，现代艺术画作，竖挂装饰品,5.94,家居厨房用品,墙面装饰,https://img.kwcdn.com/product/open/67c6bc58d5e34f55b680e5b4f88f1a01-goods.jpeg,https://www.temu.com/search_result.html?search_key=606739743248910&search_method=user,912_无收录_去重训练库_无违禁.csv,False,,False,0
325,0.8129255581546186,607460827972172,"36 Luminous Mini Resin Turtles, Luminous Little Turtles with Hidden Miniature Figures, Small Plastic Sea Animals for Garden, Miniature Landscape, Toy House, Home Decoration Crafts, Random Color Mixing",3.72,家居厨房用品,节日饰品,https://img.kwcdn.com/product/fancy/ddbe9aab-c648-4148-951f-1fc7e37385e1.jpg,https://www.temu.com/search_result.html?search_key=607460827972172&search_method=user,912_无收录_去重训练库_无违禁.csv,False,,False,0
326,0.8120239122924036,607500489305200,2D平面画作，1件猎鹰鸟类海报艺术印刷品 - 水彩画，适用于XXX绘画，艺术家签名，适用于XXX，现代极简主义风格，适用于XXX，适用于卧室、宿舍墙壁装饰 - 无框猎鹰画作，2D平面,7.87,家居厨房用品,墙面装饰,https://img.kwcdn.com/product/fancy/5507bb4c-a806-4ddf-94b1-f03cb411a315.jpg,https://www.temu.com/search_result.html?search_key=607500489305200&search_method=user,912_无收录_去重训练库_无违禁.csv,False,,False,0
327,0.8116661044419741,607252790531620,1件、冰蓝色涤纶网纱椅套、多尺寸可选、婚礼派对首选拱门装饰纱幔、氛围感桌面装饰桌旗、婚礼签到台背景布置、浪漫室内外仪式天花板悬挂式装饰薄纱、适合夏日泳池派对、教堂仪式、周年纪念日、海边婚礼、新娘送礼会、舞台背景、单身派对、好友轰趴、花园主题婚礼、生日,5.27,家居厨房用品,沙发装饰,https://img.kwcdn.com/product/open/1e01c4833eb145e38ff16db6611b6088-goods.jpeg,https://www.temu.com/search_result.html?search_key=607252790531620&search_method=user,912_无收录_去重训练库_无违禁.csv,False,,False,0
328,0.8105326887856276,607090655505967,蝶形午睡枕 人体工学颈项枕 办公室午休枕 学生午休趴睡枕 多场景使用身体枕,7.4,家居厨房用品,床上用品,https://img.kwcdn.com/product/fancy/ecc49cbe-e3a5-4aaa-a8c6-6ddc01c85748.jpg,https://www.temu.com/search_result.html?search_key=607090655505967&search_method=user,912_无收录_去重训练库_无违禁.csv,False,,False,0
329,0.8099429477400824,607629539654893,"1pc Ice Cube Trays - Easy-Release, No Leakage, Perfect for Whiskey, Juice, and Parties, Home Bar Essentials, Drink Accessories, Nonstick Surface, Flexible Tray, Freezer Tray, Home Bartenders, Whiskey Lovers",2.33,家居厨房用品,厨房用品,https://img.kwcdn.com/product/open/05aea233e1644171b5b13c7fec1a63e3-goods.jpeg,https://www.temu.com/search_result.html?search_key=607629539654893&search_method=user,912_无收录_去重训练库_无违禁.csv,False,,False,0
330,0.8099259254410401,607474249741030,个性化照片冰箱磁铁，提供五种风格，适用于冰箱，强力且可重复使用的磁铁，可定制照片，适合橱柜和储物柜。,1.74,家居厨房用品,厨房用品,https://img.kwcdn.com/product/fancy/623b8923-126e-4d99-a234-fe69ada179ac.jpg,https://www.temu.com/search_result.html?search_key=607474249741030&search_method=user,912_无收录_去重训练库_无违禁.csv,False,,False,0
331,0.8098464760553993,607674972356602,2D平面旗帜，2D平面 - 1件2D旗帜 黑金色70岁生日快乐主题背景，搭配金黑气球、镶钻数字、金色星星与卷曲花纹元素，采用聚酯材质制作，派个装饰适用，可作为节日礼物赠送，适合室内外生日庆祝活动，可作为拍照背景、墙面装饰，适用于家庭聚会、餐厅布置、户外派个、工作,14.9,家居厨房用品,节日聚会用品,https://img.kwcdn.com/product/fancy/df9c507f-6d36-4f1e-8593-714d938a2aee.jpg,https://www.temu.com/search_result.html?search_key=607674972356602&search_method=user,912_无收录_去重训练库_无违禁.csv,False,,False,1
332,0.8096009423442696,607440561091607,二维平面画作，2D无框帆布油画，单幅，高品质帆布艺术品，现代墙壁装饰海报，简约风格，两条眼神富有表现力的卡通金鱼，适用于客厅与卧室，是雅致的家居装饰品,1.62,家居厨房用品,墙面装饰,https://img.kwcdn.com/product/open/2e04b428bf4f49269b12a4264285ec72-goods.jpeg,https://www.temu.com/search_result.html?search_key=607440561091607&search_method=user,912_无收录_去重训练库_无违禁.csv,False,,False,0
333,0.8085914598528816,607178702319922,2个装 磁性波西米亚风窗帘挂钩，适用于窗帘绳，窗帘后拉绳，家居装饰窗户处理,4.5,家居厨房用品,窗饰及配件,https://img.kwcdn.com/product/fancy/2af24384-6ff2-4648-ba04-7c9a47de7282.jpg,https://www.temu.com/search_result.html?search_key=607178702319922&search_method=user,912_无收录_去重训练库_无违禁.csv,False,,False,0
334,0.8085842792033204,607373720677654,1PC 罗兰 波西米亚异形舒棉绒沙发垫套罩靠背巾，家居宠物狗友好，防滑可水洗家具保护垫，卧室、办公室、客厅家居装饰，不包括靠背、扶手、抱枕套,13.96,家居厨房用品,沙发装饰,https://img.kwcdn.com/product/fancy/013dfd72-eb59-46ac-a254-8ab031ef2867.jpg,https://www.temu.com/search_result.html?search_key=607373720677654&search_method=user,912_无收录_去重训练库_无违禁.csv,False,,False,3
335,0.8085698412071455,607099245396122,4张冬季冰柱窗贴，霜冻雪顶冰柱雪花雪球散布图案，易于安装双面可见静电窗贴，适用于客厅玻璃窗的酷冬假日家居装饰贴花,3.04,家居厨房用品,窗饰及配件,https://img.kwcdn.com/product/open/28ce407583fb4fb2be66e47fee9a0aed-goods.jpeg,https://www.temu.com/search_result.html?search_key=607099245396122&search_method=user,912_无收录_去重训练库_无违禁.csv,False,,False,0
336,0.8085283060282349,606894160725116,"1 Roll Transparent Grid Texture Electrostatic Adsorption Window Privacy Film, Suitable for Home And Office Use - Made of PVC Material, Electrostatic Adsorption Film for Glass Doors, Mirrors, Panels, Paste-On Installation And Removal",8.37,家居厨房用品,窗饰及配件,https://img.kwcdn.com/product/open/57a4a18ddadd4717908baf3caf0ba79e-goods.jpeg,https://www.temu.com/search_result.html?search_key=606894160725116&search_method=user,912_无收录_去重训练库_无违禁.csv,False,,False,3
337,0.8084495870540775,606763365596390,坐龙金属墙饰，翅膀龙石环框剪影梦幻中世纪哥特金属墙面装饰,8.97,家居厨房用品,家居装饰,https://img.kwcdn.com/product/open/506a7ca0e7394ab1ab585c52a181bd14-goods.jpeg,https://www.temu.com/search_result.html?search_key=606763365596390&search_method=user,912_无收录_去重训练库_无违禁.csv,False,,False,0
338,0.8079569362688166,601100995140460,1幅带框抽象墙画，波浪线条与几何形状 - 竖版极简/装饰艺术/现代风格绘画，竖版画布印刷，适用于卧室、办公室 - 挂钩式装饰画，理想礼物，夏秋装饰,7.02,家居厨房用品,墙面装饰,https://img.kwcdn.com/product/open/f0d426e9b1944121983f1d761ddb7fec-goods.jpeg,https://www.temu.com/search_result.html?search_key=601100995140460&search_method=user,912_无收录_去重训练库_无违禁.csv,False,,False,11
339,0.8073569777231622,605718027552488,2D平面，1个装秋季狼个子亚克力圆形磁性冰箱磁铁，两只狼，森林小溪，厨房装饰，石头小路，金色枫叶，山脉背景，非常适合家庭、橱柜、冰箱、洗碗机、黑板,1.91,家居厨房用品,厨房用品,https://img.kwcdn.com/product/217a7c4a1c/d361efe2-214d-4758-afc8-4476cf864eb0_800x800.jpeg,https://www.temu.com/search_result.html?search_key=605718027552488&search_method=user,912_无收录_去重训练库_无违禁.csv,False,,False,0
340,0.8071779465658265,606807992983034,38PCS 黑色小铲勺 多用小勺子 可重复使用 适用于酸奶、布丁、蛋糕 情人节 野餐 生日聚会餐具用品,3.43,家居厨房用品,餐厅用品,https://img.kwcdn.com/product/open/999bb7ef1c8e4a7086b595410d8df630-goods.jpeg,https://www.temu.com/search_result.html?search_key=606807992983034&search_method=user,912_无收录_去重训练库_无违禁.csv,False,,False,0
341,0.8065606966267551,601104707769297,2只装 10.6*6.7英寸格纹图案设计风格大号烤箱手套 耐高温446°F（230°C） 耐用大号烤箱手套 男女皆宜的理想厨房礼物 烹饪防护工具 烘焙必备 ZD,8.08,家居厨房用品,餐厨布艺,https://img.kwcdn.com/product/open/5cb20d110dd041d1a387abdced31e3fe-goods.jpeg,https://www.temu.com/search_result.html?search_key=601104707769297&search_method=user,912_无收录_去重训练库_无违禁.csv,False,,False,0
342,0.8064974518337341,605655834407581,幽默烤肉大道金属标牌，复古嘉年华风格金属装饰，适用于您的家庭影院，尺寸为16X4英寸,9.55,家居厨房用品,家居装饰,https://img.kwcdn.com/product/fancy/ae648b10-9dce-4cb1-a878-7180e14ccacf.jpg,https://www.temu.com/search_result.html?search_key=605655834407581&search_method=user,912_无收录_去重训练库_无违禁.csv,False,,False,0
343,0.8062705918773457,607464183428679,"Flannel Blanket Single Piece, K-Pop Concert Stage Design, Soft Skin-Friendly Lightweight Blanket, Suitable for Living Room Sofa Bedroom Nap Camping Home Decor Throw",9.2,家居厨房用品,毯子,https://img.kwcdn.com/product/open/1fb82d7544b94c5490c100bb69925017-goods.jpeg,https://www.temu.com/search_result.html?search_key=607464183428679&search_method=user,912_无收录_去重训练库_无违禁.csv,False,,False,2
344,0.8055036107677394,605815268281674,2D平面单件装两个小矮人带心形图案，亲肤夏季轻薄被，夏季凉被，薄而舒适，透气性好，助您入睡如梦，提供大、中、小尺寸，四季皆宜，质地顺滑,33.28,家居厨房用品,床上用品,https://img.kwcdn.com/product/2123a62b1c/8e533cdb-e3b2-4763-992d-c5e470008d48_1500x1500.jpeg,https://www.temu.com/search_result.html?search_key=605815268281674&search_method=user,912_无收录_去重训练库_无违禁.csv,False,,False,0
345,0.8051698151763553,606954021849999,4 件，秋季林间动物风格抱枕套，带松鼠小鹿刺猬猫头鹰枫叶图案印花设计，秋收节日家居装饰枕套，拉链闭合方形靠垫套，柔软舒适，适用于厨房沙发、客厅、卧室、户外、床品节日装饰，不含枕芯，可机洗，单面印花,5.53,家居厨房用品,沙发装饰,https://img.kwcdn.com/product/open/05fde36e7ef94ad88c721928e400799e-goods.jpeg,https://www.temu.com/search_result.html?search_key=606954021849999&search_method=user,912_无收录_去重训练库_无违禁.csv,False,,False,0
346,0.8045799004806582,607649001269849,长翅膀捧星星的兔子 白色小摆件 动物工艺品 家居装饰摆件、办公室、车用摆件、生日、圣诞节，万圣节礼物的完美选择，适合萌宠爱好者，星空治愈主题装饰品，耐用收藏品，兔子爱好者必备，是送给女友和朋友/家人的好搭档,1.45,家居厨房用品,节日饰品,https://img.kwcdn.com/product/fancy/02b0da86-190e-47fe-a7e8-d0437885edd0.jpg,https://www.temu.com/search_result.html?search_key=607649001269849&search_method=user,912_无收录_去重训练库_无违禁.csv,False,,False,1
347,0.8045116098828622,606950532194836,"6pcs Bohemian White Frosted Shockproof Vase Suitable for Dried Flowers, Durable Plastic Round Cylinder Vases with Matte, Minimalist Table Centerpiece for Home Office Desk Shelf Decor, Safe for & Pets, Suitable for Home, Rental House",7.59,家居厨房用品,家居装饰,https://img.kwcdn.com/product/fancy/9914374c-d5d4-4fe3-8708-5a8614e51986.jpg,https://www.temu.com/search_result.html?search_key=606950532194836&search_method=user,912_无收录_去重训练库_无违禁.csv,False,,False,0
348,0.8040205693625564,607028915363069,1PC 牛马绵羊猪鸡鸭动物主题窗贴，农场动物元素玻璃贴纸，静电吸附免胶可移除装饰贴纸，厨房、农舍玻璃门窗美化装饰贴，2D平面,1.71,家居厨房用品,窗饰及配件,https://img.kwcdn.com/product/fancy/b553a38e-1be3-410f-91e9-12c3699e8c09.jpg,https://www.temu.com/search_result.html?search_key=607028915363069&search_method=user,912_无收录_去重训练库_无违禁.csv,False,,False,0
349,0.8039747109851609,606917514646913,7片装 高品质冰箱垫内衬 -冰箱架垫，可重复使用冰箱收纳垫易于清洁，可水洗，耐用EVA材质，适用于冷冻箱、搁板、橱柜，厨房必备品，搁板内衬,2.81,家居厨房用品,餐厅用品,https://img.kwcdn.com/product/open/103db639d69b4e8ba58ee0431f5a1cb8-goods.jpeg,https://www.temu.com/search_result.html?search_key=606917514646913&search_method=user,912_无收录_去重训练库_无违禁.csv,False,,False,0
350,0.8022560565951724,607255609087143,"Large Capacity Clothes Storage Bag Heavy Duty Non-woven Organizer Box Clear Window for Comforters Blankets Bedding Under Bed, Under-Bed Storage",3.43,家居厨房用品,衣橱收纳,https://img.kwcdn.com/product/fancy/818229e6-7f04-4479-b2c4-acfeb690cdba.jpg,https://www.temu.com/search_result.html?search_key=607255609087143&search_method=user,912_无收录_去重训练库_无违禁.csv,False,,False,8
351,0.8020502722866572,606746387012044,"6/12/24pcs Personalized Vintage Disco Men Portrait Cake Toppers, Custom Upload Photo Figure Decorations, Retro Style Baking Additions for Men'S Birthday, Retro Themed Parties, Nostalgic Gatherings & Mousse Cake Dessert Table Layout",1.95,家居厨房用品,节日聚会用品,https://img.kwcdn.com/product/fancy/022f80b5-624e-44a5-a41a-043f7a50c4f5.jpg,https://www.temu.com/search_result.html?search_key=606746387012044&search_method=user,912_无收录_去重训练库_无违禁.csv,False,,False,1
352,0.8018270945020278,607067838466366,30个装窗帘圈，带挂钩的窗帘环，浴帘挂钩，浴帘环，浴帘用环，适用于浴室、客厅、卧室、厨房（银色）,4.87,家居厨房用品,窗饰及配件,https://img.kwcdn.com/product/fancy/fba0987f-b693-448b-8b27-a1e82d0492f2.jpg,https://www.temu.com/search_result.html?search_key=607067838466366&search_method=user,912_无收录_去重训练库_无违禁.csv,False,,False,0
353,0.8016590968329195,607193868933857,"2D平面圆形木制标牌墙 आर्ट, 金色生命之树圆形家居装饰, 星空元素, 神秘风格, 适用于客厅, 卧室, 边厅, 避雨通道, 室内外装饰, 耐用",1.8,家居厨房用品,节日饰品,https://img.kwcdn.com/product/2123a60e88/1aa66366-b2c1-40ee-846a-605dfc8e0d37_800x800.jpeg,https://www.temu.com/search_result.html?search_key=607193868933857&search_method=user,912_无收录_去重训练库_无违禁.csv,False,,False,0
354,0.801582666704771,605733814922160,4 件，绿植抱枕套，带干花植物图案印花设计，复古风格，春夏季家居装饰枕套，拉链闭合方形靠垫套，柔软舒适，单面印花，不含枕芯，可机洗，适用于客厅 沙发 床 卧室 房间 汽车 办公室 农舍 家居 户外装饰，节日装饰。,7.15,家居厨房用品,沙发装饰,https://img.kwcdn.com/product/open/18183f8456394b89bca86135b35905f2-goods.jpeg,https://www.temu.com/search_result.html?search_key=605733814922160&search_method=user,912_无收录_去重训练库_无违禁.csv,False,,False,0
355,0.8014760307246002,607610346566161,1件个性化照片磁贴，适用于冰箱装饰，可展示面部照片与文字/图案，身体磁贴可作为送给爸爸丈夫的礼物，带照片上传功能，适合作为父亲节或男士生日礼物,2.48,家居厨房用品,厨房用品,https://img.kwcdn.com/product/open/11a13befec864e9998d6bb02bccbc1aa-goods.jpeg,https://www.temu.com/search_result.html?search_key=607610346566161&search_method=user,912_无收录_去重训练库_无违禁.csv,False,,False,0
356,0.8005645515460358,607455190851127,4pcs（2个盒子+2个盖子）密封面包盒，防水耐用的塑料多用途保鲜盒，带翻盖式闭合，小型吐司和面包的理想之选,6.81,家居厨房用品,厨房收纳,https://img.kwcdn.com/product/open/9f5e6b7a231940e7be7f9b62124a9d74-goods.jpeg,https://www.temu.com/search_result.html?search_key=607455190851127&search_method=user,912_无收录_去重训练库_无违禁.csv,False,,False,0
357,0.8005369176708849,607438749171341,"Wet-waxed Canvas Portable Knife Storage Pouch, Wear-resistant, Waterproof, and Highly Durable. Can Store Multiple Kitchen Knives, Serving as an Alternative to Traditional Kitchen Knife Blocks or Storage Boxes. Includes Matching Blade Protective",8.68,家居厨房用品,厨房用品,https://img.kwcdn.com/product/fancy/3aba84dd-dfe8-4821-8ef4-fe0b4a227c15.jpg,https://www.temu.com/search_result.html?search_key=607438749171341&search_method=user,912_无收录_去重训练库_无违禁.csv,False,,False,2
358,0.8003523910597312,607682824133590,9pcs Random Color Cake Mold Round Muffin Cupcake Baking Mold Kitchen Cooking Baking Pan DIY Cake Decorating Tool,3.49,家居厨房用品,烘焙用品,https://img.kwcdn.com/product/fancy/0ed5f08f-fac8-4111-bb9f-a61aa91b91ea.jpg,https://www.temu.com/search_result.html?search_key=607682824133590&search_method=user,912_无收录_去重训练库_无违禁.csv,False,,False,2
359,0.7995143465931517,606499862622189,"Strong Suction Cup Hook Clothes Hangers Sucker Hooks Wall Cups Handbag Key Coat, Utility Hooks",4.61,家居厨房用品,家庭收纳,https://img.kwcdn.com/product/open/4335f26a113f4922b81aac609aaa6365-goods.jpeg,https://www.temu.com/search_result.html?search_key=606499862622189&search_method=user,912_无收录_去重训练库_无违禁.csv,False,,False,0
360,0.7987178534681443,606867182998170,1PC英国，伦敦，大本钟，手工立体，彩绘树脂，家居装饰，旅游纪念品，磁性冰箱贴,4.69,家居厨房用品,厨房用品,https://img.kwcdn.com/product/fancy/c4fd2372-a36f-4689-891a-ba2751997b19.jpg,https://www.temu.com/search_result.html?search_key=606867182998170&search_method=user,912_无收录_去重训练库_无违禁.csv,False,,False,8
361,0.7986581112938822,607293324276027,2件装大号可折叠织物收纳盒，带透明视窗和翻盖式盖子，适用于衣物、衣柜整理，防潮防尘大容量移动箱，节省空间多功能，可用于床头、食品储藏室、床下收纳,3.39,家居厨房用品,衣橱收纳,https://img.kwcdn.com/product/open/7b96a5657b024ac8824aefa3f49b0e30-goods.jpeg,https://www.temu.com/search_result.html?search_key=607293324276027&search_method=user,912_无收录_去重训练库_无违禁.csv,False,,False,0
362,0.7977789076048151,607043612198427,5个站立式海洋动物主题螃蟹海马乌龟海豚 81.28 cm 蓝色数字铝箔气球套装，适用于生日派个、海洋主题、氛围装饰,3.65,家居厨房用品,节日聚会用品,https://img.kwcdn.com/product/fancy/eded8fd8-0c75-46c0-bcd0-fdf63b53a6ba.jpg,https://www.temu.com/search_result.html?search_key=607043612198427&search_method=user,912_无收录_去重训练库_无违禁.csv,False,,False,84
363,0.7975593132194629,606813093247125,万圣节风格夜光绿色眼睛马桶贴，防水家居装饰贴画，通用可贴多场景创意氛围感装饰贴纸,1.34,家居厨房用品,家居装饰,https://img.kwcdn.com/product/open/e20eaf26d99c4c988099329eaf9e8071-goods.jpeg,https://www.temu.com/search_result.html?search_key=606813093247125&search_method=user,912_无收录_去重训练库_无违禁.csv,False,,False,0
364,0.797249239649781,607085018369996,"Large Cube of Ice Trays - Enormous Cocktail, Scotch Whiskey Cube of Ice, Easy Release Reusable Ice Cubes",4.07,家居厨房用品,厨房用品,https://img.kwcdn.com/product/open/51cdf49b80004d71a10256e103f8e9a2-goods.jpeg,https://www.temu.com/search_result.html?search_key=607085018369996&search_method=user,912_无收录_去重训练库_无违禁.csv,False,,False,0
365,0.7971176892301114,607063811966370,Posters & Prints2D平面，一张无框帆布画，这款水彩画描绘了一幅动漫风格的迷人月亮水母，非常适合在宁静的家中展示现代海洋主题装饰，画家亲笔签名。,1.58,家居厨房用品,墙面装饰,https://img.kwcdn.com/product/21f0664dd0/9b3b0c0a-93b1-4164-9d04-3a17f8513609_800x800.jpeg,https://www.temu.com/search_result.html?search_key=607063811966370&search_method=user,912_无收录_去重训练库_无违禁.csv,False,,False,0
366,0.7967700375347712,607203398388730,可定制人像捏捏肚亚克力冰箱贴， Q 弹软肚防撞， 情侣亲子父母纪念， 母亲节父亲节趣味家居小礼物，/厨房用具和小工具/厨房用具,2.17,家居厨房用品,厨房用品,https://img.kwcdn.com/product/fancy/8df54ed7-0212-4158-ad7b-9bfedc7c2cf1.jpg,https://www.temu.com/search_result.html?search_key=607203398388730&search_method=user,912_无收录_去重训练库_无违禁.csv,False,,False,0
367,0.7962549841186666,601102308756615,2D/平面，1件，100%手绘时尚抽象油画，当代艺术家手绘油画，现代油画美学墙面装饰，北欧波西米亚风格壁画，轻奢风格艺术油画装饰品，现代厚重质感刀画，适合家庭办公室客厅入口装饰画，艺术装饰品，节日礼物，非常适合作为礼物或个人家居装饰，非印刷，无框,42.78,家居厨房用品,墙面装饰,https://img.kwcdn.com/product/open/16efcce0e93d4305bca39c515181a7c8-goods.jpeg,https://www.temu.com/search_result.html?search_key=601102308756615&search_method=user,912_无收录_去重训练库_无违禁.csv,False,,False,1
368,0.7959765197580856,601105395296800,"2D Flag Banner, 1pc 新年门盖， 2026新年装饰横幅 金色节日派对背景墙布置挂旗 70.8in*35.4in，涤纶材质",6.16,家居厨房用品,节日聚会用品,https://img.kwcdn.com/product/open/7f600a4c6e194a738a54e8e8f51f826d-goods.jpeg,https://www.temu.com/search_result.html?search_key=601105395296800&search_method=user,912_无收录_去重训练库_无违禁.csv,False,,False,0
369,0.7953282262810359,606364889894513,海报与印刷品【2D平面】1件无框帆布画，多尺寸无框装饰画酷黑猫咪戴墨镜，捧着粉色冰淇淋帅气吸睛个性有趣的开学季毕业季不带画框，现代家居艺术装饰画，开学季毕业季节日礼物，适用于客厅卧室厨房浴室的帆布画,4.52,家居厨房用品,墙面装饰,https://img.kwcdn.com/product/open/943d792a03024d679a3e11f6a73a3a77-goods.jpeg,https://www.temu.com/search_result.html?search_key=606364889894513&search_method=user,912_无收录_去重训练库_无违禁.csv,False,,False,10
370,0.7948656528991632,605691452483585,1件厨师和服务员围裙，图案为汉堡、奶油汉堡和牛排汉堡，非常适合烧烤和烹饪,2.91,家居厨房用品,厨房用品,https://img.kwcdn.com/product/open/28acdc1c85d5429dae756b37aebba1f8-goods.jpeg,https://www.temu.com/search_result.html?search_key=605691452483585&search_method=user,912_无收录_去重训练库_无违禁.csv,False,,False,0
371,0.7947733597613847,606293553201564,8包（4400张）超厚加量抽纸，高品质纸巾，柔软舒适，可湿水,14.46,家居厨房用品,清洁用品,https://img.kwcdn.com/product/fancy/5c540349-f749-479c-8214-9d84f24f0816.jpg,https://www.temu.com/search_result.html?search_key=606293553201564&search_method=user,912_无收录_去重训练库_无违禁.csv,False,,False,1
372,0.7945941557277154,607541291513534,2D平面海报与印刷品，2D平面三联画 2D平面航空母舰抽象帆布墙壁艺术画作 带画框 可直接悬挂 现代海军舰艇海报与印刷品 适用于男士洞穴装饰 创意家居装饰 画廊品质。专为艺术爱好者设计，2D平面,13.19,家居厨房用品,墙面装饰,https://img.kwcdn.com/product/open/e31212aaf8ad4bd694ab05ef9f160eea-goods.jpeg,https://www.temu.com/search_result.html?search_key=607541291513534&search_method=user,912_无收录_去重训练库_无违禁.csv,False,,False,0
373,0.7943137519955467,607224604802619,75pcs重型加厚防漏和防臭垃圾袋 - 超大厚塑料袋，防漏，防臭，抗撕裂，适用于家庭，办公室，厨房，浴室，户外，商业使用 - 兼容垃圾桶和垃圾桶，厨房废物处理，防臭材料,3.58,家居厨房用品,清洁用品,https://img.kwcdn.com/product/open/fa5a6ecc93124a6a8688817481d54ab4-goods.jpeg,https://www.temu.com/search_result.html?search_key=607224604802619&search_method=user,912_无收录_去重训练库_无违禁.csv,False,,False,0
374,0.7942970193925154,605622665893288,"1件2D春夏氛围感花卉桌旗 彩色花草印花餐旗 ,不仅可以做餐桌旗，还能放在餐边柜、玄关柜、电视柜上做装饰盖布，春日野餐、节日派对也能用来布置，轻松提升家居格调",1.95,家居厨房用品,餐厨布艺,https://img.kwcdn.com/product/fancy/7d8c4722-6f2e-4c02-bebb-ee8a0c028350.jpg,https://www.temu.com/search_result.html?search_key=605622665893288&search_method=user,912_无收录_去重训练库_无违禁.csv,False,,False,3
375,0.7937394734213458,607289297719884,1PC 三格咖啡杯分配架 木质底座台面收纳 纸杯盖吸管分类存放 厨房咖啡厅办公桌整理器,23.14,家居厨房用品,咖啡用品,https://img.kwcdn.com/product/open/9e472107ff1049308d64858be10efde8-goods.jpeg,https://www.temu.com/search_result.html?search_key=607289297719884&search_method=user,912_无收录_去重训练库_无违禁.csv,False,,False,0
376,0.7934438856165069,607355332833359,"2D Flat 2D Flat 2D Plane Rotating Acrylic Christmas Scene Desktop Ornament - Holy Family And Young, Mary, And Joseph, Shepherds And Sheep, Starry Night, No Electricity Needed, Elegant Christmas Home Decor, Spiritual Atmosphere Enhancer",1.36,家居厨房用品,节日饰品,https://img.kwcdn.com/product/open/df2d1339c2354309b28f96092b5cf763-goods.jpeg,https://www.temu.com/search_result.html?search_key=607355332833359&search_method=user,912_无收录_去重训练库_无违禁.csv,False,,False,5
377,0.7930708939469261,607431836945062,1Pc，航母海景名画欣赏艺术品经典古典帆布画-花纹金色边框-墙面装饰帆布画艺术品，非常适合家居装饰，圣诞礼物，墙壁艺术，30x40 厘米，绘画作品,19.8,家居厨房用品,墙面装饰,https://img.kwcdn.com/product/fancy/142f795e-1707-4c3f-ac33-f6ee9b0ff95b.jpg,https://www.temu.com/search_result.html?search_key=607431836945062&search_method=user,912_无收录_去重训练库_无违禁.csv,False,,False,0
378,0.7916961626717173,606384821234508,1个可爱大象磁性冰箱贴，配有粉色波点蝴蝶结和心形爪垫 - 花卉亚克力圆形，适用于家庭、橱柜、洗碗机，粉色蝴蝶结适用于冰箱装饰、房间、欢迎语牌，2D平面,1.95,家居厨房用品,厨房用品,https://img.kwcdn.com/product/2123a628b0/7e688508-d3fa-469c-b8a4-f81922d2cac2_800x800.jpeg,https://www.temu.com/search_result.html?search_key=606384821234508&search_method=user,912_无收录_去重训练库_无违禁.csv,False,,False,0
379,0.791546850083615,606602035847447,1pc Single Hole Large Size Pistachio Mousse Cake Silicone Mold Thickened Creative Nut Shape Chocolate Pudding Jelly Dessert Sponge Cake Baking Tool 3D Candle Gypsum Mold Handmade Craft Holiday Gift,5.78,家居厨房用品,烘焙用品,https://img.kwcdn.com/product/fancy/3cfaaa18-0197-424b-b2d9-03af9a401e1f.jpg,https://www.temu.com/search_result.html?search_key=606602035847447&search_method=user,912_无收录_去重训练库_无违禁.csv,False,,False,0
380,0.7913754224396436,606911072144462,9PCS迷你夜光外星人摆件 diy装饰品配件 桌面小摆件 万圣节圣诞节礼物 款式随机,2.34,家居厨房用品,节日饰品,https://img.kwcdn.com/product/fancy/7cdbd38f-1e2b-40b4-8435-62d4189db71c.jpg,https://www.temu.com/search_result.html?search_key=606911072144462&search_method=user,912_无收录_去重训练库_无违禁.csv,False,,False,1
381,0.7910815986949535,607184071000824,"2pcs Transparent Book Storage Boxes, and Home Use, Organizer for Old Books, Student Desktop Transparent Foldable Book Box Bag, 180° Flip-Top Design, Convenient, Quick, and Space-Saving, A Great Helper for Home Storage, Stylish and Durable",7.23,家居厨房用品,家庭收纳,https://img.kwcdn.com/product/fancy/27aeedfd-1c1d-4114-934a-a0a31d0c59b1.jpg,https://www.temu.com/search_result.html?search_key=607184071000824&search_method=user,912_无收录_去重训练库_无违禁.csv,False,,False,2
382,0.7908702995902093,606324423279297,2 件套 少女粉细条纹底方框白鹅印花抱枕套 浅粉竖条纹底色，中间波浪米白方框，框内手绘可爱大白鹅搭配嫩黄花枝绿叶，软萌治愈卡通田园图案，客厅沙发、儿童房、飘窗通用靠枕套 多尺寸可选 不含枕芯,7.06,家居厨房用品,沙发装饰,https://img.kwcdn.com/product/open/aab66e6c53714c9bad91c88a02577b10-goods.jpeg,https://www.temu.com/search_result.html?search_key=606324423279297&search_method=user,912_无收录_去重训练库_无违禁.csv,False,,False,0
383,0.7902362856894862,607126760065036,"冰箱装饰贴, 家居氛围装饰, 可爱风格储物柜装饰, 磁吸彩色冰箱装饰, 厨房冰箱装饰, 透明玻璃, 方形图像, 家居客厅/办公室装饰, 冰箱门贴装饰, 厨房与家居装饰礼品, 时尚纪念品",2.06,家居厨房用品,厨房用品,https://img.kwcdn.com/product/open/359b7add22954b9990717b7afc5d15d7-goods.jpeg,https://www.temu.com/search_result.html?search_key=607126760065036&search_method=user,912_无收录_去重训练库_无违禁.csv,False,,False,0
384,0.7901610673316714,606907045650254,2件装热带龟背竹叶蛋糕装饰套装，食品级PET蛋糕镂空模板配软质奶油刮刀，可重复使用模板，适用于蛋糕、翻糖、饼干、拿铁拉花、节日烘焙DIY装饰工具,1.86,家居厨房用品,烘焙用品,https://img.kwcdn.com/product/open/bdef9c875b144811be03c93a5950bc6a-goods.jpeg,https://www.temu.com/search_result.html?search_key=606907045650254&search_method=user,912_无收录_去重训练库_无违禁.csv,False,,False,3
385,0.7898632372327501,606096253149099,二维平面，1件装公牛徽章亚克力圆形磁性冰箱贴，西班牙文字，冲锋公牛浮雕，圆形纹章设计，红金配色，厨房装饰，适用于家庭、橱柜、冰箱、洗碗机、黑板，二维平面,2.5,家居厨房用品,厨房用品,https://img.kwcdn.com/product/2123a62d0c/710ff89b-cc33-4c4b-8d16-95e75e35c330_800x800.jpeg,https://www.temu.com/search_result.html?search_key=606096253149099&search_method=user,912_无收录_去重训练库_无违禁.csv,False,,False,0
386,0.7897050550767464,601104793071427,2只大号烤箱手套 - 耐热高达446°F (230°C)，蓝色调抽象艺术厨房，耐用适合烘焙、烹饪、烧烤 - 理想选择，完美的圣诞/感恩节礼物,7.71,家居厨房用品,餐厅用品,https://img.kwcdn.com/product/open/d338f8246bc54488bd04a2736580d3d8-goods.jpeg,https://www.temu.com/search_result.html?search_key=601104793071427&search_method=user,912_无收录_去重训练库_无违禁.csv,False,,False,0
387,0.788855695629784,606362339783363,【2D】平面-2D背景足球主题派对装饰派对横幅，金色黑色足球图案，派对背景布，优质面料,8.0,家居厨房用品,节日聚会用品,https://img.kwcdn.com/product/open/2b0aed2f6f494b6ea88ae377a28b70b9-goods.jpeg,https://www.temu.com/search_result.html?search_key=606362339783363&search_method=user,912_无收录_去重训练库_无违禁.csv,False,,False,3
388,0.7886815943232255,606958719471744,"方形耐用磁铁冰箱贴, 家居氛围装饰, 厨房冰箱装饰, 透明玻璃, 可爱风格储物柜装饰, 磁吸彩色冰箱装饰, 持久光亮且坚固耐用, 方形图像, 家居客厅/办公室装饰, 适用于厨房、办公室白板、储物柜和洗碗机, 时尚纪念品",2.03,家居厨房用品,厨房用品,https://img.kwcdn.com/product/open/5792a328a04343eab9afee23107ffccb-goods.jpeg,https://www.temu.com/search_result.html?search_key=606958719471744&search_method=user,912_无收录_去重训练库_无违禁.csv,False,,False,0
389,0.7885871800727917,606170492286974,1个可调节颈枕，颈部放松枕，人体工学颈椎支撑枕，舒适助眠枕，慢回弹枕头，超透气凉感面料，适合侧卧、仰卧和俯卧睡眠,38.33,家居厨房用品,床上用品,https://img.kwcdn.com/product/open/e8ad7aa1564c4a49855b642c6849c723-goods.jpeg,https://www.temu.com/search_result.html?search_key=606170492286974&search_method=user,912_无收录_去重训练库_无违禁.csv,False,,False,0
390,0.7880709894602352,607062201363297,3个装可爱秋季幽灵木制桌面标牌，PVC幽灵家庭，带南瓜枫叶拿铁伞，农舍秋季分层托盘装饰感恩节丰收餐桌中心装饰品,3.9,家居厨房用品,家居装饰,https://img.kwcdn.com/product/fancy/902376ad-54b6-41fe-9948-ae514ba77aab.jpg,https://www.temu.com/search_result.html?search_key=607062201363297&search_method=user,912_无收录_去重训练库_无违禁.csv,False,,False,8
391,0.788050398125544,606005068951718,3件套纹身复古波西米亚风床笠套装（1件床笠+2个枕套，无芯），万圣节设计，鲜艳图案床上用品系列，柔软透气床垫保护罩,20.01,家居厨房用品,床上用品,https://img.kwcdn.com/product/open/d5480c916a884100b613e45d9d84a5df-goods.jpeg,https://www.temu.com/search_result.html?search_key=606005068951718&search_method=user,912_无收录_去重训练库_无违禁.csv,False,,False,2
392,0.7875952593348787,605881840303841,2D平面 - 单片2D平面铝制标牌，采用水瓶座星座符号 - 优雅的女性倾倒水，饰有深蓝色和金色天空和花卉设计。坚固的装饰品，适合家庭、办公室或咖啡馆,2.66,家居厨房用品,家居装饰,https://img.kwcdn.com/product/open/17cc4d6e457b4599bc0833635126ea68-goods.jpeg,https://www.temu.com/search_result.html?search_key=605881840303841&search_method=user,912_无收录_去重训练库_无违禁.csv,False,,False,1
393,0.7873194918837243,601104831427985,"2件大号植物图案烤箱手套 - 耐热高达446°F（230°C），耐用厨房用隔热垫，适用于烘焙、烹饪 - 男女皆宜，厨师礼物（10.6""x6.7""）",7.01,家居厨房用品,餐厅用品,https://img.kwcdn.com/product/open/77751aab986b479ba3b54b3f6118e159-goods.jpeg,https://www.temu.com/search_result.html?search_key=601104831427985&search_method=user,912_无收录_去重训练库_无违禁.csv,False,,False,0
394,0.7871627579533176,607528742131499,"25pcs/50pcs Mini Plastic Wizard Top Hats & Clown Hats Suitable for Halloween, Christmas, Weddings, Birthdays, Parties - Black Wizard & Clown Caps for Themed Costumes, Decorations, Hand Washable for &",5.18,家居厨房用品,节日聚会用品,https://img.kwcdn.com/product/fancy/aacffa35-fbd6-4561-9659-263375facd47.jpg,https://www.temu.com/search_result.html?search_key=607528742131499&search_method=user,912_无收录_去重训练库_无违禁.csv,False,,False,9
395,0.7868201647686444,606734978520453,圣诞节装饰性喂鸟烛台,5.53,家居厨房用品,节日饰品,https://img.kwcdn.com/product/fancy/57cb49f6-ce18-413b-972c-bc779a856793.jpg,https://www.temu.com/search_result.html?search_key=606734978520453&search_method=user,912_无收录_去重训练库_无违禁.csv,False,,False,0
396,0.7862258803152942,606695115824032,1件装 水貂绒床笠，复古花卉徽章配华丽边饰，25厘米加深口袋，所有尺寸可选，温暖毛绒冬季床品，节日生日礼物,13.1,家居厨房用品,床上用品,https://img.kwcdn.com/product/21f0664ec0/d7e4b0de-5a96-4faa-80cc-10a240d10a91_1024x1024.png,https://www.temu.com/search_result.html?search_key=606695115824032&search_method=user,912_无收录_去重训练库_无违禁.csv,False,,False,1
397,0.7857809500497543,607111593463159,二维平面，1件装 巧克力松露惊喜圆形金属标牌墙壁艺术，巧克力文字饰板，心形松露，适用于卧室角落客厅，漩涡糖果，家居装饰，室内外装饰均可使用的耐候性材质，经久耐用，二维平面,3.39,家居厨房用品,节日饰品,https://img.kwcdn.com/product/21f06645b0/1cb1f2f5-57ca-4285-bda8-a0f39084f428_800x800.jpeg,https://www.temu.com/search_result.html?search_key=607111593463159&search_method=user,912_无收录_去重训练库_无违禁.csv,False,,False,0
398,0.7851938898540448,607346944237000,1个装火鸡南瓜麦穗枫叶秋季桌旗适用于感恩节庭院户外餐桌餐台装饰,2.58,家居厨房用品,餐厅用品,https://img.kwcdn.com/product/open/aa1c0420aa6e4410816957c58f7aefe1-goods.jpeg,https://www.temu.com/search_result.html?search_key=607346944237000&search_method=user,912_无收录_去重训练库_无违禁.csv,False,,False,3
399,0.7851827395714863,607513038664941,"109pcs VOCH Balloons Garland Arch Kit with Arch Frame Suitable for Haunted House, Day of the Dead, Christmas Decorations - 5in 10in 12in 45.72cm Balloon Arch for Parties, Weddings, Birthdays, Photo Backdrops (Black, Purple, Green, White)",9.27,家居厨房用品,节日聚会用品,https://img.kwcdn.com/product/open/8fe85261c4fb46a4a4b15359a19a795c-goods.jpeg,https://www.temu.com/search_result.html?search_key=607513038664941&search_method=user,912_无收录_去重训练库_无违禁.csv,False,,False,0
