排名,预测分,商品ID,标题,美元价格,一级类目,二级类目,主图URL,商品链接,来源文件,banned,banned_hits,img_missing,总销量
1,1.7161293134082163,607507804163092,3 pc秋日秋千松鼠静电窗贴，免胶可移除不留残胶，枫叶松果秋收主题玻璃窗贴，客厅橱窗秋季氛围感装饰贴纸,4.23,家居厨房用品,窗饰及配件,https://img.kwcdn.com/product/fancy/9144621d-cfb5-4e88-919b-5c5db2290a48.jpg,https://www.temu.com/search_result.html?search_key=607507804163092&search_method=user,913.csv,False,,False,7
2,1.4284404248266587,607127162704642,1/2件恐龙主题三明治切割器 DIY面包&吐司模具，适用于学校午餐盒装饰，食品安全塑料,2.19,家居厨房用品,厨房用品,https://img.kwcdn.com/product/fancy/1e683468-b4ef-4457-8f39-8d4064368ddb.jpg,https://www.temu.com/search_result.html?search_key=607127162704642&search_method=user,913.csv,False,,True,7
3,1.4100128766639581,601099585277438,"Large Puppy & Bone Print Disposable Tablecloth - Perfect for Dog-Themed Birthday Parties, Halloween, Christmas, Easter, Thanksgiving Decorations",2.64,家居厨房用品,节日聚会用品,https://img.kwcdn.com/product/fancy/3f6d739f-05e5-4e55-92fe-767e3026759d.jpg,https://www.temu.com/search_result.html?search_key=601099585277438&search_method=user,913.csv,False,,True,86
4,1.408614483149467,607119378084330,7个装 1.18英寸 镜面迪斯科球装饰品，轻巧悬挂球装饰，节日悬挂装饰品，适用于花艺布置和商店橱窗装饰,2.69,家居厨房用品,家居装饰,https://img.kwcdn.com/product/open/b445f59e050e45819b8ecb6616429892-goods.jpeg,https://www.temu.com/search_result.html?search_key=607119378084330&search_method=user,913.csv,False,,True,0
5,1.4058897733992144,605856607374767,二维平面三角龙墙壁装饰画3件套，适用于房间、客厅——复古竖版恐龙海报，极简帆布画/装饰，无框设计，适合卧室、玄关，春秋季装饰,5.86,家居厨房用品,墙面装饰,https://img.kwcdn.com/product/open/666ff1402efc454c97df353e5044ba89-goods.jpeg,https://www.temu.com/search_result.html?search_key=605856607374767&search_method=user,913.csv,False,,False,2
6,1.392732190242439,607632895109605,1pc 垂坠枫叶秋收静电窗贴，免胶可移除不留残胶，红黄悬挂枫叶秋日玻璃窗贴，客厅橱窗秋季氛围感装饰贴纸,3.79,家居厨房用品,窗饰及配件,https://img.kwcdn.com/product/open/dff6f592dc9d4b2882ef2273f9a25ae3-goods.jpeg,https://www.temu.com/search_result.html?search_key=607632895109605&search_method=user,913.csv,False,,False,5
7,1.36850664326909,607128236437513,2D平面旧照片修复服务：适用于模糊、撕裂、褪色及划痕修复 - 专业照片修复服务，适用于圣诞礼物、结婚纪念日、怀旧礼物，以及珍贵老照片的翻新修复，您的照片专业修复、印刷和装裱在高级画布上,1.79,家居厨房用品,墙面装饰,https://img.kwcdn.com/product/open/65e36e94174f41d697b3407728476a8a-goods.jpeg,https://www.temu.com/search_result.html?search_key=607128236437513&search_method=user,913.csv,False,,True,1
8,1.3626168344589795,607128236425895,"1/4/6pcs Luxury Red-Golden Reindeer Script Round Placemats Suitable for Backyard Picnic, Family Table Decor, Christmas Gifts, Tableware with Elegant Reindeer, Machine Washable for Holiday Dining Settings, 2D Flat",1.91,家居厨房用品,餐厨布艺,https://img.kwcdn.com/product/open/095c45463f934db095f7261c48b517c0-goods.jpeg,https://www.temu.com/search_result.html?search_key=607128236425895&search_method=user,913.csv,True,Led,True,1
9,1.3418714449050269,607111727648992,1pc All Seasons Gradient Maple Tree Wall Sticker Spring Summer Autumn Winter Colorful Maple Leaf Falling Pattern Kids Room Kindergarten Classroom Wall Self-Adhesive Decoration Mural,1.62,家居厨房用品,家居装饰,https://img.kwcdn.com/product/fancy/a50d10ff-4676-4b98-bc76-f2183c538115.jpg,https://www.temu.com/search_result.html?search_key=607111727648992&search_method=user,913.csv,False,,True,15
10,1.3100846268533937,607053879854319,1pc 窗贴 自粘玻璃贴纸，家居装饰墙贴， 橙色海马，卡通风格 静电吸附，无需粘胶，家居花园玻璃贴纸，派对装饰，房车窗贴，马桶贴纸，瓷砖贴纸，适用于室内外,1.35,家居厨房用品,窗饰及配件,https://img.kwcdn.com/product/fancy/54b938dc-2ff5-4cc3-becf-f6d56fb5ace8.jpg,https://www.temu.com/search_result.html?search_key=607053879854319&search_method=user,913.csv,False,,False,0
11,1.3085298405480486,607431031646887,5pcs 多彩雏菊铝箔气球-棕色/奶油白/粉色/绿色/蓝色，适用于生日派个、婚礼、订婚、周年纪念装饰,1.47,家居厨房用品,节日聚会用品,https://img.kwcdn.com/product/fancy/471164b6-9894-4dcd-b8a2-5cb10f2bcf73.jpg,https://www.temu.com/search_result.html?search_key=607431031646887&search_method=user,913.csv,False,,False,6
12,1.2914696955788212,607123673031686,"2D Flat, 1pc Step-by-Step Toilet Guide Poster Suitable for Bathroom Wall Decor - Soft Pastel Potty Training Chart with Clear Visual Instructions, Frameless Canvas Art Print for Bathroom Decorations, & Powder Room",1.28,家居厨房用品,墙面装饰,https://img.kwcdn.com/product/open/a921dd6171724d978e066ccdce5dbeb9-goods.jpeg,https://www.temu.com/search_result.html?search_key=607123673031686&search_method=user,913.csv,False,,True,0
13,1.2880598065800637,607127296957252,1件励志名言PVC标牌桌面摆件，大事需要时间，保持耐心箴言装饰，办公室书房客厅摆设，鼓励人生小摆件，PVC材质耐用。Decorative Signs & Plaques,2.2,家居厨房用品,节日饰品,https://img.kwcdn.com/product/open/5c6e3230dc7141cd8b953ce62c134dab-goods.jpeg,https://www.temu.com/search_result.html?search_key=607127296957252&search_method=user,913.csv,False,,True,0
14,1.2595027841986426,607120854498614,2D平面 - 1件 2D[平面]金属标牌，描绘摇滚乐队成员手持电吉他并穿着铆钉装饰的服装，展示独特的朋克风格装饰画。8X 12英寸，适用于厨房、餐厅、卧室等,3.56,家居厨房用品,家居装饰,https://img.kwcdn.com/product/21140d63720/0633993e-6a5e-40e7-8b3b-6de37bab0f04_800x800.jpeg,https://www.temu.com/search_result.html?search_key=607120854498614&search_method=user,913.csv,False,,True,3
15,1.239402411252516,601101559849573,2D平面金属框架2D平面风景画布墙艺术，装裱森林山脉艺术印刷墙饰海报，家居室内客厅卧室厨房餐厅走廊挂墙装饰，尺寸80*40cm、100*50cm、116*60cm、140*70cm，2D平面,41.07,家居厨房用品,墙面装饰,https://img.kwcdn.com/product/fancy/ac708265-b7fe-4426-8b23-afa790f74792.jpg,https://www.temu.com/search_result.html?search_key=601101559849573&search_method=user,913.csv,False,,True,1
16,1.2359964264497985,607123538861838,"1pc Fruit Hair Drying Towel - Lightweight And Foldable, with Strong Water Absorption, Quickly Dries Hair After Sports Bathing! Ideal Gift for Men And Women",4.64,家居厨房用品,毛巾浴巾,https://img.kwcdn.com/product/open/641df6f00c93497e93d0437170291be8-goods.jpeg,https://www.temu.com/search_result.html?search_key=607123538861838&search_method=user,913.csv,False,,True,0
17,1.2279636831808105,607372915405243,"1件2D平面图案,圣诞窗贴玻璃静电贴纸，窗贴，玻璃贴画，窗户贴花 圣诞花环松果红球图案玻璃贴膜易安装可拆卸，防水贴纸，可重复使用个面可见|可移除的PVC节日防水贴纸，圣诞节玻璃窗户装饰贴纸 个面打印-浴室家居玻璃贴膜",2.18,家居厨房用品,窗饰及配件,https://img.kwcdn.com/product/open/79a189fc9657474cae114876ef272c9a-goods.jpeg,https://www.temu.com/search_result.html?search_key=607372915405243&search_method=user,913.csv,False,,False,3
18,1.2261817573554987,607124209895799,1个加厚木质杯垫 黑色狗狗与奶酪文字图案 适用于吧台柜台、员工储物柜旁、节日庆典餐桌、露营野餐地点，作为送给侄甥子女童（儿童/青少年）、配偶（丈夫/妻子）、准父母（孕妇）的礼物,0.84,家居厨房用品,家居装饰,https://img.kwcdn.com/product/open/a13f1490de5d488f8663f09137ac31ae-goods.jpeg,https://www.temu.com/search_result.html?search_key=607124209895799&search_method=user,913.csv,False,,True,0
19,1.2238313913788368,607129981271862,二维平面 美国斯塔福郡梗犬窗挂式太阳捕手 - 圆形亚克力装饰牌带黑边与阿姆斯塔夫图案，适用于办公室装饰 - 狗主人礼物，二维平面,2.67,家居厨房用品,节日饰品,https://img.kwcdn.com/product/open/6c1c7aab9973425c8c5ca4e70b802d17-goods.jpeg,https://www.temu.com/search_result.html?search_key=607129981271862&search_method=user,913.csv,False,,True,0
20,1.2229109847519137,601099600081030,"Elegant Golden Carved Resin Photo Frame, Vintage Oval Design with Embossed Floral Patterns - 17.98cm x 22.99cm, Ideal for Bedroom, Living Room, Office Decor, and Evening Party Atmosphere (Random Photo Insert), Room Decor",14.86,家居厨房用品,家居装饰,https://img.kwcdn.com/product/fancy/ed96ee58-6d11-417c-9c98-a9b99a0584ca.jpg,https://www.temu.com/search_result.html?search_key=601099600081030&search_method=user,913.csv,False,,True,9
21,1.2187581595071433,606754574320042,50个14厘米一次性木勺，迷你木制甜点勺，甜点勺，品尝勺，适合派个、聚会、节日、婚礼,2.86,家居厨房用品,餐厅用品,https://img.kwcdn.com/product/algo_framework/ImageCm2InAlgo/1586607c-a44a-11f1-8f52-0a580aa3ffa6.jpg,https://www.temu.com/search_result.html?search_key=606754574320042&search_method=user,913.csv,False,,False,20
22,1.2058377037326795,607129847065825,1件/3件装万圣节一次性塑料桌布，酷黑底色搭配南瓜、幽灵、女巫与蛛网元素，适合万圣节主题聚会、节日派对、生日派对、户外聚餐桌布装饰137*274cm,2.28,家居厨房用品,节日聚会用品,https://img.kwcdn.com/product/fancy/529ec4ab-96ef-49f9-822a-16e8a6b83caa.jpg,https://www.temu.com/search_result.html?search_key=607129847065825&search_method=user,913.csv,False,,True,31
23,1.202411280247515,607127162695388,3件套 （1个收纳挂袋 + 2个透明挂钩） 组合，棉麻挂墙式多口袋收纳袋套装 家用墙面储物整理袋,2.66,家居厨房用品,衣橱收纳,https://img.kwcdn.com/product/open/db3a6489af474f9d93d63bba3a120f2a-goods.jpeg,https://www.temu.com/search_result.html?search_key=607127162695388&search_method=user,913.csv,True,家用,True,5
24,1.2019076402397044,607127364023977,2D平面，1件装，绚丽海洋圆形挂牌，海底生物复古装饰牌匾，热带珊瑚礁门廊装饰，墙壁装饰，家居装饰，房间装饰，标牌 20x20厘米，2D平面,1.95,家居厨房用品,节日饰品,https://img.kwcdn.com/product/open/2b8ce9ee62d541c78151892906e17252-goods.jpeg,https://www.temu.com/search_result.html?search_key=607127364023977&search_method=user,913.csv,False,,True,0
25,1.1974634777412467,607129444435920,"Realistic Animal Model, Lifelike Teddy Static Dog Ornament, Creative Exquisite Home Craft, Photography Prop, Christmas Halloween Holiday Decor, Window Display Collectible, Realistic Pet Sculpture, Thoughtful Companion for Dog Lovers",10.4,家居厨房用品,节日饰品,https://img.kwcdn.com/product/fancy/4f7a89cb-710e-41ed-898d-4b05a7899185.jpg,https://www.temu.com/search_result.html?search_key=607129444435920&search_method=user,913.csv,False,,True,0
26,1.1965946026366192,601100785344184,麻绳窗帘夹客厅窗帘绑带绑绳 编织窗帘系带,1.92,家居厨房用品,窗饰及配件,https://img.kwcdn.com/product/open/73073b72711449af9240d7e468e1905f-goods.jpeg,https://www.temu.com/search_result.html?search_key=601100785344184&search_method=user,913.csv,False,,False,9
27,1.1916495726040548,607122330849743,"(2D flat)2pcs，可爱的圣诞猫头鹰悬挂饰品亚克力挂饰，用于汽车挂饰，家居节日挂饰，圣诞树装饰品，背包装饰吊坠，圣诞节礼物, 节日装饰品,季节性礼物,扁平吊坠,可爱动物设计,轻量吊坠,装饰吊坠,汽车配件爱好者,假日爱好者",2.12,家居厨房用品,节日饰品,https://img.kwcdn.com/product/fancy/6c0439b1-c117-4816-a516-94c657826cbf.jpg,https://www.temu.com/search_result.html?search_key=607122330849743&search_method=user,913.csv,False,,True,0
28,1.188605185777388,601101621417054,墙壁艺术，装裱墙壁艺术，现代抽象帆布墙壁艺术3件套绘画版画，波西米亚风格的客厅浴室厨房办公室墙壁装饰，帆布艺术品,21.6,家居厨房用品,节日饰品,https://img.kwcdn.com/product/algo_check/auto/5c9182abb0a4eef992ee703119c8d9e7_1749364053453.jpg,https://www.temu.com/search_result.html?search_key=601101621417054&search_method=user,913.csv,False,,True,1
29,1.1872022349483342,607119109632255,4个装水彩花亚克力杯垫，异性花朵透明隔热杯垫。樱花勿忘我玫瑰花图案防水茶杯垫，，Ins新款杯垫，隔热杯垫套装，保护桌面免受热饮、杯子和盘子污染 - 环保环保，适用于办公室、餐厅、咖啡馆,1.65,家居厨房用品,家居装饰,https://img.kwcdn.com/product/fancy/d4050c5e-6c2f-41d0-8bec-739cecab751c.jpg,https://www.temu.com/search_result.html?search_key=607119109632255&search_method=user,913.csv,False,,True,0
30,1.1846620496861082,607128639079688,"6pcs/pack, 16oz Personalized Custom Name Colored Plastic Water Cup, Cold Cup with Skull and Bat Patterns, Reusable, Halloween Themed Party Supplies, Beach Vacation Cups for Weddings and Gatherings, Suitable for Parties, Picnics, and Corporate Team",11.95,家居厨房用品,厨房收纳,https://img.kwcdn.com/product/open/a36db85cf8d74b4183dd06d458f8a28a-goods.jpeg,https://www.temu.com/search_result.html?search_key=607128639079688&search_method=user,913.csv,False,,True,0
31,1.1809257188761806,607108036664920,2D平面，1件，粉色独角兽圆形挂牌，飞马复古装饰牌匾，节日主题门廊装饰，墙壁装饰，家居装饰，房间装饰，标牌 20x20厘米，2D平面,1.95,家居厨房用品,节日饰品,https://img.kwcdn.com/product/open/770be126dd34454999ce47ca5204895c-goods.jpeg,https://www.temu.com/search_result.html?search_key=607108036664920&search_method=user,913.csv,False,,True,0
32,1.1791455977322791,607122330884586,1卷不粘加厚烘焙油纸，防油防水烤盘纸，完美适合烘焙、烤箱、披萨、蒸煮-家庭厨房用品-烘焙小工具-适合庆祝圣诞节、万圣节、感恩节,3.81,家居厨房用品,烘焙用品,https://img.kwcdn.com/product/open/dd9553e272754737a7a4d285d564f71e-goods.jpeg,https://www.temu.com/search_result.html?search_key=607122330884586&search_method=user,913.csv,False,,True,0
33,1.179086107047574,607122330897990,曼陀罗花纹隔热杯垫,2.23,家居厨房用品,餐厅用品,https://img.kwcdn.com/product/fancy/3491cd3f-1d26-43e5-a2d7-614d5c20b43c.jpg,https://www.temu.com/search_result.html?search_key=607122330897990&search_method=user,913.csv,False,,True,0
34,1.1773262197725047,606517847811901,绘画，3件/套，2D，帆布印刷，极简主义植物三联油画，海报，家居装饰，壁画，非常适合客厅，卧室，无框！,4.5,家居厨房用品,墙面装饰,https://img.kwcdn.com/product/fancy/e6a3ac2b-6cd5-4331-aaf3-53620824fac4.jpg,https://www.temu.com/search_result.html?search_key=606517847811901&search_method=user,913.csv,False,,False,0
35,1.1762328343717674,606432669848766,2D平面波西米亚植物海报三件套 - 现代波西米亚极简抽象墙壁艺术印刷品，适用于卧室、办公室装饰，中性大地色调无框竖版图案，春夏家居装饰植物画作,7.74,家居厨房用品,墙面装饰,https://img.kwcdn.com/product/open/2e95059fda9140f590db2dd57de2070f-goods.jpeg,https://www.temu.com/search_result.html?search_key=606432669848766&search_method=user,913.csv,False,,False,0
36,1.1703366373747888,601100070255316,1个雕刻周年纪念、生日礼物亚克力标牌桌面装饰品，“送给我的爱”心形支架桌面标志装饰，情侣礼物送给她/他，浪漫我爱你礼物桌面装饰亚克力牌匾，派个桌面中心装饰,5.14,家居厨房用品,节日聚会用品,https://img.kwcdn.com/product/open/d90ecafa02a94151970fbde47f2167fa-goods.jpeg,https://www.temu.com/search_result.html?search_key=601100070255316&search_method=user,913.csv,True,支架,True,0
37,1.1665813255300332,607091192365669,"2D/平面 无框 3件套 巴ух豪斯风格 1923年展览主题墙, 极简主义几何色块装饰画, 客厅书房工作室墙壁装饰画布画 无框",4.55,家居厨房用品,墙面装饰,https://img.kwcdn.com/product/open/497fc4040b7f4c1cbd9d42a4463b20b6-goods.jpeg,https://www.temu.com/search_result.html?search_key=607091192365669&search_method=user,913.csv,False,,False,3
38,1.1652014275710454,607115083127469,"Acrylic Display Stand, a Tiered Adjustable Rack for Collectibles, with a 7-tier Ladder Structure and Transparent Round Shelves, Assembled with Reinforced Screws, Polished Edges, Sturdy and Professional Retail-quality, Jewelry Towers",8.89,家居厨房用品,家庭收纳,https://img.kwcdn.com/product/open/cb7fa2fa3bcc4336981f279203e07c4e-goods.jpeg,https://www.temu.com/search_result.html?search_key=607115083127469&search_method=user,913.csv,True,LV|Led,True,0
39,1.1634659674961891,607107835391022,"2/4/6pcs Round PVC Placemats Suitable for Home & Restaurant Table - Hollowed-Out Holly Leaf Design, High Quality Thermal Insulation Table Protectors, Washable Durable Table Mats for Dining Table Decoration, Fits for Western Style Decor",4.82,家居厨房用品,餐厅用品,https://img.kwcdn.com/product/fancy/e34b4a62-1065-40e8-93ce-6a337a181c59.jpg,https://www.temu.com/search_result.html?search_key=607107835391022&search_method=user,913.csv,True,Led,True,0
40,1.1625537925633898,606995629363907,多功能切片护手夹 土豆黄瓜番茄柠檬切片辅助器 均匀切水果蔬菜家用厨房备菜工具,1.81,家居厨房用品,厨房用品,https://img.kwcdn.com/product/fancy/market/9ce471a52f05d6397a33d4585fa8edd3_sg4dD7jGReP0U.jpeg,https://www.temu.com/search_result.html?search_key=606995629363907&search_method=user,913.csv,True,家用,False,1
41,1.1616290614613354,607127296906343,1件桌面正方形PVC标志标牌小摆件，纪念逝去的爱，永远在我们身边，办公室家居客厅装饰，温馨怀念礼物，桌面装饰品。Decorative Sign,3.6,家居厨房用品,节日饰品,https://img.kwcdn.com/product/open/745f73ee5fc74691903ce401ee5c963f-goods.jpeg,https://www.temu.com/search_result.html?search_key=607127296906343&search_method=user,913.csv,False,,True,0
42,1.1597209909301833,607101795591274,1件装弹性横幅，印有金色斑马纹图案，非常适合生日庆祝活动,15.85,家居厨房用品,节日聚会用品,https://img.kwcdn.com/product/fancy/d0381101-f8c4-48dd-b21f-afc092f8a25b.jpg,https://www.temu.com/search_result.html?search_key=607101795591274&search_method=user,913.csv,False,,True,0
43,1.1437621802186393,607125015210286,"5-Pack Halloween Black Candy Buckets, Holiday Trick-Or-Treat Baskets, Textured Plastic Storage Containers, Party Decoration Planters, Ornament Storage",20.18,家居厨房用品,家庭收纳,https://img.kwcdn.com/product/open/69a16f467a7243dfb8a9b50fd00dd349-goods.jpeg,https://www.temu.com/search_result.html?search_key=607125015210286&search_method=user,913.csv,False,,True,0
44,1.141887118173049,601101413682655,黄色柠檬派对横幅 - 生日庆祝、新娘派对和夏季水果主题派对的生动柠檬水主题装饰，纸质材料，不需要电源，柠檬装饰,7.04,家居厨房用品,节日聚会用品,https://img.kwcdn.com/product/open/8a5bb64bcbcf417da4d5f85b7ecd8ea8-goods.jpeg,https://www.temu.com/search_result.html?search_key=601101413682655&search_method=user,913.csv,False,,True,15
45,1.1414705346219078,607131189217715,"2D Flat, 1pc Rotatable Human Skull Model - 2D Flat Acrylic Science Display with Labeled Muscles, Veins, And Cranial Nerves - Interactive Learning for Biology Students, Teachers, And Doctors - Rotatable Base And Labeled Brain Map, Christmas Decor",3.71,家居厨房用品,节日饰品,https://img.kwcdn.com/product/open/85686a5afdd44a11bcbab6b5d72e474e-goods.jpeg,https://www.temu.com/search_result.html?search_key=607131189217715&search_method=user,913.csv,True,Led,True,0
46,1.1397523623405326,601101676693609,"3 件灵感木框画布艺术 - ""能力是你能做的事情"",""动机决定你做什么"",""态度决定你做得好"" - 现代简约墙面装饰，适用于客厅、卧室、家庭办公室、励志墙面艺术",33.67,家居厨房用品,墙面装饰,https://img.kwcdn.com/product/algo_check/auto/a2c875cada005980660603545d98b2bb_1749653913455.jpg,https://www.temu.com/search_result.html?search_key=601101676693609&search_method=user,913.csv,False,,True,10
47,1.1394964909031728,607167964892703,1个透明风扇架，U型桌面手风扇展示架，带稳定底座的风扇支架，易于组装的风扇收纳整理器，适用于家居装饰收藏的传统风扇架,1.2,家居厨房用品,家居装饰,https://img.kwcdn.com/product/open/acdb31c04d684c2c8e16b46ffe685fb5-goods.jpeg,https://www.temu.com/search_result.html?search_key=607167964892703&search_method=user,913.csv,True,支架,False,0
48,1.138775723415295,607111996114816,"1pc 13oz/380ml Highball Tumbler Suitable for Moo, Roostertail, Champagne, Whisky & Wine - Party Cups for Home, Weddings, Bars, Holiday Toasting with Candy Cane Ribbon Bow & Gingerbread Snowflake - Gift Idea",7.41,家居厨房用品,杯具,https://img.kwcdn.com/product/fancy/0f438977-5df5-4d91-a99f-dfede34372bf.jpg,https://www.temu.com/search_result.html?search_key=607111996114816&search_method=user,913.csv,False,,True,6
49,1.134037324081867,607594106188782,二维平面、海报与印刷品、二维平面、三件套墙壁艺术、墙壁海报、墙壁画、多联画印刷品、自然印刷品、床头艺术、酒店墙面、现代风格、中性色调、墙壁挂饰、温馨家居装饰、大地色系、柔和色彩、卧室三联画帆布装饰、二维平面,59.37,家居厨房用品,墙面装饰,https://img.kwcdn.com/product/open/c413f5e3eecb4f94a95b1aeeff7813d0-goods.jpeg,https://www.temu.com/search_result.html?search_key=607594106188782&search_method=user,913.csv,True,酒,False,0
50,1.129444974448394,607101124476549,"2pcs Seagulls Over Tropical Ocean Printed Polyester Curtains with Rod Pocket Design, Ideal for Study Decor, Living Room, Bedroom, Housewarming Gift Idea",4.26,家居厨房用品,窗饰及配件,https://img.kwcdn.com/product/21152340a32/be5884c3-6a5a-4748-8cd7-1ecfb0c5ecd3_1000x1000.jpeg,https://www.temu.com/search_result.html?search_key=607101124476549&search_method=user,913.csv,False,,True,0
51,1.127214666933507,606106067777779,2D平面画，2D平面画，三幅手绘热带植物艺术品套装，包含充满活力的花朵和太阳图案，灵感来自东南亚设计，非常适合装饰客厅、玄关或卧室的墙壁。无框帆布画,5.46,家居厨房用品,墙面装饰,https://img.kwcdn.com/product/open/d3000c9f40024077a30c50ba55c50f07-goods.jpeg,https://www.temu.com/search_result.html?search_key=606106067777779&search_method=user,913.csv,False,,False,8
52,1.124803541197886,607121391343455,2D平面单片复古门牌标志 - 20.32X20.32厘米，趣味公告金属墙面装饰，适用于车库、咖啡馆装饰或万圣节/感恩节/圣诞节礼物的住宅便签装饰标志,2.26,家居厨房用品,节日饰品,https://img.kwcdn.com/product/open/6cdca6437dab4893981e34c47c6cdcdd-goods.jpeg,https://www.temu.com/search_result.html?search_key=607121391343455&search_method=user,913.csv,False,,True,0
53,1.1240780855229977,607129310231695,2件组合套装（1pc海豚拇指苹果去皮器+1个赠品小熊收纳袋）水果削皮神器刨梨子薄皮刮开橙削皮器,1.38,家居厨房用品,厨房用品,https://img.kwcdn.com/product/fancy/c8ea639b-536a-480e-8e71-e960c12a7949.jpg,https://www.temu.com/search_result.html?search_key=607129310231695&search_method=user,913.csv,True,APP,True,0
54,1.1238265377106798,607129847076770,1pc Wax Melt Burner Iron Frame Tealight Candle Warmer Essential Oil Aroma Diffuser Detachable Minimalist Home Decor Bedroom Gift Candle Not Included,6.68,家居厨房用品,家居装饰,https://img.kwcdn.com/product/fancy/32cb6e22-d921-48ee-b7a1-6ee974710175.jpg,https://www.temu.com/search_result.html?search_key=607129847076770&search_method=user,913.csv,False,,True,0
55,1.1237301981082368,607112130342226,"9 Sheets Static Cling Christmas Snowflake Animal Stickers - Reusable PVC Window & Door Decals with Reindeer, Squirrels, Hedgehogs, Owls, Rabbits, Foxes, Raccoons, Bells & Holly for Indoor/Outdoor Holiday Party",3.83,家居厨房用品,窗饰及配件,https://img.kwcdn.com/product/open/130bd2385fcb48d3885db8499642ac01-goods.jpeg,https://www.temu.com/search_result.html?search_key=607112130342226&search_method=user,913.csv,False,,True,0
56,1.1212064143669063,607107432694894,"2D平面，1件圆形木质装饰挂牌,音乐符号主题装饰标牌，适用于家庭房间、宿舍、咖啡馆、餐馆、庭院墙面装饰，方便悬挂且持久如新的墙面装饰",1.75,家居厨房用品,节日饰品,https://img.kwcdn.com/product/fancy/47a6bff7-b064-44a8-b3b5-28760ee17c33.jpg,https://www.temu.com/search_result.html?search_key=607107432694894&search_method=user,913.csv,False,,True,0
57,1.1152108599678427,601101335369891,2D平面，1件，空灵舞蹈多彩艺术画作，女性与蝴蝶，抽象现代墙面艺术木质框画布作品，适用于家居和办公室装饰，酒吧、咖啡馆、商店或卧室的理想选择，完美的家居装饰礼物，2D平面,23.49,家居厨房用品,墙面装饰,https://img.kwcdn.com/product/open/e7b6b05b6170467baa5055a6046b155e-goods.jpeg,https://www.temu.com/search_result.html?search_key=601101335369891&search_method=user,913.csv,True,酒,True,1
58,1.1139197818165565,607534110845350,单向透视银色窗户贴膜，自粘式窗膜附带安装刮板，隔热遮阳，外视内隐，家用玻璃贴膜，可选尺寸：29.53×236.22英寸、29.53×275.59英寸、29.53×314.96英寸、29.53×354.33英寸,25.45,家居厨房用品,窗饰及配件,https://img.kwcdn.com/product/fancy/88fc0fb6-d914-43d1-9e5c-bfde9460e641.jpg,https://www.temu.com/search_result.html?search_key=607534110845350&search_method=user,913.csv,True,家用,False,3
59,1.1137966564876003,607094010924380,20件装圣诞装饰纸巾 可爱圣诞卡通图案 酒店节日下午茶 节日礼品包装区 宠物友好拍照区,2.31,家居厨房用品,清洁用品,https://img.kwcdn.com/product/open/2c20bd2e401d4d35b952aefe6d0275df-goods.jpeg,https://www.temu.com/search_result.html?search_key=607094010924380&search_method=user,913.csv,True,酒,True,0
60,1.1121048645926037,607536258359872,三层波西米亚中性色悬挂篮 - 编织绳墙壁收纳架，带节省空间的垂直储物架，波西米亚风格，适用于浴室、婴儿房、厨房、卧室 - 多房间悬挂式置物箱，用于存放毛巾、餐具,8.87,家居厨房用品,衣橱收纳,https://img.kwcdn.com/product/fancy/376edcb0-8004-461f-b86a-0287fa6094d0.jpg,https://www.temu.com/search_result.html?search_key=607536258359872&search_method=user,913.csv,False,,False,3
61,1.1108838617220824,606804100648219,二维平面画作，三件套，墙壁装饰画，复古海报，帆布印刷品，日式山景墙饰，客厅用帆布艺术画，家居装饰美学，乔迁贺礼，无框画,9.66,家居厨房用品,墙面装饰,https://img.kwcdn.com/product/open/67e6371861de41588e0f0829e9c4b32c-goods.jpeg,https://www.temu.com/search_result.html?search_key=606804100648219&search_method=user,913.csv,False,,False,0
62,1.1060889015237874,607123673084854,240平方英尺（78克）万圣节蜘蛛网装饰，含20只仿真蜘蛛，，万圣节装饰品，弹性悬挂仿真蜘蛛网装饰品，覆盖面积大，白色仿真万圣节蛛网装饰，适用于装饰万圣节鬼屋、派对、酒吧、房间及家居布置、装饰前院草坪、灌木、树木、围栏、草丛、树枝增加万圣节气氛装饰品,2.96,家居厨房用品,节日饰品,https://img.kwcdn.com/product/fancy/76397ab9-e67f-4f1c-940e-6d2d057e6c11.jpg,https://www.temu.com/search_result.html?search_key=607123673084854&search_method=user,913.csv,True,酒,True,2
63,1.1033862928659113,607128639141355,2D平面，1件装，团体治疗标志 - 20.32X20.32厘米，啤酒金属墙面装饰，酒吧生活装饰标志，适用于车库、咖啡馆装饰或万圣节/感恩节/圣诞节礼物,1.95,家居厨房用品,节日饰品,https://img.kwcdn.com/product/open/a7cc8a4c9c9d4f888dd1cc7aa4a57cd0-goods.jpeg,https://www.temu.com/search_result.html?search_key=607128639141355&search_method=user,913.csv,True,酒,True,0
64,1.1016806833890442,606872417442084,1件装饭勺，家用露营野餐 不沾米饭勺，简约设计马卡龙色系，盛土豆泥防烫手盛饭勺，制作寿司助手，,1.83,家居厨房用品,餐厅用品,https://img.kwcdn.com/product/fancy/dc6f024d-ee7e-4255-8d80-9429bc52e0e0.jpg,https://www.temu.com/search_result.html?search_key=606872417442084&search_method=user,913.csv,True,家用,False,0
65,1.1004782173625818,601101897075496,2D平面，装裱2D平面画作，3件套装裱帆布画，优雅的土色调视觉盛宴，包豪斯风格海报，抽象墙艺，中世纪现代装饰画，几何艺术，客厅、酒吧、家居及宿舍墙面装饰，咖啡馆,32.33,家居厨房用品,墙面装饰,https://img.kwcdn.com/product/fancy/34bc4290-a1ee-471c-98e7-1dc50a5159ce.jpg,https://www.temu.com/search_result.html?search_key=601101897075496&search_method=user,913.csv,True,酒,False,4
66,1.098298898252156,607103271985688,2D平面自定义个性化平面印刷派个横幅，1件装，牛印花背景设计模板，可添加宠物照片、动漫、Logo或文字，适用于家庭照片展示、返校季、万圣节、圣诞节,5.48,家居厨房用品,节日聚会用品,https://img.kwcdn.com/product/aisc_image/algo/opt/519679b1/7cd24092/08b64c8fd1754ef0a515d48762795510-goods.jpeg,https://www.temu.com/search_result.html?search_key=607103271985688&search_method=user,913.csv,False,,True,0
67,1.0981010448309256,601101475895494,100%手绘油画，丙烯画，抽象风景前置双色浓缩咖啡杯，浅蓝与青绿透明池塘背景，现代家居办公室装饰画，当代手工艺术品，墙面装饰，无框，大尺寸,35.22,家居厨房用品,墙面装饰,https://img.kwcdn.com/product/fancy/920b74f4-7409-4c35-bdd2-d03bc44ee6e9.jpg,https://www.temu.com/search_result.html?search_key=601101475895494&search_method=user,913.csv,False,,True,2
68,1.097235482910111,607106962937089,1pc 家用酒店弹力波浪斜纹提花大号搁脚凳套方形搁脚凳套,13.4,家居厨房用品,沙发装饰,https://img.kwcdn.com/product/fancy/1c0c3016-9a9d-4cdf-a139-dfe0290cc78d.jpg,https://www.temu.com/search_result.html?search_key=607106962937089&search_method=user,913.csv,True,酒|家用,False,14
69,1.097092364982671,607129310175059,2pcs（1个收纳袋+1个挂钩）多功能厨房收纳网袋-便携手提式镂空透气 姜蒜壁挂式整理器 | 家居必备配件,1.35,家居厨房用品,厨房收纳,https://img.kwcdn.com/product/fancy/1ca70420-91ed-45bc-add2-9e21a59706a9.jpg,https://www.temu.com/search_result.html?search_key=607129310175059&search_method=user,913.csv,False,,True,0
70,1.0957738383721016,607109445949963,女孩与小猫雕像，温柔女孩亲猫咪温馨装饰摆件，温柔相伴，与猫共度时光,0.91,家居厨房用品,家居装饰,https://img.kwcdn.com/product/fancy/efac1a3b-787d-4003-8a37-578dc976356d.jpg,https://www.temu.com/search_result.html?search_key=607109445949963&search_method=user,913.csv,False,,True,0
71,1.095535589340222,607119847859013,小熊主题生日气球装饰套装14件套，含小熊铝箔气球、数字气球、毛毡生日快乐横幅、心形铝箔气球、随机颜色丝带，适用于小熊生日派对装饰、男童一岁生日派对及迎婴派对装饰,5.46,家居厨房用品,节日聚会用品,https://img.kwcdn.com/product/open/35a83323a56942d1a6307229e56164f7-goods.jpeg,https://www.temu.com/search_result.html?search_key=607119847859013&search_method=user,913.csv,False,,True,24
72,1.089093863182748,601103635100783,Lyna Vallejos现代修身床笠三件套，为您的卧室空间带来协调统一的设计，适用于中性或趣味装饰风格,24.93,家居厨房用品,床上用品,https://img.kwcdn.com/product/open/385c1640b8434080b8a105ab3e422c10-goods.jpeg,https://www.temu.com/search_result.html?search_key=601103635100783&search_method=user,913.csv,False,,False,1
73,1.0863028702696664,607287418673459,牛奶绒床笠 素色加厚加绒床垫保护套 秋冬保暖360°全包裹防滑床罩 柔软舒适可机洗床垫罩 单人双人大双人特大床 冬季寒冷床上用品 不含枕芯枕套,15.53,家居厨房用品,床上用品,https://img.kwcdn.com/product/fancy/99c4d801-8225-481d-9b2b-d78c817e5f48.jpg,https://www.temu.com/search_result.html?search_key=607287418673459&search_method=user,913.csv,False,,False,0
74,1.0847516441554597,607111593483813,"2pcs Set (1pc Elegant Metal Napkin Holder And 1pc Gift Yellow Duck Storage Bag), Fashionable Cast Iron Design, Vertical Desktop Paper Towel Dispenser for Dining, Kitchen, And Cafe, Easy Storage Solution",3.82,家居厨房用品,餐厨布艺,https://img.kwcdn.com/product/open/fd4045bdadb9481880e4bed55d326a03-goods.jpeg,https://www.temu.com/search_result.html?search_key=607111593483813&search_method=user,913.csv,False,,True,0
75,1.083735256390498,607130115477899,2d平面，1件摩托车艺术标牌装饰画，圣诞快乐木质标牌，肌肉圣诞老人牌标志，节日精神，非常适合家庭、办公室、咖啡馆或车库装饰，理想的节日礼物，2D平面,1.94,家居厨房用品,节日饰品,https://img.kwcdn.com/product/open/04bfeb645d004a89965f5317ee51d8fb-goods.jpeg,https://www.temu.com/search_result.html?search_key=607130115477899&search_method=user,913.csv,False,,True,0
76,1.0837068259755631,606716456457060,1件纯色加厚保暖内衬床笠，卧室立体镂空内衬床罩，床垫套，床垫垫层，床笠式床垫保护罩，床上用品（不含枕套）,13.04,家居厨房用品,床上用品,https://img.kwcdn.com/product/fancy/0d7bfecc-8c32-4dd9-8a9c-777037c08837.jpg,https://www.temu.com/search_result.html?search_key=606716456457060&search_method=user,913.csv,False,,False,8
77,1.0832942589287682,605628386934177,2个波西米亚几何图案抱枕套 | 棕色涤纶，拉链封口，适用于客厅和卧室，可机洗,6.53,家居厨房用品,沙发装饰,https://img.kwcdn.com/product/fancy/87d57849-f5f4-4a6f-a415-41820c5049ff.jpg,https://www.temu.com/search_result.html?search_key=605628386934177&search_method=user,913.csv,False,,False,15
78,1.0830622338155795,607128639096113,"Munich Oktoberfest Tablecloth, 1pc, Beer Cup Printed Pattern Decorative Tablecloth, Single-Sided Printing, Polyester Material, Multiple Sizes Available, Suitable for Munich Oktoberfest Kitchen, Restaurant, Holiday Home Decor, Picnic Party Tablecloth",5.12,家居厨房用品,餐厨布艺,https://img.kwcdn.com/product/open/f1c4bae82500462a8c454939233fc3f7-goods.jpeg,https://www.temu.com/search_result.html?search_key=607128639096113&search_method=user,913.csv,False,,True,0
79,1.0714871919336375,607107969609714,1件装 弹力横幅拱门带奇趣天空背景 - 可伸缩氨纶/弧形装饰 适用于婚礼、生日、迎婴派对、毕业典礼、圣诞节、复活节等装饰,15.97,家居厨房用品,节日聚会用品,https://img.kwcdn.com/product/21137b27f2e/874ace65-944c-4ed7-8759-5af1933857dd_1000x1000.jpeg,https://www.temu.com/search_result.html?search_key=607107969609714&search_method=user,913.csv,False,,True,0
80,1.0703648672401098,607104278596342,2D平面1件“Queen Bee 蜂后”图案的金属铝皮标牌圆形装饰画，尺寸(7.87英寸x7.87英寸/20公分*20公分)，适合放置在房间/餐厅/酒吧，装饰金属招牌，2D平面款。,3.85,家居厨房用品,家居装饰,https://img.kwcdn.com/product/21140d6a368/b6a33e81-ecc4-4b47-b8f5-162223bb672d_1000x1000.jpeg,https://www.temu.com/search_result.html?search_key=607104278596342&search_method=user,913.csv,True,酒,True,0
81,1.0683171280459882,606984086594595,单向透视静电吸附式隐私窗膜，隔热防窥，适用于家居玻璃防护,11.31,家居厨房用品,窗饰及配件,https://img.kwcdn.com/product/open/2c5c2aeb1612443ca09f1bd199c737e2-goods.jpeg,https://www.temu.com/search_result.html?search_key=606984086594595&search_method=user,913.csv,False,,False,4
82,1.065141032715046,607252790536416,3件装优质大型洗衣袋，适合精致衣物 - 耐用涤纶网眼，配有优质拉链，多用途洗衣网，适合宿舍和收纳,4.12,家居厨房用品,衣橱收纳,https://img.kwcdn.com/product/open/d525075ccbf0485da959efba017c7d1f-goods.jpeg,https://www.temu.com/search_result.html?search_key=607252790536416&search_method=user,913.csv,False,,False,6
83,1.0648768741875942,607125753400914,"8/16/24 Vintage Hemp Rope Small Round Ball Lights, 8 Modes, Garden Decoration Light String, Suitable for Gardens, Courtyards, Trees, Camping, Weddings, Parties, Easter, Cafes, Holiday Celebrations",7.95,家居厨房用品,节日饰品,https://img.kwcdn.com/product/open/f0c4df62d90447a8bf82648cb368eac5-goods.jpeg,https://www.temu.com/search_result.html?search_key=607125753400914&search_method=user,913.csv,False,,True,0
84,1.0642979202321923,607129981289294,2D平面 - 乡村女巫屋木质标牌，尺寸12.7 X 40.64厘米，非常适合复古万圣节墙壁装饰。是农舍入口和客厅的理想选择,2.15,家居厨房用品,节日饰品,https://img.kwcdn.com/product/open/8b69be6f68514e9aa8c376d7a26499a0-goods.jpeg,https://www.temu.com/search_result.html?search_key=607129981289294&search_method=user,913.csv,False,,True,0
85,1.062049546043631,606634717869078,8件一次性旅行枕套，加厚柔软，适用于酒店、美容院、户外露营,4.78,家居厨房用品,床上用品,https://img.kwcdn.com/product/open/2d4b173e70844ce080c41445e33c66b6-goods.jpeg,https://www.temu.com/search_result.html?search_key=606634717869078&search_method=user,913.csv,True,酒,False,0
86,1.0586450763301312,606950800649682,字母FM印花靠枕套 18×18inch 双面印花 聚脂钎维(可机洗) 简约黑白风格 适用于家庭、房间、沙发、沙发、圣诞派对装饰各种场景 隐形拉链设计防尘耐用 节假日礼物；仅含枕套，不含枕芯,3.64,家居厨房用品,沙发装饰,https://img.kwcdn.com/product/fancy/5fcbb536-1aa6-4da4-8e27-6449e0988415.jpg,https://www.temu.com/search_result.html?search_key=606950800649682&search_method=user,913.csv,False,,False,0
87,1.0582691340031443,606910266850224,20只装，万圣节蜘蛛网主题生日快乐八角形一次性纸盘，蓝底黑红边7英寸荷叶边甜点盘，适用于万圣节主题派对装饰餐具及节日庆典用餐用品,5.1,家居厨房用品,节日聚会用品,https://img.kwcdn.com/product/fancy/208c1896-1ab7-4da5-b1eb-5fff2ea906f0.jpg,https://www.temu.com/search_result.html?search_key=606910266850224&search_method=user,913.csv,False,,False,6
88,1.0573372300100123,607130316813037,2D平面抽象植物艺术花卉海报套装（2张），现代花卉墙 आर्ट植物卧室印花，现代家居装饰，中世纪风格复古墙 आर्ट，无框,2.92,家居厨房用品,墙面装饰,https://img.kwcdn.com/product/fancy/b95be99d-d818-4eec-b1ea-8ca997a38b10.jpg,https://www.temu.com/search_result.html?search_key=607130316813037&search_method=user,913.csv,False,,True,0
89,1.055445122915766,607107030033383,"2D Flat, 1pc Party Christmas Hat, Christmas Snowmen with Scarves and Hats Printed Design, Christmas Party Holiday Costume Accessory, Xmas Hats for Men and Women, Holiday Family Gathering Supplies, Best Christmas Gift Giving, 2D Flat",4.22,家居厨房用品,节日聚会用品,https://img.kwcdn.com/product/open/bdce2347d9f144e0a09abff7721a59f6-goods.jpeg,https://www.temu.com/search_result.html?search_key=607107030033383&search_method=user,913.csv,False,,True,0
90,1.0530054401769013,605867277689848,2D平面竖版航海海报1件 - 木质画框海洋帆船帆布画，适用于客厅、书房、走廊装饰，包边画框带挂钩安装/适用于家庭办公室、餐厅，是海洋主题的理想礼物,9.19,家居厨房用品,墙面装饰,https://img.kwcdn.com/product/2123a66064/6dfdc453-215d-439f-a76a-e4a77f629304_800x800.jpeg,https://www.temu.com/search_result.html?search_key=605867277689848&search_method=user,913.csv,False,,False,14
91,1.0517625181526178,607123538828111,"2D Flat, 2D Flat 4pcs Cartoon Shower Curtain Set, Blue Bathing Cat Pattern Bathroom Decor, Accessories with 1pc Shower Curtain+3pcs Mats 38*42cm+37.5*45cm+45*75cm Cat Lover, Halloween Decoration, Bathroom Accessories, 2D Flat",32.35,家居厨房用品,毛巾浴巾,https://img.kwcdn.com/product/21f06629e0/260ffc3b-78b8-43e4-b447-98d34d7cd67e_800x800.jpeg,https://www.temu.com/search_result.html?search_key=607123538828111&search_method=user,913.csv,False,,True,0
92,1.0457806298065448,607141255549124,"1pc, 2D Flat, Matchstick Fireplace Wall Sticker, Surrounded by Flying Butterflies, PVC Self-adhesive and Removable, Suitable for Bedroom, Living Room, Dining Room, Bathroom, Home Wall Decoration, Room Decoration, Etc., 2D Flat",1.42,家居厨房用品,家居装饰,https://img.kwcdn.com/product/open/c522ff0bc3474a52b936eb609cb182d0-goods.jpeg,https://www.temu.com/search_result.html?search_key=607141255549124&search_method=user,913.csv,False,,False,0
93,1.0433433182569034,607104882589817,2D平面 木制品圆形悬挂木质标牌 情人节花环标牌 爱心标牌 花环附件 有趣墙壁装饰 木板标牌装饰 新奇装饰工艺品 家居装饰礼品,2.01,家居厨房用品,节日饰品,https://img.kwcdn.com/product/open/27b1f7ed17424e92ae0cbdae31fd0ab8-goods.jpeg,https://www.temu.com/search_result.html?search_key=607104882589817&search_method=user,913.csv,False,,True,0
94,1.0380944247880477,607126625856898,2D平面无框圣诞故事海报印刷复古油画风格家居装饰艺术万圣节圣诞节秋节礼物，适用于客厅卧室农舍墙壁装饰,1.26,家居厨房用品,墙面装饰,https://img.kwcdn.com/product/open/4f1e07a4013046eba96fead7a1fecb08-goods.jpeg,https://www.temu.com/search_result.html?search_key=607126625856898&search_method=user,913.csv,False,,True,18
95,1.0380603623816664,607256817009309,2D平面1件树造型装饰托盘，桌面小摆件，节日装饰收纳小盘，可放置于桌面、台面、展示架等多种位置，既可用作收纳，也可作为装饰，日常使用,3.33,家居厨房用品,家居装饰,https://img.kwcdn.com/product/fancy/a8f9ad61-cf33-4dc3-8db9-a9b71dc1eb40.jpg,https://www.temu.com/search_result.html?search_key=607256817009309&search_method=user,913.csv,False,,False,5
96,1.0375423866159077,607129243088276,洗手液机，香烟洗手液分配器瓶，趣味异形浴室装饰，透明按压泵塑料乳液瓶，送给吸烟者和反烟爱好者的礼物,3.85,家居厨房用品,浴室用品,https://img.kwcdn.com/product/open/f7e0509e2c814e719e1668d32e67821a-goods.jpeg,https://www.temu.com/search_result.html?search_key=607129243088276&search_method=user,913.csv,True,烟,True,0
97,1.035950610989471,606739541905158,6件套装饰性金箔金属窗帘绑带，创意窗帘绳扣，适用于家庭和办公室的弹簧式窗帘固定夹（金色）,3.96,家居厨房用品,窗饰及配件,https://img.kwcdn.com/product/fancy/85f92631-0dae-4738-8f52-5fddcb3c391b.jpg,https://www.temu.com/search_result.html?search_key=606739541905158&search_method=user,913.csv,False,,False,0
98,1.0349996692667855,607457606732463,"Privacy Window Film One-Way Mirror, Daytime See Out Not in Static Cling for Home Glass, Heat Blocking Protection Removable",6.88,家居厨房用品,窗饰及配件,https://img.kwcdn.com/product/open/4826d9c3b1dd462884e3b2aef0806ac0-goods.jpeg,https://www.temu.com/search_result.html?search_key=607457606732463&search_method=user,913.csv,False,,False,0
99,1.032195155478495,607472840493197,4pcs优雅白色透光窗帘，透气网纱薄纱带杆袋，适用于厨房、卧室和客厅装饰；也可作为室内蚊帐、婚礼装饰、圣诞饰品及生日背景摄影背景,10.68,家居厨房用品,窗饰及配件,https://img.kwcdn.com/product/open/234a7f4c012b4a218a63f9a6fd86810a-goods.jpeg,https://www.temu.com/search_result.html?search_key=607472840493197&search_method=user,913.csv,False,,False,39
100,1.0308261615942866,607123538804755,"(2D Flat) 1pc Halloween Ghosts And Pumpkins Elastic Tablecloth, Elastic Edging, Stretchable, Suitable for Christmas Gatherings in Indoor Living Rooms, Christmas Table Decoration, Light Luxury Romantic And Festive Elegant",18.52,家居厨房用品,餐厨布艺,https://img.kwcdn.com/product/open/f854d504e79049979a6bc51e1667f9a5-goods.jpeg,https://www.temu.com/search_result.html?search_key=607123538804755&search_method=user,913.csv,True,Led,True,0
101,1.0290258254265556,607127296902247,1件秋季南瓜PVC标牌桌面摆件，正方形装饰，感恩节家居装饰，复古农舍风格餐桌摆件，秋季厨房布置，田园风客厅架子装饰，节日氛围好物，办公桌装饰标牌。饰标牌和牌匾,2.44,家居厨房用品,节日饰品,https://img.kwcdn.com/product/open/b431aa45b51b448687eb9c182972a1d7-goods.jpeg,https://www.temu.com/search_result.html?search_key=607127296902247&search_method=user,913.csv,True,好物,True,1
102,1.0286366071544948,601103915016811,"2D平面, 2D平面, 1件带框抽象线条帆布艺术画，采用现代波浪设计，用于墙面装饰，优雅金色印刷，现代风格艺术品，用于家居装饰，复古艺术海报",30.7,家居厨房用品,墙面装饰,https://img.kwcdn.com/product/open/c7ef07be2bd64a7db8576eff6a10b33f-goods.jpeg,https://www.temu.com/search_result.html?search_key=601103915016811&search_method=user,913.csv,False,,False,10
103,1.0285573056559338,607122599302543,6个带轮塑料收纳箱 | 2个箱子 + 4个轮子 多功能整理套装，适用于家居橱柜浴室，可堆叠容器，圣诞礼物,14.35,家居厨房用品,家庭收纳,https://img.kwcdn.com/product/open/c454809a097c4867af7ffd2b41ab3ec8-goods.jpeg,https://www.temu.com/search_result.html?search_key=607122599302543&search_method=user,913.csv,False,,True,0
104,1.028034074967048,607127296956059,3件套厨房标志 水牛格纹厨房装饰 黑白墙面装饰 木制家中之心标志 黑白格子叉子和勺子 复古墙面装饰，适用于农舍餐厅,11.36,家居厨房用品,家居装饰,https://img.kwcdn.com/product/open/3318c56f13eb4e9db290a52b818c2059-goods.jpeg,https://www.temu.com/search_result.html?search_key=607127296956059&search_method=user,913.csv,False,,True,0
105,1.027834188404941,607128370650748,6件装 瑞典洗碗布 6片装 - 可重复使用木浆纤维 适用于洗碗 多功能清洁抹布 现代圣诞设计 吸水百洁布 仅限手洗（不可机洗） 2D平面,9.09,家居厨房用品,餐厨布艺,https://img.kwcdn.com/product/fancy/6a7458cd-f918-48c4-a09b-72adaea6d54d.jpg,https://www.temu.com/search_result.html?search_key=607128370650748&search_method=user,913.csv,False,,True,0
106,1.0251141885658956,607125552127507,2D平面，1件装复古中国新年灯笼横幅背景布 - 红色花卉拱门，适用于节日装饰、方形织物面板，用于派对、婚礼、生日、拍照道具、房间装饰及户外活动等，2D平面,4.77,家居厨房用品,节日聚会用品,https://img.kwcdn.com/product/open/7812978b9d3645278323b9b3f3f59d66-goods.jpeg,https://www.temu.com/search_result.html?search_key=607125552127507&search_method=user,913.csv,False,,True,0
107,1.0248643790844614,607129310181113,"24pcs金边高脚香槟杯(12cups+12bases)金色边缘红酒杯, 饮料杯，高脚杯，啤酒杯鸡尾酒杯，白红葡萄酒杯，可适用，派对、户外聚会、家庭聚会、户外野餐，酒店，酒吧餐厅用品",7.48,家居厨房用品,杯具,https://img.kwcdn.com/product/fancy/c254b6eb-b493-4353-bcf7-10b026f6bdcc.jpg,https://www.temu.com/search_result.html?search_key=607129310181113&search_method=user,913.csv,True,酒,True,0
108,1.0220123183351637,607688729716927,10件装灰色毛毡锅垫与锅具保护垫，防刮毛毡垫，单面垫，隔热垫，餐垫，仅含10个垫子,1.71,家居厨房用品,餐厨布艺,https://img.kwcdn.com/product/fancy/08c15e08-f9fc-4f8c-869e-c27907ce7cb4.jpg,https://www.temu.com/search_result.html?search_key=607688729716927&search_method=user,913.csv,False,,False,1
109,1.0211780934498071,607130316809737,2D平面款-4件装 感恩有福秋季抱枕套，乡村风格印花装饰枕套，适用于家庭沙发床、客厅及卧室，不含枕芯，花园庭院椅垫套，秋季感恩节假日礼品，2D平面款,7.59,家居厨房用品,床上用品,https://img.kwcdn.com/product/open/a87e39c24ae54b1ca02b3bf6febaa7cd-goods.jpeg,https://www.temu.com/search_result.html?search_key=607130316809737&search_method=user,913.csv,False,,True,0
110,1.0186917521700882,607391437429146,2D平面心形亚克力纪念品，带有爪印和“虽然不再我身边，但永远在我心中”的信息 - 壁挂式宠物纪念牌，适用于宠物丧失、母亲/父亲或亲人 - 经典户外花园装饰，宠物纪念礼物，富有情感的礼物，2D平面,1.85,家居厨房用品,家居装饰,https://img.kwcdn.com/product/open/b69a1690b17d4d5f84ed5965f24d9ef8-goods.jpeg,https://www.temu.com/search_result.html?search_key=607391437429146&search_method=user,913.csv,False,,False,1
111,1.017346465184332,607135886895486,1件桌面PVC标志摆件，趣味洗衣房标语，适合办公室、厨房、家居客厅装饰，带有可爱洗衣篮图案，增添幽默生活气息，乡村农舍风格架子办公桌装饰。Decorative Sign,2.41,家居厨房用品,节日饰品,https://img.kwcdn.com/product/open/4798a87393054c71af24b667c4b302a8-goods.jpeg,https://www.temu.com/search_result.html?search_key=607135886895486&search_method=user,913.csv,False,,False,8
112,1.0166908630262046,607129175971082,1个2D平面印花斑马和花卉印花可折叠网格收纳篮，紧凑型弹出式洗衣篮，非常适合宿舍和小空间,4.89,家居厨房用品,衣橱收纳,https://img.kwcdn.com/product/open/dbc18e5841c0477dbbb28a53123837f5-goods.jpeg,https://www.temu.com/search_result.html?search_key=607129175971082&search_method=user,913.csv,False,,True,0
113,1.0133178551574014,607114814687469,2D平面 1件装 金色新年烟花蝴蝶结横幅 - 2027派对适用中式装饰 门帘与房间装饰 冬春佳节 烟花背景带绳索用于入口门悬挂（不可修改） 2D平面,5.11,家居厨房用品,节日聚会用品,https://img.kwcdn.com/product/open/b5e678016f3b42adbc9481e2230128cc-goods.jpeg,https://www.temu.com/search_result.html?search_key=607114814687469&search_method=user,913.csv,True,烟,True,0
114,1.0125899165391348,607392108479039,15个花束礼品盒 - 优雅坚固的纸质中心装饰品，适用于婚礼和生日派个，紧凑型桌面摆件，可堆叠展示。 适用于办公室、圣诞节、婚礼、生日和派个道具,10.87,家居厨房用品,节日聚会用品,https://img.kwcdn.com/product/fancy/7452341e-f9b9-42ca-b482-36cf4f845281.jpg,https://www.temu.com/search_result.html?search_key=607392108479039&search_method=user,913.csv,False,,False,10
115,1.0121014516841436,607254266909239,4件装个性趣味现代风格黑白色骷髅骨架抱枕套搞怪万圣节适用于客厅沙发床办公室餐厅派对装饰无枕芯,11.17,家居厨房用品,沙发装饰,https://img.kwcdn.com/product/fancy/705c2954-0081-4cd9-b82f-d285ca17e65b.jpg,https://www.temu.com/search_result.html?search_key=607254266909239&search_method=user,913.csv,False,,False,0
116,1.0120038050001576,607118170115453,2D平面，家庭的第一个圣诞节 2026 照片，定制礼物，亚克力吊坠，家居装饰挂饰，圣诞树悬挂，圣诞节礼物，送给父母、情侣、家庭成员,2.31,家居厨房用品,节日饰品,https://img.kwcdn.com/product/open/a60cdf960b21406bb055c95b817e320a-goods.jpeg,https://www.temu.com/search_result.html?search_key=607118170115453&search_method=user,913.csv,False,,True,0
117,1.0101335138604244,605600721286168,2D平面画，2D平面画，三幅软色莫兰迪粉色野花水彩墙 आर्ट套装，采用北欧风格，搭配清新植物花卉设计。这款优雅的艺术装饰海报非常适合提升客厅和玄关的氛围。墙壁装饰帆布画艺术海报,5.81,家居厨房用品,墙面装饰,https://img.kwcdn.com/product/open/e78ec4ea49a64ee08c40275c1f9d1c56-goods.jpeg,https://www.temu.com/search_result.html?search_key=605600721286168&search_method=user,913.csv,False,,False,5
118,1.00969027087364,607114814697949,"[2D Flat Print] 5/7pcs, Autumn Harvest-themed Table Runner and Placemat Set, Featuring Polka Dot Pumpkins with A Beige Bow, Vintage Autumn Floral Border, and A Terracotta Base, Perfect for Decorating Family Thanksgiving Gatherings., 2D Flat",17.38,家居厨房用品,餐厨布艺,https://img.kwcdn.com/product/open/9db10d4f147f4ae89848db3cedbe43b9-goods.jpeg,https://www.temu.com/search_result.html?search_key=607114814697949&search_method=user,913.csv,False,,True,0
119,1.00856778536082,606613914141377,2套仿真紫薯，麻绳挂绳，农舍风格仿真果蔬挂饰，餐厅墙面与窗户装饰模型,7.47,家居厨房用品,节日饰品,https://img.kwcdn.com/product/open/6423c229466a4fb1adbfc640d6484b1d-goods.jpeg,https://www.temu.com/search_result.html?search_key=606613914141377&search_method=user,913.csv,False,,False,9
120,1.007443464182095,607130249744419,2D平面，1件装，粉色樱花装饰牌，宁静风景牌匾，乡村风格框架，非常适合家庭、门廊、花园、咖啡馆等，户外标牌 | 金属墙面装饰的绝佳选择，万圣节和圣诞节礼物,1.95,家居厨房用品,节日饰品,https://img.kwcdn.com/product/open/3b13b3dbcbb84da5944a1d6e8cce3364-goods.jpeg,https://www.temu.com/search_result.html?search_key=607130249744419&search_method=user,913.csv,False,,True,0
121,1.00737518124002,607335065946881,2D平面印花枕套2只装，绿色条纹植物纤维纹理现代装饰风格（不含枕芯），适用于家居装饰、床与沙发、卧室造型，2D平面,6.46,家居厨房用品,床上用品,https://img.kwcdn.com/product/open/debd84a53be442a785a7a5083ff4b642-goods.jpeg,https://www.temu.com/search_result.html?search_key=607335065946881&search_method=user,913.csv,False,,False,1
122,1.006774748143767,606135780243657,2D平面 - 一款幽默的标牌，仅限高尔夫球车停车，非常适合装饰餐厅、咖啡馆、家庭等场所。是高尔夫爱好者的理想礼物,1.99,家居厨房用品,节日饰品,https://img.kwcdn.com/product/open/da877333bf824165ba6137ba8c9e6667-goods.jpeg,https://www.temu.com/search_result.html?search_key=606135780243657&search_method=user,913.csv,False,,False,6
123,1.0062012649727141,607527936862624,4个西班牙圣经经文木质冰箱磁铁，绿色花卉叶子励志语录冰箱磁铁，家居厨房冰箱装饰，送给家人和朋友的节日礼物,5.19,家居厨房用品,厨房用品,https://img.kwcdn.com/product/open/9baaec47323d498aab0b5ce99ebf06a9-goods.jpeg,https://www.temu.com/search_result.html?search_key=607527936862624&search_method=user,913.csv,False,,False,0
124,1.0036409140947469,607119378055413,2D 平面木制挂牌 复古金色图案框菊花花篮花卉装饰牌 家居墙面挂饰 客厅卧室玄关艺术装饰挂件 田园花艺主题家居软装工艺品,0.83,家居厨房用品,节日饰品,https://img.kwcdn.com/product/fancy/a2ff33f0-43bd-4a42-824a-0422af2d7945.jpg,https://www.temu.com/search_result.html?search_key=607119378055413&search_method=user,913.csv,False,,True,0
125,1.002636012411081,606601029200721,3个装加厚加大搬家袋，防水拉链收纳袋，适用于被子、枕头和衣物 - 耐用可重复使用的搬家和家居整理袋，带随机卡片设计,15.78,家居厨房用品,家庭收纳,https://img.kwcdn.com/product/algo_check/auto/a87d9b50504425c9ee2aa3698d9bf0bc_1780552903504.jpg,https://www.temu.com/search_result.html?search_key=606601029200721&search_method=user,913.csv,False,,False,3
126,1.0017178264217834,607650075004834,18个透明塑料瓶带盖，140 X 25mm，试剂管，用于糖果、装饰、派个,23.28,家居厨房用品,节日聚会用品,https://img.kwcdn.com/product/open/65b002f6668d4e299477dd87ccfb6702-goods.jpeg,https://www.temu.com/search_result.html?search_key=607650075004834&search_method=user,913.csv,False,,False,1
127,1.0014311234472935,607555585675564,2D 平面木质标牌 不速之客暗黑搞怪警示标语：复古雕花边框骷髅装饰图案，仅为装饰，非真实安防标识 —— 哥特趣味装饰，适用于房门玄关墙面布置，送给喜爱暗黑复古风格软装的爱好者,0.97,家居厨房用品,节日饰品,https://img.kwcdn.com/product/fancy/ed47f647-25c8-412a-9e93-c381f06300f2.jpg,https://www.temu.com/search_result.html?search_key=607555585675564&search_method=user,913.csv,False,,False,46
128,1.0010370489177907,607115351546652,"DAINTY CROW HUE | Exquisite Crow Feather Deep Black 52pcs 9-Inch Nitrile Gloves, Cleaning Essentials, Suitable for Home Cleaning, Pet Care, Household Cleaning Gloves in Multiple Sizes Available, Soft Touch And Comfortable Wear, All-Season Use",7.82,家居厨房用品,清洁用品,https://img.kwcdn.com/product/open/c258d29494e043eba60a18536bdb4fd9-goods.jpeg,https://www.temu.com/search_result.html?search_key=607115351546652&search_method=user,913.csv,False,,True,0
129,0.999462292888653,607127296915604,2D平面，1件法老徽章圆形金属标志墙壁艺术，家居装饰，金色埃及法老头像，蓝色条纹头冠，华丽圆形徽章，非常适合卧室玄关，防风雨适合室内外装饰，耐用，2D平面,3.22,家居厨房用品,节日饰品,https://img.kwcdn.com/product/21f0661f40/9da73b71-e827-461b-a326-ad67142aee5d_800x800.jpeg,https://www.temu.com/search_result.html?search_key=607127296915604&search_method=user,913.csv,False,,True,0
130,0.998166183565213,607013882945659,纯色塔芙绒多功能毛毯，精美提花工艺，适合午睡、办公室、户外露营、沙发、卧室，全季节舒适，多种尺寸和颜色可选择,17.35,家居厨房用品,毯子,https://img.kwcdn.com/product/open/e0247a7e69624b1d8e2dbacf2d862ea2-goods.jpeg,https://www.temu.com/search_result.html?search_key=607013882945659&search_method=user,913.csv,True,LV|APP,False,0
131,0.996720118083929,607119378084849,"2D Flat, Mitosis Poster - Minimalist Watercolor Cell Biology Chart Suitable for, Lab, Office Decor - Vertical Unframed Canvas Print with Phases of Mitosis Diagram - / Science Wall Art for Biology Education, 2D Flat",2.89,家居厨房用品,墙面装饰,https://img.kwcdn.com/product/21152340f68/75d0ae84-79a5-45ac-8a36-9b7c5ae17455_900x900.jpeg,https://www.temu.com/search_result.html?search_key=607119378084849&search_method=user,913.csv,False,,True,0
132,0.9959106516649721,607310437019913,2D平面1件“禁止推销人员”图案的金属铝皮标牌圆形装饰画，尺寸(7.87英寸x7.87英寸/20公分*20公分)，适合放置在房间/餐厅/酒吧/门/车库，装饰金属招牌，2D平面款。,3.22,家居厨房用品,家居装饰,https://img.kwcdn.com/product/21140d6a368/7f5a6c2c-7db8-46f2-8257-d3d83c234285_1000x1000.jpeg,https://www.temu.com/search_result.html?search_key=607310437019913&search_method=user,913.csv,True,酒,False,0
133,0.9940785806254937,607469954811288,4件装西班牙语圣经经文木质冰箱贴，桉树绿叶励志语录冰箱磁贴，家用厨房冰箱与储物柜装饰，馈赠亲友的节日礼品,5.35,家居厨房用品,厨房用品,https://img.kwcdn.com/product/open/d53b74725a9847c2b9f5712aa1a6fba6-goods.jpeg,https://www.temu.com/search_result.html?search_key=607469954811288&search_method=user,913.csv,True,家用,False,0
134,0.9919218238920132,606261005412486,2D平面，2D平面，3件套彩色龙虾，彩色鱼，虾墙 आर्ट प्रिंट，鲜艳的海鲜海报，以及时尚的鱼美学厨房墙壁装饰，带细条纹，适合卧室、客厅、浴室和办公室装饰,6.84,家居厨房用品,墙面装饰,https://img.kwcdn.com/product/fancy/37a0b2e1-9b86-46e6-a750-c86e1b54aea0.jpg,https://www.temu.com/search_result.html?search_key=606261005412486&search_method=user,913.csv,False,,False,12
135,0.9911038318475256,606650152919991,"Blue 1 Roll Window Glass Insulation Film, One-Way View Window Film, Sunshade Film, Privacy And Protection Glass Film",3.14,家居厨房用品,窗饰及配件,https://img.kwcdn.com/product/fancy/100821b8-a7fd-4bfc-b049-5c732f1183ce.jpg,https://www.temu.com/search_result.html?search_key=606650152919991&search_method=user,913.csv,False,,False,1
136,0.9885849315497636,601105722771018,2D平面装饰画，3件套带框彩色墙饰海报，几何图案墙艺，趣味设计帆布画装饰，大胆色彩墙艺，时尚海报，复古艺术印刷品，家居装饰，适用于客厅、卧室、浴室，含画框[2D平面]，2D平面,28.21,家居厨房用品,墙面装饰,https://img.kwcdn.com/product/open/52f94d44f7194c9baa4167f119df6cc6-goods.jpeg,https://www.temu.com/search_result.html?search_key=601105722771018&search_method=user,913.csv,False,,False,2
137,0.9873369665529411,607242589989107,一卷自粘PVC新月形绿叶静电贴膜，窗户隐私膜，彩色窗户贴花，3D装饰窗户乙烯基膜，彩色玻璃窗贴膜，静电贴膜窗户贴纸,4.34,家居厨房用品,窗饰及配件,https://img.kwcdn.com/product/fancy/3cd82f18-82e4-43c3-9aed-5542060ff137.jpg,https://www.temu.com/search_result.html?search_key=607242589989107&search_method=user,913.csv,False,,False,15
138,0.9864747582347746,607104077265867,"2D Flat, 2D Flat, 2D/Flat 1pc Large Navy Blue Peony Flower Wall Art - Ultra-Wide Navy Blue Beige White Canvas, Suitable for Living Room, Bedroom, Office - Frameless Modern Classic - Plant Print Gift Creative Note: This Painting Is 2D/Flat, Frameless",7.25,家居厨房用品,墙面装饰,https://img.kwcdn.com/product/algo_check/auto/dfc71faca02187389ccf331ea1b48d45_1787454123804.jpg,https://www.temu.com/search_result.html?search_key=607104077265867&search_method=user,913.csv,False,,True,1
139,0.9859642705496265,607424522107789,2D平面，2D平面3件套紫色中世纪现代海报和印刷品，波西米亚风植物紫色斯堪的纳维亚艺术印刷品家居装饰节日礼物，客厅，卧室，办公室，餐厅，厨房，浴室，墙壁艺术，家居装饰，2D印刷，无框,12.37,家居厨房用品,墙面装饰,https://img.kwcdn.com/product/open/f6372784d2134e74892eba0eb7b1d0a5-goods.jpeg,https://www.temu.com/search_result.html?search_key=607424522107789&search_method=user,913.csv,False,,False,3
140,0.9854907662423572,605884725996393,复古“小心蛇”警示木制标牌 - 蛇类爱好者的理想选择，耐用锡制物业保护装饰，易于悬挂，物业装饰，蛇爱好者,2.84,家居厨房用品,节日饰品,https://img.kwcdn.com/product/open/98f8c7a9e93a42a8a2a5ab741d7ad9c9-goods.jpeg,https://www.temu.com/search_result.html?search_key=605884725996393&search_method=user,913.csv,False,,False,10
141,0.984414021394644,601105614014789,1PC简约复古三色格纹印花磨毛羽绒被被套（无填充物和枕套）100%涤纶可机洗 面料亲肤透气轻便,13.79,家居厨房用品,床上用品,https://img.kwcdn.com/product/fancy/caa147c3-e162-4943-8e8d-c18f9b01bba0.jpg,https://www.temu.com/search_result.html?search_key=601105614014789&search_method=user,913.csv,False,,False,14
142,0.9843886816473123,607128773354699,全新口味，高品质大豆蜡香薰片，精致香薰蜡块，香气扩散性能稳定，适用于多种室内外生活场景，高端礼品首选,2.44,家居厨房用品,家居装饰,https://img.kwcdn.com/product/fancy/6833bebb-bfcd-48f1-bb72-f50ae331673c.jpg,https://www.temu.com/search_result.html?search_key=607128773354699&search_method=user,913.csv,False,,True,1
143,0.9843854997215943,607337079258755,10个超强旋转挂钩，适用于家庭、洗衣、衣物和沙滩巾 - 易于使用且安全，衣夹,4.62,家居厨房用品,衣橱收纳,https://img.kwcdn.com/product/fancy/a9a4a63a-97a2-406b-b722-1d3dfa81548b.jpg,https://www.temu.com/search_result.html?search_key=607337079258755&search_method=user,913.csv,False,,False,0
144,0.983684311301767,601099655621992,"Luxurious European-Style Jacquard Plush Sofa Cover - Thick, Non-Slip Couch Protector for Pets & Youngsters, Machine Washable, Polyester, Fits 3-Seater to 4-Seater Sofas - Perfect for Living Room Decor",14.2,家居厨房用品,沙发装饰,https://img.kwcdn.com/product/fancy/2c6d5502-cc5c-45e8-a13e-342e72fa16a1.jpg,https://www.temu.com/search_result.html?search_key=601099655621992&search_method=user,913.csv,False,,True,18
145,0.9836751795478746,607276345700323,1件新款现代条纹格子床上用品-被套，100%全棉床品 柔软亲肤四季通用被套，可机洗，适合卧室、客房、宿舍（被套/无填充物+无枕套）,25.33,家居厨房用品,床上用品,https://img.kwcdn.com/product/open/744eb9c39e6d482db0bf9a39afdff4e7-goods.jpeg,https://www.temu.com/search_result.html?search_key=607276345700323&search_method=user,913.csv,False,,False,6
146,0.9809991573421362,607584509612271,"Minimalist White Single Panel Sheer Curtain, Light Filtering Block Sight Voile Drape, Large Window Partition Sheer for Villa Apartment",15.28,家居厨房用品,窗饰及配件,https://img.kwcdn.com/product/fancy/c9aec480-4a8c-4afd-99b4-3b548ff31e9d.jpg,https://www.temu.com/search_result.html?search_key=607584509612271&search_method=user,913.csv,True,Led,False,0
147,0.9808520609969171,606984086643560,1件/收藏级/贝壳里的小狗/桌面装饰摆件,1.46,家居厨房用品,节日饰品,https://img.kwcdn.com/product/fancy/f86c1064-c7d1-49e6-a1c8-9022bcc2a5f4.jpg,https://www.temu.com/search_result.html?search_key=606984086643560&search_method=user,913.csv,False,,False,3
148,0.9801558462770832,607304598585194,超柔牛奶绒床笠，加厚保暖冬季床单，深口袋全包围防滑设计，柔软亲肤绒感床垫保护套，舒适包裹床垫，可机洗易打理，适用于卧室、宿舍、客房及家居装饰,15.35,家居厨房用品,床上用品,https://img.kwcdn.com/product/fancy/b02d8cec-5ad1-46eb-ac11-b8387f47cff4.jpg,https://www.temu.com/search_result.html?search_key=607304598585194&search_method=user,913.csv,False,,False,0
149,0.9800080638543385,607116559515268,1个 时尚粉色亚克力杯垫 别致不规则造型杯垫 功能性桌面保护 防滑设计 法式浪漫装饰 适用于家居与办公室 感恩节、圣诞节、秋冬季,2.64,家居厨房用品,餐厅用品,https://img.kwcdn.com/product/fancy/64a0ee89-6915-40b4-bdd3-d8c693e79aa4.jpg,https://www.temu.com/search_result.html?search_key=607116559515268&search_method=user,913.csv,False,,True,2
150,0.9799476106588279,605585839901015,轻奢床上用品全棉单被套，四季通用，1*被套，耐用高密度纺织品，可水洗可机洗，透气柔软亲肤，加厚保暖，适用主卧室、客房，出租房，酒店，房车，大学生宿舍,21.76,家居厨房用品,床上用品,https://img.kwcdn.com/product/open/d906d3a3764648749b947164aa1e4c86-goods.jpeg,https://www.temu.com/search_result.html?search_key=605585839901015&search_method=user,913.csv,True,酒,False,3
151,0.9793903390008663,607129981270070,"10pcs定制派个装饰品，可定制文字的装饰性铃,金色铃铛配蝴蝶结 适用于婚礼季装饰，派个用品",7.29,家居厨房用品,家居装饰,https://img.kwcdn.com/product/fancy/43d43ba3-e51e-4239-b4c5-28e9d8f5ab4f.jpg,https://www.temu.com/search_result.html?search_key=607129981270070&search_method=user,913.csv,False,,True,0
152,0.9777589776452238,607120854483063,2D平面单面印花冬季节日圣诞乡村卡车枕套红色靠垫套，含内芯，沙发床装饰，卧室客厅适用,2.06,家居厨房用品,沙发装饰,https://img.kwcdn.com/product/open/11c9cd7a69cf4685af12ba2a926ab7b3-goods.jpeg,https://www.temu.com/search_result.html?search_key=607120854483063&search_method=user,913.csv,False,,True,0
153,0.9754026394173813,606899261014438,长方形带把手竹木托盘 可嵌套收纳托盘 家用早餐咖啡摆盘客厅玄关装饰木盘,11.75,家居厨房用品,餐厅用品,https://img.kwcdn.com/product/fancy/adc06fe5-38e6-440a-afc9-47b115e486d1.jpg,https://www.temu.com/search_result.html?search_key=606899261014438&search_method=user,913.csv,True,家用,False,0
154,0.9726959908660946,607227154902921,"2D平面, 2D平面, 2件套, 爱情语录海报, 帆布画, 极简情侣墙面装饰, 帆布艺术画, 适用于书房, 卧室美学, 家居装饰美学, 迁家礼物, 无框",4.7,家居厨房用品,墙面装饰,https://img.kwcdn.com/product/open/29ea28af2ce94835954d0383ca9d5d17-goods.jpeg,https://www.temu.com/search_result.html?search_key=607227154902921&search_method=user,913.csv,False,,False,0
155,0.9713617537451738,606316386960963,3件套星系游戏手柄床笠套装 | 1个床笠 + 2个枕套，无芯设计，游戏主题，舒适卧室装饰，柔软透气涤纶床上用品，四季通用,19.48,家居厨房用品,床上用品,https://img.kwcdn.com/product/open/bf42724e81f34286ab3796d479f7eeb8-goods.jpeg,https://www.temu.com/search_result.html?search_key=606316386960963&search_method=user,913.csv,False,,False,1
156,0.9706843180580128,605645348678306,22件套透明防尘衣物袋，衣柜收纳挂式塑料服装袋，干洗旅行及洗衣店必备家居用品,9.64,家居厨房用品,衣橱收纳,https://img.kwcdn.com/product/fancy/f91626da-f315-4da6-a917-9a91ae238f5a.jpg,https://www.temu.com/search_result.html?search_key=605645348678306&search_method=user,913.csv,False,,False,21
157,0.9700034490750111,607129310189147,免打孔壁挂浴室收纳柜 防尘卫生纸盒 化妆品毛巾整理神器,13.6,家居厨房用品,浴室用品,https://img.kwcdn.com/product/fancy/5454499e-594a-4dd0-b2d3-b0a2c0433f4b.jpg,https://www.temu.com/search_result.html?search_key=607129310189147&search_method=user,913.csv,False,,True,0
158,0.9685171323999798,607127296952087,1件桌面PVC标志标牌，正方形小摆件，现代简约设计，办公室家居装饰，专业按摩师定义，舒缓肌肉，缓解身体不适。Decorative Sign,3.55,家居厨房用品,节日饰品,https://img.kwcdn.com/product/open/78d4e66418d9459986f3db9c5089dee4-goods.jpeg,https://www.temu.com/search_result.html?search_key=607127296952087&search_method=user,913.csv,False,,True,0
159,0.9683084996812247,606717798623914,"Privacy Window Film with One Way Mirror, Removable Static Cling, Heat Blocking& Protection for Home Glass Cover",9.12,家居厨房用品,窗饰及配件,https://img.kwcdn.com/product/open/2c5c2aeb1612443ca09f1bd199c737e2-goods.jpeg,https://www.temu.com/search_result.html?search_key=606717798623914&search_method=user,913.csv,False,,False,0
159,0.9683084996812247,607297619202735,"Privacy Window Film with One Way Mirror, Removable Static Cling, Heat Blocking& Protection for Home Glass Cover",9.56,家居厨房用品,窗饰及配件,https://img.kwcdn.com/product/open/2c5c2aeb1612443ca09f1bd199c737e2-goods.jpeg,https://www.temu.com/search_result.html?search_key=607297619202735&search_method=user,913.csv,False,,False,3
161,0.9677789833637876,605802114964933,2D平面打印 1件 现代艺术风格 新奥尔良的版式磁铁贴 独特的礼物 充满创意的冰箱表面和铁门表面装饰和整理器 带有磁性背面 3.94x2.76 inch (10x7cm) P03,1.11,家居厨房用品,厨房用品,https://img.kwcdn.com/product/fancy/1ca034b6-7660-4e9c-b34a-6810dd0fa328.jpg,https://www.temu.com/search_result.html?search_key=605802114964933&search_method=user,913.csv,False,,False,1
162,0.967658922156293,606733099478411,大容量可折叠洗衣篮，带支架腿和可折叠储物篮 - 重型塑料储物箱，带刹车脚轮，节省空间的现代矩形设计，适用于浴室、卧室、宿舍和洗衣房,21.01,家居厨房用品,衣橱收纳,https://img.kwcdn.com/product/fancy/63041ae4-097c-4738-b479-b9baf83d8e97.jpg,https://www.temu.com/search_result.html?search_key=606733099478411&search_method=user,913.csv,True,支架,False,12
163,0.966940900662012,607116626611114,【】2D Flat Banner 1件 横幅，带有彩色“Happy Birthday”及蛋糕、气球、礼物等设计，主题派对装饰，适用于室内庆祝活动、家居场景装饰、照片亭道具、节日装饰，耐用聚酯 。,14.84,家居厨房用品,节日聚会用品,https://img.kwcdn.com/product/217a7c19e6/c654454f-16cc-4c1a-84b2-4de4d28fb15c_1000x1000.jpeg,https://www.temu.com/search_result.html?search_key=607116626611114&search_method=user,913.csv,True,APP,True,2
164,0.9658061823108693,607123673034527,2Dflat，搞笑骷髅青少年挂饰 - “显然我很戏剧化”亚克力挂饰，万圣节完美礼物，孙女的理想选择，万圣节装饰,1.29,家居厨房用品,家居装饰,https://img.kwcdn.com/product/open/32b9d1087f9b455fa6300ba4195f5764-goods.jpeg,https://www.temu.com/search_result.html?search_key=607123673034527&search_method=user,913.csv,False,,True,0
165,0.9647894542320183,607126223215850,二维平面，1件装 2027新年快乐复古风门帘，含时钟与铃铛图案横幅，色彩鲜艳的新年假日装饰，庭院墙壁栅栏展示挂饰，配有预钻孔和支撑绳，二维平面,7.37,家居厨房用品,节日聚会用品,https://img.kwcdn.com/product/open/5cf744b61afa4b4dad74a67fd8d4e145-goods.jpeg,https://www.temu.com/search_result.html?search_key=607126223215850&search_method=user,913.csv,False,,True,0
166,0.9630097783683925,606664379970856,1pc高级硅胶厨房水槽肥皂盘,1.24,家居厨房用品,厨房收纳,https://img.kwcdn.com/product/open/2024-09-11/1726071046067-72abb153f6ab4eadb5c26f6ef9348d0c-goods.jpeg,https://www.temu.com/search_result.html?search_key=606664379970856&search_method=user,913.csv,False,,False,1
167,0.9622206233469082,606882349555734,三层波西米亚中性色悬挂篮 - 编织绳墙壁收纳架，带节省空间的垂直储物架，波西米亚风格，适用于浴室、婴儿房、厨房、卧室 - 多房间悬挂式置物箱，用于存放毛巾、餐具,10.8,家居厨房用品,衣橱收纳,https://img.kwcdn.com/product/open/6fe4b66457344fc58d3d60981138fedb-goods.jpeg,https://www.temu.com/search_result.html?search_key=606882349555734&search_method=user,913.csv,False,,False,3
168,0.9591365564252405,606658205971267,"5pcs/7pcs YSW Tablecloth and Chair Covers Suitable for 4/6 Chairs, Modern Rectangular Table Cover with Chair Slipcovers, Colorful Tablecloth & Chair Protectors for Kitchen, Patio, Dining Room, Machine Washable Polyester Furniture Covers, 2D Flat",25.08,家居厨房用品,沙发装饰,https://img.kwcdn.com/product/open/d9e04e692168439db78406a8aa14da6b-goods.jpeg,https://www.temu.com/search_result.html?search_key=606658205971267&search_method=user,913.csv,False,,False,0
169,0.9581636124447279,607126223172518,一件亚克力小夜灯，采用三色发光设计，非常适合卧室使用，也适用于生日、复活节、圣诞节、万圣节等庆祝活动和装饰。小北极熊造型小夜灯 TDF4253,9.93,家居厨房用品,照明及配件,https://img.kwcdn.com/product/open/afc47aebb9a64846b8367b3e30c138ed-goods.jpeg,https://www.temu.com/search_result.html?search_key=607126223172518&search_method=user,913.csv,False,,True,0
170,0.9558504366542044,606945700370130,Cotton Linen 4pcs Bedding Skin-Friendly Breathable Sweat-Proof Design Comfortable for Naked Sleep Easy Style Machine Washable All-Season Bedroom Duvet Cover Sheet Pillowcases Set,59.79,家居厨房用品,床上用品,https://img.kwcdn.com/product/algo_check/auto/da9553d4efc11e0026be6e1f37c90712_1787932462746.jpg,https://www.temu.com/search_result.html?search_key=606945700370130&search_method=user,913.csv,False,,False,0
171,0.95354653632922,607119646505315,多功能6PCS无痕带钩袜子内裤收纳防滑多场景晾晒夹子，防风旋转夹钩，衣柜挂钩，袜夹,4.87,家居厨房用品,衣橱收纳,https://img.kwcdn.com/product/algo_check/auto/243dbd2b463f5beb1914e6a4fd6e99e2_1788254819484.jpg,https://www.temu.com/search_result.html?search_key=607119646505315&search_method=user,913.csv,False,,True,0
172,0.9532574430508199,607110117082037,1pc 圣诞姜饼屋墙面装饰画，糖果拐杖、冬青红果、松枝、礼物与姜饼元素节日海报，温馨圣诞家居装饰，40×60cm（15.7×23.6in），无框,3.57,家居厨房用品,墙面装饰,https://img.kwcdn.com/product/fancy/db401267-805e-4dd5-91ad-ae5c71ae8588.jpg,https://www.temu.com/search_result.html?search_key=607110117082037&search_method=user,913.csv,False,,True,0
173,0.9530586459348258,607563236102512,3件装可折叠脏衣篮收纳袋- 高款可折叠织物衣物收纳筐，圆柱形回收桶，适用于卧室、浴室、大学宿舍储物、衣柜整理与洗衣（节省空间设计）户外露营便携收纳袋，多用途收纳,10.52,家居厨房用品,衣橱收纳,https://img.kwcdn.com/product/open/f16348b8f07f43dba89d93cb81e8feb6-goods.jpeg,https://www.temu.com/search_result.html?search_key=607563236102512&search_method=user,913.csv,False,,False,1
174,0.9527840217222822,607344192754305,2个磁性储物柜镜子、带强全磁背的小型真玻璃镜子、超清晰反射紧凑型镜子、学校健身房储物柜、冰箱、办公柜、宿舍用粘性磁性镜子,8.68,家居厨房用品,家居装饰,https://img.kwcdn.com/product/open/7b00bedb75c742c08e46eaea707c1128-goods.jpeg,https://www.temu.com/search_result.html?search_key=607344192754305&search_method=user,913.csv,False,,False,6
175,0.9523242648596001,605852597597931,2D平面画框 8X8英寸 家居装饰 浴室装饰 墙面装饰 动物装饰 猫咪装饰,7.72,家居厨房用品,节日饰品,https://img.kwcdn.com/product/open/7487b5da01ca4df2882f5d95f6480030-goods.jpeg,https://www.temu.com/search_result.html?search_key=605852597597931&search_method=user,913.csv,False,,False,3
176,0.9520525958135708,607108909128785,3pcs组合套装（2件随机颜色的多用途防风衣钩带绳+一个收纳袋）耐用塑料，非常适合晾衣、毛巾和袜子 - 非常适合家庭和旅行使用，衣钩,1.39,家居厨房用品,衣橱收纳,https://img.kwcdn.com/product/open/aa4888a93c094b47aa44c4291b2e8c8c-goods.jpeg,https://www.temu.com/search_result.html?search_key=607108909128785&search_method=user,913.csv,False,,False,0
177,0.951066307586982,607126290284479,1个便携式可折叠大网眼弹出式洗衣篮，带瞌睡小猫印花 - 瞬间展开，适合旅行、房间、宿舍收纳 - 现代可折叠衣物篮，配有坚固框架,6.07,家居厨房用品,衣橱收纳,https://img.kwcdn.com/product/fancy/48e49eec-9079-47b1-8f2c-7f50623a18c9.jpg,https://www.temu.com/search_result.html?search_key=607126290284479&search_method=user,913.csv,False,,True,0
178,0.9505651607004186,607628533049193,1个虾形3D立体造型填充抱枕 装饰靠垫 适用于礼物、卧室、沙发、房间、派对装饰,17.38,家居厨房用品,床上用品,https://img.kwcdn.com/product/open/d88944d336f84ee2a90914d4977afd1b-goods.jpeg,https://www.temu.com/search_result.html?search_key=607628533049193&search_method=user,913.csv,False,,False,0
179,0.9497243456956332,607674905266759,发光银色玻璃迪斯科球 4只装 3.94英寸家居/节日/圣诞/派对装饰,5.71,家居厨房用品,家居装饰,https://img.kwcdn.com/product/open/19b1cc2b7997401995b1c0edc6bfbb67-goods.jpeg,https://www.temu.com/search_result.html?search_key=607674905266759&search_method=user,913.csv,False,,False,0
180,0.9481200693594629,606650824002618,2D平面，1件，复古风格标牌 - 20.32X20.32厘米，复古设计金属墙饰，限量版装饰标牌，适用于车库、咖啡馆装饰或作为万圣节/感恩节/圣诞节礼物，2D平面,1.95,家居厨房用品,节日饰品,https://img.kwcdn.com/product/open/1202e6f900bd4c61a9716d3b028c4bf3-goods.jpeg,https://www.temu.com/search_result.html?search_key=606650824002618&search_method=user,913.csv,False,,False,0
181,0.9462222986323768,606848795162070,12片2D复古立体木纹墙贴，30X30厘米，自粘背胶，即剥即贴。提供轻微隔音和减震效果。适用于奶油色风格的客厅、卧室床头板、玄关和其他家居环境,8.22,家居厨房用品,家居装饰,https://img.kwcdn.com/product/fancy/62a6c935-b9fb-4e0c-a476-0dab86a2685d.jpg,https://www.temu.com/search_result.html?search_key=606848795162070&search_method=user,913.csv,False,,False,0
182,0.9457720680398696,606185977648064,2D平面画，3件套波西米亚极简风墙贴海报——无框日月星辰与植物印花，现代帆布画适用于客厅，中性色调画作可搭配斯堪的纳维亚及地中海家居装饰，2D平面画,6.92,家居厨房用品,墙面装饰,https://img.kwcdn.com/product/open/4e9a120e42694684b17fef6935efd1b6-goods.jpeg,https://www.temu.com/search_result.html?search_key=606185977648064&search_method=user,913.csv,False,,False,0
183,0.9456830136316456,607127162702731,1件装 可重复使用购物袋，2D平面印花热带花卉阿罗哈图案PVC大容量旅行手提袋，购物袋，手提便携包，适用于日常收纳，野餐与周末短途出游的礼物，2D平面款,7.45,家居厨房用品,厨房收纳,https://img.kwcdn.com/product/open/8f35d2a0a750424797c0886901420ef5-goods.jpeg,https://www.temu.com/search_result.html?search_key=607127162702731&search_method=user,913.csv,False,,True,0
184,0.9450904283790315,606537091232589,3件 2D平面 沙漠仙人掌主题简约波西米亚风帆布艺术品套装，非常适合装饰客厅和卧室，送给他/她的完美礼物 无框,4.98,家居厨房用品,墙面装饰,https://img.kwcdn.com/product/open/f48dd38085b84e6ba79dbabb9c6e0ad7-goods.jpeg,https://www.temu.com/search_result.html?search_key=606537091232589&search_method=user,913.csv,False,,False,1
185,0.9434253430055022,607129310183203,白色75cm宽网纱，适用于婚礼拱门装饰、活动派对背景装饰，各种宴会悬挂装饰、周年派对、社交舞会、周年纪念日、情人节、万圣节、圣诞节等氛围感装饰、餐桌中央桌旗装饰、楼梯扶手装饰，四季皆可使用，多功能装饰品装饰；节日吊坠、悬挂装饰,24.41,家居厨房用品,节日聚会用品,https://img.kwcdn.com/product/open/eddd9ddc0c134e2c85a4f01b9d7c6340-goods.jpeg,https://www.temu.com/search_result.html?search_key=607129310183203&search_method=user,913.csv,False,,True,0
186,0.9431074956359832,606874699177118,"1件2D平面图案,圣诞窗贴玻璃静电贴纸，窗贴，玻璃贴画，窗户贴花 圣诞花环松针蝴蝶结图案玻璃贴膜易安装可拆卸，防水贴纸，可重复使用个面可见|可移除的PVC节日防水贴纸，圣诞节玻璃窗户装饰贴纸 个面打印-浴室家居玻璃贴膜",2.76,家居厨房用品,窗饰及配件,https://img.kwcdn.com/product/open/bb9b5771473e445ebb5d566e42bae955-goods.jpeg,https://www.temu.com/search_result.html?search_key=606874699177118&search_method=user,913.csv,False,,False,7
187,0.9425897723813446,606531001147336,2D平面画，3件套波西米亚极简风竖版欢乐花卉墙饰，适用于客厅卧室玄关装饰，复古笑脸帆布海报，无框竖版挂画适用于狭窄空间，春秋美学风格,7.77,家居厨房用品,墙面装饰,https://img.kwcdn.com/product/open/bceafb9fa7124a20aab558d808afcd0a-goods.jpeg,https://www.temu.com/search_result.html?search_key=606531001147336&search_method=user,913.csv,False,,False,3
188,0.9425466632393794,607432038265418,2D flat/壁画，3件套未装框中世纪包豪斯几何画布海报，波西米亚抽象橙色和米色几何墙面艺术印刷品，适用于现代客厅、卧室、宿舍、厨房和家居装饰 - 完美礼物，极简艺术，装饰艺术风格，现代极简风格，墨水媒介，画布墙面艺术,9.84,家居厨房用品,墙面装饰,https://img.kwcdn.com/product/fancy/385a7147-4134-48ba-ad8b-d1c5685c118b.jpg,https://www.temu.com/search_result.html?search_key=607432038265418&search_method=user,913.csv,False,,False,0
189,0.9423583096847957,606700887179633,二维平面个性化裱框帆布海报 - 可定制照片/文字/肖像，适用于生日、复古/现代/装饰艺术墙饰，带包边木质画框、水彩情侣肖像，理想赠礼印刷品，二维平面,6.58,家居厨房用品,墙面装饰,https://img.kwcdn.com/product/open/4c88342a5b704456b57125ad2e354d9a-goods.jpeg,https://www.temu.com/search_result.html?search_key=606700887179633&search_method=user,913.csv,False,,False,0
190,0.9421329449214019,601104462329649,"太空探险外太空旅行牛奶绒床笠，独立深口袋全包裹防滑床垫保护套，秋冬季全尺寸适用于Twin，Single，QUEEN、KING。柔软保暖加绒，四季可用，可机洗女王尺寸的床品，是圣诞节、情人节、万圣节的理想礼物选择,耐用材料,床上用品,特大号床品，卧室，客房",22.51,家居厨房用品,床上用品,https://img.kwcdn.com/product/open/5471fe63de6e43aa87014540e79af38f-goods.jpeg,https://www.temu.com/search_result.html?search_key=601104462329649&search_method=user,913.csv,False,,False,11
191,0.9412170076756825,605743998717440,2D平面画作，3件套柔和色调书籍主题三联挂画海报 - 大尺寸，适用于书架、阅读角装饰、画廊墙面板，专为爱书人士设计，简约风格与图书馆装饰，无框帆布印刷品，2D平面,5.72,家居厨房用品,墙面装饰,https://img.kwcdn.com/product/open/c8a94689c6b64013881cfef850b31de9-goods.jpeg,https://www.temu.com/search_result.html?search_key=605743998717440&search_method=user,913.csv,False,,False,2
192,0.9411908634185661,606942479146530,不锈钢置物架，卫生间浴室洗漱台收纳架，化妆品小杂物整理多功能架，优质不锈钢材质防锈耐腐蚀，分层设计充分利用台面空间，可收纳护肤品、洗漱用品、美妆小物件，摆放稳固不易倾倒，浴室洗手台、桌面梳妆台均可使用，简约百搭，告别台面杂乱,19.97,家居厨房用品,家庭收纳,https://img.kwcdn.com/product/open/d43af1a907e74a909c07f9e9f95af3db-goods.jpeg,https://www.temu.com/search_result.html?search_key=606942479146530&search_method=user,913.csv,False,,False,2
193,0.9410669715732515,607124209911263,个性化定制 圣诞木质装饰 彩球 个性化挂饰 带姓名 定制礼物标签 激光雕刻姓名,3.43,家居厨房用品,节日饰品,https://img.kwcdn.com/product/open/d7219acdf8fb48fb9a1b02710f57e6e2-goods.jpeg,https://www.temu.com/search_result.html?search_key=607124209911263&search_method=user,913.csv,True,激光,True,0
194,0.9410659142810267,607106493162665,1pc 个性化可定制啤酒杯 -螺纹古典杯 适合男朋友和丈夫 - 时尚、可洗碗机清洗，适合婚礼和周年纪念 - 理想的家庭酒吧、庆祝活动和特殊场合,11.24,家居厨房用品,杯具,https://img.kwcdn.com/product/fancy/8db48cdd-f2a3-476b-80ca-2d4b560c61d1.jpg,https://www.temu.com/search_result.html?search_key=607106493162665&search_method=user,913.csv,True,酒,True,1
195,0.9406349597294684,606389451783519,2D平面海报与印刷品3件套（无框帆布海报）2D平面南瓜橙与奶油色中世纪现代风格印刷品：3件套 | 亨利·马蒂斯植物艺术画适用于中性色调客厅 | 橙色卧室装饰，2D平面,3.73,家居厨房用品,墙面装饰,https://img.kwcdn.com/product/open/fbc613d915c64f60bc2609a2dfc452b0-goods.jpeg,https://www.temu.com/search_result.html?search_key=606389451783519&search_method=user,913.csv,False,,False,1
196,0.9404479323197605,607163133062440,2pcs Hamburger Patty Mold Size Hamburger Mold Ring Easy Release Hamburger Patty Mold Suitable Grill Accessories,2.89,家居厨房用品,厨房用品,https://img.kwcdn.com/product/open/1af42aca23c0454bb63b3c3010d35016-goods.jpeg,https://www.temu.com/search_result.html?search_key=607163133062440&search_method=user,913.csv,False,,False,0
197,0.9404073398130888,601103935847344,1件舒适的纯色磨毛秋冬季羽绒被套，柔软抗起球床上用品，舒适透气，防尘羽绒被套（不含填充物），适用于单人床、双人床、双人床、特大号床、大号床尺寸，适用于卧室、客房、宿舍、所有季节，可机洗，秋冬季装饰，房间装饰,11.87,家居厨房用品,床上用品,https://img.kwcdn.com/product/fancy/4456ceb0-7ab8-4209-b77f-2c25545ca2da.jpg,https://www.temu.com/search_result.html?search_key=601103935847344&search_method=user,913.csv,False,,False,21
198,0.9403362102511147,607109580200406,粉色玫瑰便携迷你金属烟灰缸，复古花卉口袋烟灰缸，带盖和登山扣，紧凑型香烟烟灰盒，适合旅行、户外使用，吸烟者和玫瑰爱好者,7.01,家居厨房用品,餐厅用品,https://img.kwcdn.com/product/open/88d6abe39dca4731a55a2a444a35d957-goods.jpeg,https://www.temu.com/search_result.html?search_key=607109580200406&search_method=user,913.csv,True,烟,True,0
199,0.9402922766876578,606669681586795,中世纪魔法骏马抱枕套 2D平面印花 单面印刷 红色 沙发床装饰 适用于卧室客厅 单件装 不含枕芯,2.06,家居厨房用品,沙发装饰,https://img.kwcdn.com/product/open/96de6de768c64e978ef4c4621ed928d2-goods.jpeg,https://www.temu.com/search_result.html?search_key=606669681586795&search_method=user,913.csv,False,,False,2
200,0.940238439671083,605824328008924,【】1件，8*8英寸的圆形铝标牌，有关“莎士比亚戏剧名言”的复古装饰牌匾，威廉莎士比亚“As You Like It”主题装饰牌，适合装饰客厅，书房，咖啡馆，酒吧，办公室，卧室，“莎士比亚戏剧名言”，“威廉莎士比亚As You Like It主题装饰牌”,4.21,家居厨房用品,节日饰品,https://img.kwcdn.com/product/2123a66998/e6c25680-3297-42a4-9f71-7b765a8aa18f_800x800.jpeg,https://www.temu.com/search_result.html?search_key=605824328008924&search_method=user,913.csv,True,酒,False,0
201,0.9386838446682153,607504582994194,2 件装灰线菱形几何纹样四季抱枕套 沙发椅子客厅卧室花园庭院家居装饰，涤纶，45cmx45cm，不含抱枕芯,3.74,家居厨房用品,沙发装饰,https://img.kwcdn.com/product/open/ece469dc34704f39af34f5bea44ee1c2-goods.jpeg,https://www.temu.com/search_result.html?search_key=607504582994194&search_method=user,913.csv,False,,False,1
202,0.9380243462319815,607123673039022,圣诞节家居墙壁挂饰，珍珠钻石装饰套装，亚克力圆形板，配有挂链和混合尺寸珍珠串,11.15,家居厨房用品,家居装饰,https://img.kwcdn.com/product/open/7fcfb8e9291347318803fd7e1e47a712-goods.jpeg,https://www.temu.com/search_result.html?search_key=607123673039022&search_method=user,913.csv,False,,True,0
203,0.9373177499785028,606926104539252,重型金属桌面挂钩书桌边挂钩，层板挂钩，可移动悬挂钩子，书包钩，衣服挂钩，小物件收纳挂钩，节省空间，书桌挂钩，桌面挂钩，厨房、浴室、卧室和办公室挂式配件整理器,1.76,家居厨房用品,家庭收纳,https://img.kwcdn.com/product/fancy/ee988383-d5cd-49bc-ab7b-209a551c2037.jpg,https://www.temu.com/search_result.html?search_key=606926104539252&search_method=user,913.csv,False,,False,1
204,0.9344305076373319,607119646491208,LED Projector Night Light USB Powered Fantasy Forest Spirit Glowing Elf with Antlers And Celtic Knots Ambient Decor Projection Lamp for Bedroom Living Room Halloween Holiday Gift,7.34,家居厨房用品,照明及配件,https://img.kwcdn.com/product/open/4cd4219506b241cbaa047e04c7309f29-goods.jpeg,https://www.temu.com/search_result.html?search_key=607119646491208&search_method=user,913.csv,True,Usb|Led,True,0
205,0.9340638007901999,606510516172067,【】1件，8*8英寸的圆形铝标牌，有关“未解连环杀手”的复古装饰牌匾，D.R. Werner恐怖案件集装饰牌，适合装饰酒吧装饰牌，咖啡馆装饰牌，装饰牌，书房装饰牌，办公室装饰牌，电影院装饰牌。,3.16,家居厨房用品,节日饰品,https://img.kwcdn.com/product/21137b26a14/761c45c6-f77b-42d5-8728-74c5a060c493_800x800.jpeg,https://www.temu.com/search_result.html?search_key=606510516172067&search_method=user,913.csv,True,酒,False,0
206,0.9325500353348002,606937513084331,2D平面，1个装，复古圆形标牌，经典复古装饰牌匾，独特门廊装饰，墙壁装饰，家居装饰，房间装饰，标牌 20X20Cm,3.12,家居厨房用品,节日饰品,https://img.kwcdn.com/product/open/78c941daae91407d84ba35ee799c4990-goods.jpeg,https://www.temu.com/search_result.html?search_key=606937513084331&search_method=user,913.csv,False,,False,0
207,0.9316935869790044,607126088994460,JIT 1个米老鼠手绘小酒馆主题抱枕套，复古手风琴音乐元素，啤酒节派个装饰，提升家居格调的创意节日摆件抱枕,2.7,家居厨房用品,沙发装饰,https://img.kwcdn.com/product/open/d217c0d1c33844dbadc52cefe6aec48c-goods.jpeg,https://www.temu.com/search_result.html?search_key=607126088994460&search_method=user,913.csv,True,酒,True,0
208,0.9315814967508218,607107030056468,"1pc Foldable Cat-Themed Bathroom Storage Basket with Cupcake & Cat Pattern - PET Plastic Suitable for Towels, Toiletries, Toilet Paper Roll Holder, Space-Saving Shelf Container for Bath, No Installation Required for, 2D Flat, Toilet Paper Storage",9.26,家居厨房用品,家庭收纳,https://img.kwcdn.com/product/open/d1123a3e12844c168fec94c2f4477278-goods.jpeg,https://www.temu.com/search_result.html?search_key=607107030056468&search_method=user,913.csv,False,,True,0
209,0.9313912852302269,601101199939699,定制胡须墙饰 - 绿点缀黑色姓名牌，防锈多用途装饰 - 可重复使用的节日展示品 - 收藏级艺术品,16.22,家居厨房用品,节日饰品,https://img.kwcdn.com/product/open/c1c96fd088d24e0e883397c62d23fc9f-goods.jpeg,https://www.temu.com/search_result.html?search_key=601101199939699&search_method=user,913.csv,False,,True,0
210,0.9308946785377489,607476262996376,2D平面单页插画“小世界”抱枕套 米色枕套 单面印花 不含枕芯 沙发床装饰 卧室客厅适用,3.36,家居厨房用品,沙发装饰,https://img.kwcdn.com/product/open/2caa79cf62fa48998c958f190b5ee363-goods.jpeg,https://www.temu.com/search_result.html?search_key=607476262996376&search_method=user,913.csv,False,,False,5
211,0.9299405563460871,607590482334435,经典横款三格熨烫洗衣篮，多功能衣物收纳筐，场景多用熨烫洗衣篮，衣物收纳筐，杂物收纳筐，适用于家庭、客厅、洗衣篮,6.14,家居厨房用品,衣橱收纳,https://img.kwcdn.com/product/fancy/da48a622-02fc-4558-bbae-88f6bd1b2704.jpg,https://www.temu.com/search_result.html?search_key=607590482334435&search_method=user,913.csv,False,,False,1
212,0.9284582655664788,607128236444144,1件 萨摩耶犬吊坠 - 可定制姓名/文字，适用于装饰，冬季主题陶瓷饰品，含萨摩耶雪橇与雪山松树设计，送给萨摩耶犬主人的节日纪念礼物，经典圆形装饰品,5.25,家居厨房用品,家居装饰,https://img.kwcdn.com/product/fancy/767bc097-4162-4363-beb8-f0fc6e43c890.jpg,https://www.temu.com/search_result.html?search_key=607128236444144&search_method=user,913.csv,False,,True,0
213,0.9267789508530193,607510220131549,"2pcs Set Bow Pillowcases, 30*50cm Chenille Textured Fabric Lumbar Pillow Covers with 3D Bow Design, Pillow Inserts Not Included, Suitable for Sofa, Bedroom, Bedside, Single Chair, and Home Decor",10.98,家居厨房用品,沙发装饰,https://img.kwcdn.com/product/fancy/b87c8b61-2c57-49e5-84fd-9272fce52f77.jpg,https://www.temu.com/search_result.html?search_key=607510220131549&search_method=user,913.csv,False,,False,0
214,0.9258592095295606,607108372210013,"2Dflat,2D平面，经典圣诞驭车桌面装饰品，波西米亚风格亚克力摆件带底座 – 完美的节日展示品，适用于家庭和办公室装饰，节日家居装饰品，装饰标牌和牌匾",2.4,家居厨房用品,家居装饰,https://img.kwcdn.com/product/open/f47e3e2827a947daae06b6c21dab63dd-goods.jpeg,https://www.temu.com/search_result.html?search_key=607108372210013&search_method=user,913.csv,False,,True,0
215,0.9240574607021148,607124209945577,"1pc 1pcs Santa Hat with Santa Heads & Snowflakes Design - Washable Christmas Cap Suitable for Men & Women, Hand Washable Festive Headwear for Xmas Parties, New Year' Eve, Weddings, Birthdays, Cosplay Costume Accessory, 2D Flat",3.78,家居厨房用品,节日聚会用品,https://img.kwcdn.com/product/open/045e2d5c95934300aadd6df51aaa4ca8-goods.jpeg,https://www.temu.com/search_result.html?search_key=607124209945577&search_method=user,913.csv,False,,True,0
216,0.9236712187824138,607122330863553,1pc复古葡萄酒装饰亚克力墙艺术-黑色酒瓶，玻璃和葡萄簇设计-优雅的厨房，酒吧，地窖装饰-完美的乔迁，周年纪念，给葡萄酒爱好者的圣诞礼物-耐用的结构,4.14,家居厨房用品,节日饰品,https://img.kwcdn.com/product/20150c20000/a0a093a9-263e-4888-be29-2d974c25a29d_800x800.jpeg,https://www.temu.com/search_result.html?search_key=607122330863553&search_method=user,913.csv,True,酒,True,0
217,0.9226095851679018,607127833786233,2D平面，新款万圣节装饰氛围场景布置主题节日木质南瓜幽灵桌面摆件木艺,2.76,家居厨房用品,节日饰品,https://img.kwcdn.com/product/open/4af2b72f57414f74b59638fb4cc738f0-goods.jpeg,https://www.temu.com/search_result.html?search_key=607127833786233&search_method=user,913.csv,False,,True,0
218,0.9224623588111392,606900334750377,VEELAR卫生间垃圾桶按压厕所家用2026新款极简风极窄缝带盖高颜值,34.67,家居厨房用品,浴室用品,https://img.kwcdn.com/product/fancy/5a67bdd9-5c76-465f-9e59-5fe1a2c6beac.jpg,https://www.temu.com/search_result.html?search_key=606900334750377&search_method=user,913.csv,True,家用,False,1
219,0.9223391767265935,606605525534377,2D平面，中性米色简约现代抽象排版海报三件套 - 中性米色适用于客厅、办公室装饰，尺寸适合家庭，墙壁艺术印刷品，无框画布适用于斯堪的纳维亚风、中式风格装饰，2D平面,14.67,家居厨房用品,墙面装饰,https://img.kwcdn.com/product/open/dbc1617163934afcbb37dc31c130f929-goods.jpeg,https://www.temu.com/search_result.html?search_key=606605525534377&search_method=user,913.csv,False,,False,25
220,0.9210396924801383,607128907572998,2D平面，1件装春节装饰横幅，适用于冬季节日、新年及春节派对——带四个孔眼和挂绳的烟花门帘，用于入口布艺、房间装饰，四季多用（无标题文字），2D平面,5.07,家居厨房用品,节日聚会用品,https://img.kwcdn.com/product/open/d80734de088142f0bbeb497146199ac7-goods.jpeg,https://www.temu.com/search_result.html?search_key=607128907572998&search_method=user,913.csv,True,烟,True,0
221,0.9209938372649076,606275903531471,2D平面单件装 足球比赛主题黑白单色抱枕套 时尚装饰枕套 单面印花 适用于客厅卧室沙发床装饰 不含枕芯，2D平面,3.45,家居厨房用品,沙发装饰,https://img.kwcdn.com/product/open/e14561b11f6e4b07b241b990df1eed6d-goods.jpeg,https://www.temu.com/search_result.html?search_key=606275903531471&search_method=user,913.csv,False,,False,6
222,0.9206091934049062,607696245858377,2pcs - 2D 平面定制情侣海边合照转换霓虹漫画风格帆布艺术画 - 海报印刷品 - 非常适合作为情侣纪念礼品 - 非常适合客厅、卧室墙壁装饰 - 情侣人像艺术装饰用品,6.13,家居厨房用品,墙面装饰,https://img.kwcdn.com/product/open/da26cbfc9f5c449195e7b2361bcf25e3-goods.jpeg,https://www.temu.com/search_result.html?search_key=607696245858377&search_method=user,913.csv,False,,False,0
223,0.9184411859945149,607111190830145,【2D FLAT】简约白色圣诞树图案地垫 doormat + 防滑耐用法兰绒垫 + 0.4inch 海绵厚度，可机洗，红底白纹简约图案，脚感舒适，不易移位，适配 Entran 入户室内场景，融入圣诞节日元素，趣味简约美式风格，烘托热闹的圣诞居家氛围 打造氛围感满满的节日家居。,5.23,家居厨房用品,地毯地垫,https://img.kwcdn.com/product/open/8ca3a6d7407749fb888073cb188a6aa1-goods.jpeg,https://www.temu.com/search_result.html?search_key=607111190830145&search_method=user,913.csv,False,,True,0
224,0.917967252560821,607118035926499,"2PCS 2D flat，小清新风格胡桃夹子印花百洁布/洗碗巾，现代吸水抹布，烹饪烘焙茶巾，洗碗巾百洁布、擦手巾，茶巾，超级柔软、高吸水性, 厨房装饰, 邻居礼物妈妈礼物, 生日礼物, 送给朋友的甜蜜乔迁礼物，厨房配件，日用品，生活必需品",6.46,家居厨房用品,餐厨布艺,https://img.kwcdn.com/product/fancy/0e34ca89-393e-4051-9f04-16e0bab74c6a.jpg,https://www.temu.com/search_result.html?search_key=607118035926499&search_method=user,913.csv,False,,True,0
225,0.9159217420136978,607581087086501,3pcs 全棉色织水洗棉床笠套装 单人宿舍床床垫保护套 家用个人床纯棉床笠三件套 四季可用床垫保护罩 1床笠+2枕套,21.94,家居厨房用品,床上用品,https://img.kwcdn.com/product/open/34c19e2c2216459ebe5a5ea1cbbbd2dd-goods.jpeg,https://www.temu.com/search_result.html?search_key=607581087086501&search_method=user,913.csv,True,家用,False,0
226,0.9155382864022785,607122599317290,7棵迷你仿真松树，随机尺寸圣诞树，桌面装饰绿色迷你圣诞树，圣诞装饰品，DIY桌面装饰与圣诞树装饰,8.46,家居厨房用品,节日饰品,https://img.kwcdn.com/product/open/645d7f4968574fd0834524798232f19e-goods.jpeg,https://www.temu.com/search_result.html?search_key=607122599317290&search_method=user,913.csv,False,,True,0
227,0.9151293799090511,605570539046857,8/12/16 件个性化可爱兔子耳朵脸部照片横幅，定制兔子一岁生日复活节生日照片彩旗，生日礼物，周年纪念派对礼品和庆祝活动，兔子主题节日花环，复活节派对装饰品,6.89,家居厨房用品,节日聚会用品,https://img.kwcdn.com/product/fancy/4b73c255-ce42-4576-9498-324864efcacf.jpg,https://www.temu.com/search_result.html?search_key=605570539046857&search_method=user,913.csv,False,,False,38
228,0.9145090160459597,607693293061624,4个装日落山海景观励志语录冰箱磁铁，西班牙基督教圣经经文木质冰箱磁铁，家居厨房冰箱装饰，宗教信仰礼物,5.19,家居厨房用品,厨房用品,https://img.kwcdn.com/product/open/d623efa3a2e341d8ab579ef099356d3b-goods.jpeg,https://www.temu.com/search_result.html?search_key=607693293061624&search_method=user,913.csv,False,,False,0
229,0.9142098229478252,606408443536412,【】1件，8*8英寸的圆形铝标牌，有关“一切都会好起来”的复古装饰牌匾，积极励志语录装饰牌，适合装饰客厅，卧室，书房，办公室，咖啡馆，酒吧，一切都会好起来.积极励志语录装饰牌，客厅，卧室，书房，办公室，咖啡馆，酒吧为装饰场景,3.06,家居厨房用品,节日饰品,https://img.kwcdn.com/product/2123a66998/907578e3-c8bf-4449-9cc8-4c30186cd1bb_800x800.jpeg,https://www.temu.com/search_result.html?search_key=606408443536412&search_method=user,913.csv,True,酒,False,0
230,0.9124012320488756,607211451445826,16个/6厘米 2026新款粉色银色亮面圣诞装饰套装 女孩心形粉色银色悬挂球，适用于圣诞树、门框、窗户、婚礼、新年氛围塑料挂饰，圣诞装饰品,4.19,家居厨房用品,家居装饰,https://img.kwcdn.com/product/open/e5d09a383309426bb2166b5521cf1e72-goods.jpeg,https://www.temu.com/search_result.html?search_key=607211451445826&search_method=user,913.csv,False,,False,1
231,0.9122057033458321,607317215050956,六面全包拉链床垫套，花卉图案柔软面料床垫包裹，耐用床垫套筒，适用于卧室、宿舍、公寓客房床,21.52,家居厨房用品,床上用品,https://img.kwcdn.com/product/open/a5dd9fb2549e4eb2899643664d01d893-goods.jpeg,https://www.temu.com/search_result.html?search_key=607317215050956&search_method=user,913.csv,False,,False,23
232,0.9112640116102585,601103792642968,2D平面装饰画，1幅带框抽象艺术墙饰，单色帆布油画，中性色调墙面装饰，大胆笔触艺术印刷品，现代艺术品，海报画作，家居装饰，房间美学，礼品，适用于客厅、卧室，含画框[2D平面]，2D平面,30.84,家居厨房用品,墙面装饰,https://img.kwcdn.com/product/open/6e3e955586fc4329b00e33b795fef5ee-goods.jpeg,https://www.temu.com/search_result.html?search_key=601103792642968&search_method=user,913.csv,False,,False,5
233,0.9101084494163676,606946908291221,2D平面单面印花漫画人物枕套 白色靠垫套 无内芯沙发床装饰 客厅卧室,4.32,家居厨房用品,沙发装饰,https://img.kwcdn.com/product/open/5d4c65de52e94be792cd09a650fa5b61-goods.jpeg,https://www.temu.com/search_result.html?search_key=606946908291221&search_method=user,913.csv,False,,False,3
234,0.9100341960550664,607125552102115,2D平面，2D平面 - 2D门旗 2D平面，2D平面 - 2D门旗 2D平面派个旗帜，1件，圣诞装饰旗帜，圣诞主题门旗，耶稣诞生场景家庭图案门旗，35.4英寸 X 70.8英寸，耐用涤纶材料,4.01,家居厨房用品,节日聚会用品,https://img.kwcdn.com/product/fancy/fc056bae-09d3-45b7-85a9-2cc6751e5731.jpg,https://www.temu.com/search_result.html?search_key=607125552102115&search_method=user,913.csv,False,,True,2
235,0.9094036478428206,607120451804921,1个心形披萨2D平面印花造型填充抱枕装饰靠垫，适合作为礼物，卧室沙发房间派个装饰,12.1,家居厨房用品,床上用品,https://img.kwcdn.com/product/open/46553560dbfa45afa261e5794f9a8abb-goods.jpeg,https://www.temu.com/search_result.html?search_key=607120451804921&search_method=user,913.csv,False,,True,0
236,0.9093281454721395,607006098328094,"4pcs Welcome Home Themed Non-Slip Bath Mats, Three Dogs Pattern, Super Absorbent Bath Mats, Non-Slip Bathroom Floor Mats, Ultra-Soft and Comfortable Premium Bath Rugs, for Bathtub, Shower, Bathroom Accessories, Bathroom Decor, Home Decor Floor Mats",20.01,家居厨房用品,浴室用品,https://img.kwcdn.com/product/fancy/e8ec1068-9721-451b-93ba-7996c8872c41.jpg,https://www.temu.com/search_result.html?search_key=607006098328094&search_method=user,913.csv,False,,False,0
237,0.907220900084135,606707061248340,4层X设计鞋架，稳定安全，门厅收纳鞋架，宿舍租房必备,5.08,家居厨房用品,衣橱收纳,https://img.kwcdn.com/product/fancy/9feba548-51d3-49a5-adf9-9e1b96cd0845.jpg,https://www.temu.com/search_result.html?search_key=606707061248340&search_method=user,913.csv,False,,False,0
238,0.9067611082992479,605873720110192,2D平面，三件套墙面装饰画，时尚海报，复古美食帆布画，意大利咖啡艺术印刷品，餐厅装饰，厨房美学设计，朋友礼物，乔迁礼物，无框画,6.8,家居厨房用品,墙面装饰,https://img.kwcdn.com/product/open/38017ab4a76d4cffa5177cb201e575ab-goods.jpeg,https://www.temu.com/search_result.html?search_key=605873720110192&search_method=user,913.csv,False,,False,1
239,0.905809274951878,606767459229372,真菌系列 3D 立体饼干模具 卡通蘑菇屋 蓝莓切片模具 自制烘焙饼干饼干糕点烘焙工具,3.21,家居厨房用品,烘焙用品,https://img.kwcdn.com/product/fancy/f7a6646c-4364-49d1-b5a4-3daa7c8574b6.jpg,https://www.temu.com/search_result.html?search_key=606767459229372&search_method=user,913.csv,False,,False,0
240,0.9050443354791202,607634103075036,2D平面卡通女士抱枕套 1个装 桃子枕套 单面印花 不含枕芯 沙发床装饰 卧室客厅适用,4.32,家居厨房用品,沙发装饰,https://img.kwcdn.com/product/open/b2ce586ebaa6430ebaf46cb0249adb24-goods.jpeg,https://www.temu.com/search_result.html?search_key=607634103075036&search_method=user,913.csv,False,,False,17
241,0.9041563834892807,607330502552268,经典芝士汉堡芝麻面包造型抱枕 逼真食物风格 适用于沙发厨房秋季家居装饰 2D平面印花造型填充抱枕，2D平面,26.24,家居厨房用品,床上用品,https://img.kwcdn.com/product/open/5be12f38dada4a98ac25f0ccab0a9aeb-goods.jpeg,https://www.temu.com/search_result.html?search_key=607330502552268&search_method=user,913.csv,False,,False,4
242,0.9040493843304768,607299095604442,1件励志PVC桌面标牌摆件，办公室家居装饰，鼓励话语摆饰，送给朋友家人，生日礼物，表达欣赏，你很棒，你很重要，你很重要。Decorative Signs & Plaques,2.17,家居厨房用品,节日饰品,https://img.kwcdn.com/product/open/603cdba50d864f169d28555280e662ed-goods.jpeg,https://www.temu.com/search_result.html?search_key=607299095604442&search_method=user,913.csv,False,,False,0
243,0.9031117054432825,601100031291341,2D平面画，2D平面画，帆布海报无框：1件/3件对称曼陀罗设计墙 आर्ट帆布印刷品，粉色和灰色，非常适合正念礼物、波西米亚风格、瑜伽房和家居装饰,3.22,家居厨房用品,墙面装饰,https://img.kwcdn.com/product/open/2b240a6a43a84d40abc99ed6e14964e8-goods.jpeg,https://www.temu.com/search_result.html?search_key=601100031291341&search_method=user,913.csv,False,,False,46
244,0.9028837208649665,606290331980885,1件装，Dokriy奶油色水彩万圣节桌旗，女巫帽、南瓜灯、乌鸦骷髅、水牛格纹、南瓜、蝙蝠、蜘蛛网满版印花，适用于农舍室内恐怖派对餐饮装饰,3.62,家居厨房用品,餐厅用品,https://img.kwcdn.com/product/fancy/5e8b2e1f-956a-481a-b59c-587a6370f8df.jpg,https://www.temu.com/search_result.html?search_key=606290331980885&search_method=user,913.csv,False,,False,0
245,0.9020810178176022,606928252036315,3pcs多层11孔省空间标准衣架，360旋转标准衣架，塑料阶梯式衣架适用于衬衫、外套、连衣裙， 宿舍、公寓多场景多功能衣架，带多钩设计 - 家庭和旅行节省空间的衣柜整理器，适合整洁的衣橱存储、衣服衣架,2.57,家居厨房用品,衣橱收纳,https://img.kwcdn.com/product/open/1fdba0910c6a4f3092513bf5d789011f-goods.jpeg,https://www.temu.com/search_result.html?search_key=606928252036315&search_method=user,913.csv,False,,False,5
246,0.902067405886421,606889597353182,室外晾晒 多彩防风扣 衣架防滑固定卡扣 阳台防吹跑防掉落神器 颜色随机,1.12,家居厨房用品,衣橱收纳,https://img.kwcdn.com/product/fancy/3d960170-048a-495d-aaf6-496dadcee55d.jpg,https://www.temu.com/search_result.html?search_key=606889597353182&search_method=user,913.csv,False,,False,0
247,0.900982970114899,606280483726917,3件套K-POP音乐心形手绘床笠套装（含1床笠+2枕套，无芯），音乐爱好者主题，多彩床品，柔软透气床垫保护罩,19.77,家居厨房用品,床上用品,https://img.kwcdn.com/product/open/253f05b1f82c4a6fad4752effab0c10d-goods.jpeg,https://www.temu.com/search_result.html?search_key=606280483726917&search_method=user,913.csv,False,,False,2
248,0.9009684814974439,607363788573535,2D平面，2D/平面3件套简约复古花卉墙 आर्ट，瓦比沙比风格抽象花卉帆布印花，现代波西米亚风客厅卧室玄关墙面装饰，暖色系植物艺术帆布画，无框,9.23,家居厨房用品,墙面装饰,https://img.kwcdn.com/product/open/893da61498214e7dac1c5d9255ba9027-goods.jpeg,https://www.temu.com/search_result.html?search_key=607363788573535&search_method=user,913.csv,False,,False,2
249,0.9005779609176122,607130048397136,"2D Flat, 1pc 1pcs 1pc Suitable for Kitchen, Cafe, Porch Vintage Wall Sign ""Life Begins the Day You Start Gardening"" Quote - Round Gardening Decor Plaque with English Phrase, Decoration for, Gift for Gardeners, No Frame, 2D Flat",4.97,家居厨房用品,节日饰品,https://img.kwcdn.com/product/2123a6789c/82d75fa3-3223-4d46-a88b-09f3e1d58e36_1000x1000.jpeg,https://www.temu.com/search_result.html?search_key=607130048397136&search_method=user,913.csv,False,,True,0
250,0.8999465775807031,607123874357868,1pc 8*8inch/20x20cm的2D平面圆形铝标牌，有关雷鬼音乐的复古铝牌匾，雷鬼音乐氛围装饰牌，适合酒吧装饰、音乐室装饰或礼物，适合咖啡馆装饰、音乐室装饰或礼物，适合游戏室装饰、音乐室装饰或礼物,5.03,家居厨房用品,节日饰品,https://img.kwcdn.com/product/2123a67b08/37dca480-d2b0-45bf-bf95-800f9f0a2248_1000x1000.jpeg,https://www.temu.com/search_result.html?search_key=607123874357868&search_method=user,913.csv,True,酒,True,8
251,0.8995463252559783,605797501248768,"2pcs Set, Polyester Linen Texture Premium Curtains, Light Permeable Privacy Sheers, Bag-In-Rod Hanging Style, Modern Farmhouse Style, Suitable for Bedroom, Living Room, Office, Kitchen And Other Decorative Occasions",12.3,家居厨房用品,窗饰及配件,https://img.kwcdn.com/product/open/db0187bb96f54dc0bdf96d8f7c551496-goods.jpeg,https://www.temu.com/search_result.html?search_key=605797501248768&search_method=user,913.csv,False,,False,0
252,0.8993254434502834,606621631622483,一款金属鞋柜 - 防尘矩形收纳盒，独立柜体，坚固组装，适用于入口、卧室、宿舍 - 多功能家居整理和空间节省，鞋柜收纳盒，宿舍整理盒，极简设计，防尘设计NB130,10.71,家居厨房用品,衣橱收纳,https://img.kwcdn.com/product/fancy/f0310f17-6d61-446f-8a33-43d93f2701e1.jpg,https://www.temu.com/search_result.html?search_key=606621631622483&search_method=user,913.csv,False,,False,0
253,0.8992638952248628,605815217959079,2D平面画作，3件套AZNM现代抽象墙壁艺术印刷品——马蒂斯与毕加索风格，适用于鼠尾草绿画廊套装，中世纪中性风无框海报，办公室极简装饰——标志性艺术家印刷品,19.03,家居厨房用品,墙面装饰,https://img.kwcdn.com/product/open/777246f0a87144c1b0c73fb243fa15d5-goods.jpeg,https://www.temu.com/search_result.html?search_key=605815217959079&search_method=user,913.csv,False,,False,5
254,0.8989198201689585,607201787797134,"1件2D平面图案,圣诞窗贴玻璃静电贴纸，窗贴，玻璃贴画，窗户贴花圣诞节日可爱萌宠小猫咪静电膜适用于卧室厨房浴室阳台窗户圣诞家居装饰，双面打印，可重复使用，可移除的PVC节日防水贴纸，完美的万圣，圣诞节派对装饰贴纸-玻璃贴膜",1.47,家居厨房用品,窗饰及配件,https://img.kwcdn.com/product/open/16e37c8b80554570a3dfaf1962970810-goods.jpeg,https://www.temu.com/search_result.html?search_key=607201787797134&search_method=user,913.csv,False,,False,5
255,0.8989089668654251,607130115497749,"2D Flat Storage Box 1pc, Moonlight Shows Romantic Scene, Storage Bin for Bedroom, Garage, and Home Use-ideal for Organizing Sundries, Snacks, and Tools; Stackable Design Featuring a Dust-proof, Dual-zipper Closure and Convenient Handles., 2D Flat",5.76,家居厨房用品,衣橱收纳,https://img.kwcdn.com/product/211523406cc/a230dd59-2ea0-4227-a5a9-ff34d780170c_1024x1024.jpeg,https://www.temu.com/search_result.html?search_key=607130115497749&search_method=user,913.csv,True,Led,True,0
256,0.8988315927953535,607109982831912,缅甸云朵计数小屋壁龛造型抱枕 温馨故事书装饰靠垫 适用于温馨房间 可爱宠物装饰 动物爱好者魅力 2D平面印花造型填充抱枕，2D平面,17.06,家居厨房用品,床上用品,https://img.kwcdn.com/product/open/d8639f1b06e54750962fe0dd578465b5-goods.jpeg,https://www.temu.com/search_result.html?search_key=607109982831912&search_method=user,913.csv,False,,False,0
257,0.8985547342429769,601104354066021,2D平面装饰画，1幅超大尺寸帆布墙画——现代抽象超现实主义风格，采用黄、红、黑、白四色调，带框装裱即挂即用，适用于客厅、卧室、办公室、餐厅等空间。现代家居装饰，帆布墙画即挂即用，办公室艺术品，几何图案，高清印刷，装饰艺术品，室内设计师推荐，2D平面设计,33.18,家居厨房用品,墙面装饰,https://img.kwcdn.com/product/fancy/d79b1f58-959e-44f5-95c8-4aae7f5b851e.jpg,https://www.temu.com/search_result.html?search_key=601104354066021&search_method=user,913.csv,False,,False,2
258,0.8983632541640866,607037975060918,2D平面 无框 3PCS 艺术印刷品，主题为鹿和玫瑰，粉色花卉帆布画，蝴蝶主题墙壁装饰，异想天开的浪漫风格，现代装饰品，复古海报，适合家居装饰和礼品,2.84,家居厨房用品,墙面装饰,https://img.kwcdn.com/product/open/4dca85ec6c3447ed82daa9f093cff906-goods.jpeg,https://www.temu.com/search_result.html?search_key=607037975060918&search_method=user,913.csv,False,,False,7
259,0.8983238155381214,606679815060582,2026年足球赛事 - 2D平面，1个装，美式足球圆形标志牌，爱国主义设计复古装饰牌，复古风格门廊装饰，墙面装饰，家居装饰，房间装饰，标志牌 20X20Cm,1.95,家居厨房用品,节日饰品,https://img.kwcdn.com/product/open/e44b122ddd6346fb958a6f9036ca738a-goods.jpeg,https://www.temu.com/search_result.html?search_key=606679815060582&search_method=user,913.csv,False,,False,0
260,0.8980528344840583,607010930145260,14件装黑色可调节家具增高垫 - 可堆叠，重型设计适用于床、书桌、椅子和沙发 - 耐用塑料材质，易于手洗，适合家庭和宿舍使用，时尚黑色支撑，床用家具增高垫,12.78,家居厨房用品,床上用品,https://img.kwcdn.com/product/fancy/05fea4bd-7500-4612-b37f-48d25b3d3ed9.jpg,https://www.temu.com/search_result.html?search_key=607010930145260&search_method=user,913.csv,False,,False,1
261,0.8965509998997837,607592092954451,7pcs 带手柄的波西米亚布料收纳篮，可折叠带个把手 - 重型面料抽屉式整理箱，节省空间的设计，多功能衣物收纳、衣柜、卧室收纳，适用于衣物、内衣、袜子 - 非常适合家庭、宿舍、衣柜整理、床下收纳,13.91,家居厨房用品,家庭收纳,https://img.kwcdn.com/product/open/6de6237686d34016ac70bf36b82aa3ce-goods.jpeg,https://www.temu.com/search_result.html?search_key=607592092954451&search_method=user,913.csv,False,,False,7
262,0.8965353284937669,606785578601332,4个装典雅高级黑色金色大理石纹抱枕套拉链封口适用于客厅卧室和沙发餐厅门廊办公室装饰（不含枕头）,6.68,家居厨房用品,沙发装饰,https://img.kwcdn.com/product/fancy/f8c362d9-b192-4f3b-a8e9-db3528a39d24.jpg,https://www.temu.com/search_result.html?search_key=606785578601332&search_method=user,913.csv,False,,False,2
263,0.8964833610365489,607250374607717,4个装新款个头驱蚊夹套装，带可弯曲多功能通用夹，适用于家庭室内香薰、户外驱蚊、露营、钓鱼、便携式线、檀香香薰盘夹,2.24,家居厨房用品,家居装饰,https://img.kwcdn.com/product/open/fd9b49b89e9c4a5dafff06a6fffa34fa-goods.jpeg,https://www.temu.com/search_result.html?search_key=607250374607717&search_method=user,913.csv,False,,False,1
264,0.8962056595581228,601102533457942,"5 Pairs of Bamboo Chopsticks with Colorful Handles - Ideal for Learning and Practice, Perfect for Thanksgiving, Thanksgiving Chopsticks|Decorative Chopsticks|Durable Bamboo",10.93,家居厨房用品,餐厅用品,https://img.kwcdn.com/product/fancy/dd8ea156-9eeb-4488-987a-8340df50c297.jpg,https://www.temu.com/search_result.html?search_key=601102533457942&search_method=user,913.csv,False,,False,5
265,0.8956433203458727,607659201795763,12个/20个折叠衣架，便携旅行衣架，多功能防滑塑料收纳衣架，颜色随机出货,4.66,家居厨房用品,衣橱收纳,https://img.kwcdn.com/product/fancy/2d42b92d-3853-44c3-af53-656be67572cb.jpg,https://www.temu.com/search_result.html?search_key=607659201795763&search_method=user,913.csv,False,,False,1
266,0.8916566516864336,607506730433144,HGKJNINA弹性提花餐椅套，波浪纹理，弹性闭合，可拆卸和机洗，适用于大多数椅子，四季可用可拉伸家具保护器，适用于家庭、餐厅、酒店、宴会、厨房、卧室,4.65,家居厨房用品,沙发装饰,https://img.kwcdn.com/product/fancy/f79bf435-ba02-4c3f-bcf3-39ade405b209.jpg,https://www.temu.com/search_result.html?search_key=607506730433144&search_method=user,913.csv,True,酒,False,8
267,0.8911599439645573,606864901264569,2pcs免打孔窗帘挂钩门帘绑带固定器 胡桃木/原木底座简易安装，卫生间发箍发饰发夹皮筋头绳挂钩 - 重型粘性面板和木材适用于窗帘、面板、纱帘 - 乡村与极简风格- 门/墙挂钩,3.31,家居厨房用品,窗饰及配件,https://img.kwcdn.com/product/fancy/e7714a12-edfd-4f77-94ca-9abc2260a9fd.jpg,https://www.temu.com/search_result.html?search_key=606864901264569&search_method=user,913.csv,False,,False,0
268,0.8903901911161686,607369828351093,2D平面，1个万圣节糖玉米亚克力圆形磁性冰箱磁铁，万圣节字母，骷髅灯标志，厨房装饰，圆形灯柱，非常适合家庭、橱柜、冰箱、洗碗机、黑板,1.36,家居厨房用品,厨房用品,https://img.kwcdn.com/product/2123a6789c/b75b08b0-b49e-437e-aa82-d713a2c72243_800x800.jpeg,https://www.temu.com/search_result.html?search_key=607369828351093&search_method=user,913.csv,False,,False,0
269,0.8900753642018912,607340501826707,3.8英寸木制马像摆件，动物造型，简约风格，适用于家居装饰、办公室装饰、桌面装饰，是送给老人的礼物、节日装饰、男士礼品,5.27,家居厨房用品,家居装饰,https://img.kwcdn.com/product/fancy/58b27653-3d99-4b8b-8e86-67bc9fafa760.jpg,https://www.temu.com/search_result.html?search_key=607340501826707&search_method=user,913.csv,False,,False,3
270,0.8900689346307681,601103147593768,4件装 万圣节与圣诞节 2D印花非真实刺绣 红黑抽象线条图案抱枕套 - 装饰性沙发靠垫套 - 家居装饰 - 万圣节派对婚礼礼物（不含枕芯）,14.11,家居厨房用品,沙发装饰,https://img.kwcdn.com/product/open/890998c72bb74fd3a80a5e22a75b2ad6-goods.jpeg,https://www.temu.com/search_result.html?search_key=601103147593768&search_method=user,913.csv,False,,False,3
271,0.8900506750557453,607248495553545,二维平面印刷，背景布二维平面 - 定制横幅，带有您的标志、文本和图像的定制印刷乙烯基横幅，用于商业广告、贸易展，个性化文本/照片，大型和超大型，耐用，色彩鲜艳,2.69,家居厨房用品,节日聚会用品,https://img.kwcdn.com/product/open/f6e51f5b6dc94479b4a6ef36df800005-goods.jpeg,https://www.temu.com/search_result.html?search_key=607248495553545&search_method=user,913.csv,False,,False,7
272,0.889686147950944,601101682133055,可定制金属墙艺术 - 个人化名称的波西米亚鹿，自粘和易于安装，适合家庭或小屋，独特的礼物，定制标志，装饰牌，鹿墙装饰,13.86,家居厨房用品,家居装饰,https://img.kwcdn.com/product/algo_check/auto/f53c13a90ac039fee667909ebf3cdbea_1749685002768.jpg,https://www.temu.com/search_result.html?search_key=601101682133055&search_method=user,913.csv,False,,True,0
273,0.8896382509917466,607089984408765,"2D平面 - 【2D平面】 2D平面 - [2D平面] 1个 2D平面印刷 20X20Cm 金属铝牌 万圣节女巫锅圆形墙壁艺术 - 8""X8"" | 复古欧美风格 | 非常适合家庭、咖啡馆、酒吧",3.62,家居厨房用品,家居装饰,https://img.kwcdn.com/product/fancy/83f7f49c-1217-401b-9f14-cd50d17cc5d2.jpg,https://www.temu.com/search_result.html?search_key=607089984408765&search_method=user,913.csv,True,酒,True,0
274,0.8895367472538687,607502838152285,2D平面，1件装，危险小型哈士奇标志 - 20.32X20.32厘米，幽默警告金属墙面装饰，宠物狗主人礼物装饰标牌，适用于车库、咖啡馆装饰或万圣节/感恩节/圣诞节礼物,1.95,家居厨房用品,节日饰品,https://img.kwcdn.com/product/open/b1355635a4b94f7eb97149f8ca8169ec-goods.jpeg,https://www.temu.com/search_result.html?search_key=607502838152285&search_method=user,913.csv,False,,False,0
275,0.8894959365438849,606866511902801,【2D平面】装饰木制标牌，“禁止推销”和“=谢谢=”复古做旧标牌，适用于家庭户外门廊门墙装饰,1.55,家居厨房用品,家居装饰,https://img.kwcdn.com/product/open/979faf62592a40af9e0d2fb529335890-goods.jpeg,https://www.temu.com/search_result.html?search_key=606866511902801&search_method=user,913.csv,False,,False,0
276,0.8885486976424637,607120451825601,"【】 红色底纹,圣诞树,圣诞帽,雪花,圣诞老人,圣诞节擦手巾,洗碗巾,抹布,毛巾,清洁布,适用于厨房,浴室,汽车,窗户,清洁用品,清洁工具,圣诞节礼物,圣诞节装饰,新年礼物",5.14,家居厨房用品,餐厨布艺,https://img.kwcdn.com/product/fancy/3c43e58f-8566-4ab0-9102-7445b4c40216.jpg,https://www.temu.com/search_result.html?search_key=607120451825601&search_method=user,913.csv,False,,True,0
277,0.8877628015773411,606690351103789,一款金属鞋柜 - 防尘矩形收纳盒，独立柜体，坚固组装，适用于入口、卧室、宿舍 - 多功能家居整理和空间节省，鞋柜收纳盒，宿舍整理盒，极简设计，防尘设计NB120,10.71,家居厨房用品,衣橱收纳,https://img.kwcdn.com/product/fancy/f0310f17-6d61-446f-8a33-43d93f2701e1.jpg,https://www.temu.com/search_result.html?search_key=606690351103789&search_method=user,913.csv,False,,False,1
278,0.887731078776312,607106962953177,2D平面印刷【1件】万圣节门装饰骷髅门标志，哥特式万圣节前门装饰，骷髅头骨万圣节门吊架，乌鸦，蝙蝠，女巫门廊，窗户，墙壁，农舍，室内，室外，,1.72,家居厨房用品,节日饰品,https://img.kwcdn.com/product/fancy/6b2fae83-933e-4b71-950c-78b1ac6a841d.jpg,https://www.temu.com/search_result.html?search_key=607106962953177&search_method=user,913.csv,False,,True,0
279,0.8877199436972839,607126491643002,二维平面，3件套二维平面印刷浪漫木质装饰套装，适用于DIY绘画设计。内含精美空白模板可自由绘制，是节日手工艺项目的理想选择。亦可作为家居装饰或甜蜜礼物，二维平面,4.81,家居厨房用品,家居装饰,https://img.kwcdn.com/product/open/cd0f87e4586b4001b9c37d98908bf2b5-goods.jpeg,https://www.temu.com/search_result.html?search_key=607126491643002&search_method=user,913.csv,False,,True,0
280,0.8870583774368613,607122465125666,1件新品沙发套，高品质人字纹宠物防抓耐磨沙发笠，高弹力通用沙发罩，可机洗四季通用客厅沙发保护套,5.65,家居厨房用品,沙发装饰,https://img.kwcdn.com/product/fancy/ccea0a20-afaa-4713-b353-c52abfbf57f5.jpg,https://www.temu.com/search_result.html?search_key=607122465125666&search_method=user,913.csv,False,,True,11
281,0.8865163406153347,607130920820239,2D 6件薄木挂饰，顶部圣诞主题标题，下方依次搭配马桶、洗手液、卷纸、化妆镜、圣诞袜卡通图案，个应冲厕、洗手、擦干、整理笑容、保持欢乐趣味标语，红绿经典圣诞配色，雪花冬青点缀氛围感拉满。整套由麻绳串联一体悬挂，适合卫卫生间、洗手间门墙装饰,6.56,家居厨房用品,家居装饰,https://img.kwcdn.com/product/open/e07308790ef94c63ba942693e0254a94-goods.jpeg,https://www.temu.com/search_result.html?search_key=607130920820239&search_method=user,913.csv,False,,True,0
282,0.8853654395732512,601104690646380,2D平面画，2D平面画，2件套中性墙壁艺术印刷品，包含野花、米色花卉设计、波西米亚风花卉艺术品、抽象极简印刷品和可打印家居装饰品,6.41,家居厨房用品,墙面装饰,https://img.kwcdn.com/product/open/04cf44ca2fc348fe969fe33684cf21b5-goods.jpeg,https://www.temu.com/search_result.html?search_key=601104690646380&search_method=user,913.csv,False,,False,31
283,0.885308950016344,607526057805119,1卷格子隐私窗膜，窗膜，静电吸附玻璃膜，静电喷砂玻璃窗膜，免胶窗贴，44.45 X 199.9 cm，适用于浴室,3.3,家居厨房用品,窗饰及配件,https://img.kwcdn.com/product/open/4768c222fc3442449cec13c0dee7e73f-goods.jpeg,https://www.temu.com/search_result.html?search_key=607526057805119&search_method=user,913.csv,False,,False,32
284,0.8852561521463225,607016298859148,2D平面，2D平面，2D平面 1件部落现代非洲部落艺术装饰画，抽象人像与几何图案，土色调墙面海报，现代波西米亚风格客厅卧室家居画布，40X60厘米（15.75X23.62英寸）无框,3.17,家居厨房用品,墙面装饰,https://img.kwcdn.com/product/fancy/c8e20d65-b5d9-4516-bb19-393e6379ff12.jpg,https://www.temu.com/search_result.html?search_key=607016298859148&search_method=user,913.csv,False,,False,0
285,0.8850779584737809,606493420183584,2D平面画，2D平面画，[2D平面画] 3件套装 装饰艺术品 无框2D帆布画作，描绘了黄叶桦树的桦树林，水彩风格,51.32,家居厨房用品,墙面装饰,https://img.kwcdn.com/product/open/ee41ab1a6c1d4f7bb97e24284d875f15-goods.jpeg,https://www.temu.com/search_result.html?search_key=606493420183584&search_method=user,913.csv,False,,False,0
286,0.8850361406510077,607123941495235,1pc，2D平面印刷黑白斑马纹图案风扇罩，全包电风扇通用型防灰尘罩子，可水洗防护套，用于落地立式风扇 收纳保护套 ，适用于现代简约家居、办公室清凉场景，送长辈和中秋节理想礼物,7.36,家居厨房用品,电暖器和冷气,https://img.kwcdn.com/product/fancy/c2060b36-9320-41ec-83d6-bf14867a84ed.jpg,https://www.temu.com/search_result.html?search_key=607123941495235&search_method=user,913.csv,False,,True,0
287,0.8842247928773905,607007910235663,主题海报，现代帆布印刷品，复古风格墙饰，非常适合用作礼物或家居、宿舍的装饰品。适用于卧室、客厅等场所。为无框设计，为 2D 平面图案，非常适合用来装饰房间。,5.16,家居厨房用品,墙面装饰,https://img.kwcdn.com/product/open/116818caa0314a2491d585ff8450196c-goods.jpeg,https://www.temu.com/search_result.html?search_key=607007910235663&search_method=user,913.csv,False,,False,0
288,0.8842121124964207,606995629347965,"4pcs Set of Multi-functional Baking Tools, Dough Cutter, Soft Handle, Suitable for Pastry and Bread Making, Random Color",3.76,家居厨房用品,厨房用品,https://img.kwcdn.com/product/open/c84d35e533984640af3f70e8d68a11f4-goods.jpeg,https://www.temu.com/search_result.html?search_key=606995629347965&search_method=user,913.csv,False,,False,0
289,0.883026693799642,607483376586776,2/3件活性印花紫色主题床笠四季可用动物印花卡通图案尺码多选（随机枕套图案）,9.24,家居厨房用品,床上用品,https://img.kwcdn.com/product/fancy/97dd52ff-f607-40ae-b4a5-3760f4272d54.jpg,https://www.temu.com/search_result.html?search_key=607483376586776&search_method=user,913.csv,False,,False,0
290,0.882937502774059,606836178663654,网红不规则艺术镜，无框自粘轻装上墙，浴室门厅梳妆台多功能穿衣镜，颜值实用两不误,22.0,家居厨房用品,家居装饰,https://img.kwcdn.com/product/open/a98efa46e17d4122a4ba33e57b7d761f-goods.jpeg,https://www.temu.com/search_result.html?search_key=606836178663654&search_method=user,913.csv,False,,False,29
291,0.882866940264623,607435863483510,"100% Cotton Olive Green Tablecloth, Rectangular Table Cover, Farmhouse Dining Tablecloth, Natural Rustic Table Decoration",11.03,家居厨房用品,餐厅用品,https://img.kwcdn.com/product/fancy/f435b7b6-49a6-4a19-a752-b3fea5a03c84.jpg,https://www.temu.com/search_result.html?search_key=607435863483510&search_method=user,913.csv,True,Led,False,3
292,0.8825361538417879,607618399568698,1个 摩托车汽车爱好者 黑色摩托车 2D平面印刷 形状填充靠垫 装饰靠垫 枕头 礼物 卧室 沙发 房间 派个 装饰,10.29,家居厨房用品,床上用品,https://img.kwcdn.com/product/open/114d920ba1ac4011983c29c158de4beb-goods.jpeg,https://www.temu.com/search_result.html?search_key=607618399568698&search_method=user,913.csv,False,,False,0
293,0.8824926603571329,601102040689717,2D平面现代复古设计，特色是穿着粉色芭蕾舞裙的2D平面芭蕾舞者。这款一体式帆布墙 आर्ट是木制框架中的高品质印刷海报，非常适合优雅的家居或办公室装饰,24.53,家居厨房用品,墙面装饰,https://img.kwcdn.com/product/open/2f3a07dcb76f45ea91df5985e19e34db-goods.jpeg,https://www.temu.com/search_result.html?search_key=601102040689717&search_method=user,913.csv,False,,False,1
294,0.8820126964808209,607112331632473,2D平面，1件装，彩色花卉装饰标牌，蜻蜓图案挂牌，励志名言，适用于家居、门廊、花园、咖啡馆等户外标识 | 金属墙饰、万圣节与圣诞礼物的绝佳选择，2D平面,1.95,家居厨房用品,节日饰品,https://img.kwcdn.com/product/open/47f87b043fca4fc78cf84212d7886bd4-goods.jpeg,https://www.temu.com/search_result.html?search_key=607112331632473&search_method=user,913.csv,False,,True,0
295,0.8819862753953649,601104977479238,"12件2D格栅仿木纹感亮面墙贴,客厅电视背景墙-走廊及衣帽间-房间卧室均可使用-自带高粘背胶一粘贴墙贴、壁纸、壁画",12.32,家居厨房用品,家居装饰,https://img.kwcdn.com/product/fancy/a8d430ce-e047-40f2-bac4-4158db884396.jpg,https://www.temu.com/search_result.html?search_key=601104977479238&search_method=user,913.csv,True,APP,False,0
296,0.8818149314605369,606452953537954,1件创意手绘美甲美学设计定制企业名称与社交软件ID墙贴壁画 - 适用于美甲工作室门窗墙面装饰 | 美甲爱好者礼品,11.55,家居厨房用品,窗饰及配件,https://img.kwcdn.com/product/open/dedb1ddcc358448dbe91e3b9ac24a6f2-goods.jpeg,https://www.temu.com/search_result.html?search_key=606452953537954&search_method=user,913.csv,False,,False,5
297,0.8812034191485488,606671627777418,二维平面复古植物花卉法式乡村维多利亚风田园农舍风格，适用于秋季感恩节装饰的复古花卉印花——中性暖色调温馨竖版墙壁艺术，适用于客厅卧室，无框帆布装饰,1.41,家居厨房用品,墙面装饰,https://img.kwcdn.com/product/open/161811520bdc49f5875d987e8c76f009-goods.jpeg,https://www.temu.com/search_result.html?search_key=606671627777418&search_method=user,913.csv,False,,False,0
298,0.8811701506615779,607107030046267,万圣节3D木质圣诞屋钻石艺术套件，适合成人，珍珠装饰，钻石画，节日装饰，3D设计，成人手工艺套件,5.56,家居厨房用品,节日饰品,https://img.kwcdn.com/product/open/337817accabb4564953292d4256dc6c6-goods.jpeg,https://www.temu.com/search_result.html?search_key=607107030046267&search_method=user,913.csv,False,,True,7
299,0.8807918489395737,606988784211799,2D平面单件乡村母鸡圆形金属标牌墙 आर्ट，两只骄傲的母鸡，乡村农场场景，金棕色羽毛，红色鸡冠和颏，家居装饰，非常适合工作室办公室，室内外装饰防风雨，耐用,3.26,家居厨房用品,节日饰品,https://img.kwcdn.com/product/21f0664ba0/ab35ba57-f321-4fdc-ba2a-fc1c3dfd1010_800x800.jpeg,https://www.temu.com/search_result.html?search_key=606988784211799&search_method=user,913.csv,False,,False,1
300,0.8804792270609743,606728536095015,2D平面，2D平面 - 2D平面，2D平面 - 美人鱼海洋贝壳生日快乐花环横幅，2D毛毡三角旗，带海螺海星装饰，渐变色悬挂标志，适用于生日派对庆祝装饰需求,5.17,家居厨房用品,节日聚会用品,https://img.kwcdn.com/product/fancy/df8a69cc-0750-4fb2-b009-61dc4c367785.jpg,https://www.temu.com/search_result.html?search_key=606728536095015&search_method=user,913.csv,False,,False,0
301,0.8804052780398247,606887315630254,"European Light Brown Waterfall Valance Curtain for Living Room, Vintage Swag Valance Window for Bedroom, Rod Pocket Top 1 Panel 149.86 cm Wide",55.85,家居厨房用品,窗饰及配件,https://img.kwcdn.com/product/fancy/bcc25eaa-5002-42a0-8958-d4c09257171e.jpg,https://www.temu.com/search_result.html?search_key=606887315630254&search_method=user,913.csv,True,LV,False,1
302,0.87778946320932,607358419828839,2D平面现代秋叶图案长方形桌旗，桌布，房间装饰，适合母亲节野餐，家居装饰，1件装,2.6,家居厨房用品,餐厨布艺,https://img.kwcdn.com/product/21f06627b0/59ca56a7-f3d6-4ca3-bea9-52ec03880a0e_1000x1000.jpeg,https://www.temu.com/search_result.html?search_key=607358419828839&search_method=user,913.csv,False,,False,5
303,0.8766294844724234,606751353087844,"Two-Tone Rubber Bouncy Balls, 60Mm Hollow Rubber Balls, Party Bag Fillers, Stress Relief Desktop Game Supplies for Gathering & Event Decor, Random Color",5.71,家居厨房用品,节日聚会用品,https://img.kwcdn.com/product/fancy/c146e2d7-48cd-47ae-8483-6174a246f650.jpg,https://www.temu.com/search_result.html?search_key=606751353087844&search_method=user,913.csv,False,,False,1
304,0.8762290083720268,607163669957523,3件套（1个洗衣袋和2个挂钩）硅胶洗衣袋，防变形洗衣袋，文胸护理袋，家用内衣护理袋，文胸洗衣袋，洗衣机专用文胸洗衣袋,4.23,家居厨房用品,衣橱收纳,https://img.kwcdn.com/product/fancy/e9139987-6e50-4185-9b09-c5ef70b62c4d.jpg,https://www.temu.com/search_result.html?search_key=607163669957523&search_method=user,913.csv,True,家用,False,4
305,0.8761174779246936,606010102149591,3pcs K-pop Underwater Mermaid Trio 印花床笠 床笠和枕头三件套 2 个枕头套/1 个床单，个人床/全尺寸床/特大号床/大床，柔软亲肤-24H不移位，易于护理 ，紧密贴合使用简单，主卧/客房等适配，四季通用,17.46,家居厨房用品,床上用品,https://img.kwcdn.com/product/211a2a42ec2/d10f17c7-2f86-4e05-8573-b131a2dd4978_800x800.jpeg,https://www.temu.com/search_result.html?search_key=606010102149591&search_method=user,913.csv,False,,False,2
306,0.8754645946797038,601100135291537,2D平面画，2D平面画，带笔触的单框油画，蓝色花朵帆布画，现代海报艺术，立体艺术品，鲜艳的画作，装饰品，艺术印刷品，家居装饰，海报，完美礼物，含画框,32.71,家居厨房用品,墙面装饰,https://img.kwcdn.com/product/open/d6f4289658a84c99b1963d113547cc14-goods.jpeg,https://www.temu.com/search_result.html?search_key=601100135291537&search_method=user,913.csv,False,,False,7
307,0.8752261598969407,606261340899002,1个装，8*8英寸圆形标牌，复古装饰牌，主题为“德国短腿犬弹钢琴”，趣味音乐宠物装饰标牌，适用于装饰酒吧、咖啡馆、办公室、卧室、客厅，德国短腿犬弹钢琴，酒吧,3.82,家居厨房用品,家居装饰,https://img.kwcdn.com/product/21137b26a14/dc1c9b16-61d4-4ef3-a681-7a14e9a8edf9_800x800.jpeg,https://www.temu.com/search_result.html?search_key=606261340899002&search_method=user,913.csv,True,酒,False,0
308,0.8749017100539213,606770680454526,定制个性化独一无二的木质披萨板，大圆形派对披萨盛盘，多用途托盘，包括悬挂孔，高品质的厨房装饰，烘焙用品厨房用具，非常适合披萨之夜、乔迁礼物和节日庆祝活动，送给披萨爱好者的理想礼物，高品质独特的纪念礼物，,8.85,家居厨房用品,餐厅用品,https://img.kwcdn.com/product/open/8220a2820c494deda983a5be885e4d1e-goods.jpeg,https://www.temu.com/search_result.html?search_key=606770680454526&search_method=user,913.csv,False,,False,5
309,0.8744723075439215,601100721530820,1件/4件无框帆布海报，伊斯兰卡通阿拉伯语万能蓝月星云帆布画墙艺术海报印刷图片房间家居装饰,4.34,家居厨房用品,墙面装饰,https://img.kwcdn.com/product/open/1bf59ae7709c46fdaac837f1280bb0e8-goods.jpeg,https://www.temu.com/search_result.html?search_key=601100721530820&search_method=user,913.csv,False,,False,22
310,0.8737176791745913,607108036678029,2D平面，1件装，优雅艺妓装饰牌子 红色伞牌 日式风格，非常适合家庭、门廊、花园、咖啡馆等，户外标牌 | 金属墙面装饰的绝佳选择，万圣节和圣诞节礼物,2.94,家居厨房用品,节日饰品,https://img.kwcdn.com/product/open/56754e45bd204d16b895a617d15a7c26-goods.jpeg,https://www.temu.com/search_result.html?search_key=607108036678029&search_method=user,913.csv,False,,True,0
311,0.8728454067180409,606935097168457,2D平面，2D平面，2D/平面 3件套 Wabi-Sabi风格几何植物墙 आर्ट，抽象极简主义帆布印刷品，现代波西米亚风装饰，适用于客厅卧室玄关，中性色调美学墙 आर्ट 木框帆布画,34.02,家居厨房用品,墙面装饰,https://img.kwcdn.com/product/open/7d20c5049fa14d1499938e41225bad68-goods.jpeg,https://www.temu.com/search_result.html?search_key=606935097168457&search_method=user,913.csv,False,,False,0
312,0.8728409370920356,607632895125516,1个个性烟灰缸，独特齿轮造型设计，优质塑料材质，家居客厅摆放、茶几使用、酒吧吧台装饰，烟民、礼品采购者，新年、父亲节、朋友聚会送礼，时尚实用,5.25,家居厨房用品,家居装饰,https://img.kwcdn.com/product/fancy/9f1db34d-059b-49b5-b2bb-6c72dd78ff23.jpg,https://www.temu.com/search_result.html?search_key=607632895125516&search_method=user,913.csv,True,烟|酒,False,0
313,0.8725862385988626,606875638704091,2D平面老照片专业修复、高清上色照片修复翻新旧照片模糊变清晰相片破损划痕修补黑白老照变高清,1.23,家居厨房用品,墙面装饰,https://img.kwcdn.com/product/fancy/a565b9c9-bf6f-48ea-a806-7e39ded30e60.jpg,https://www.temu.com/search_result.html?search_key=606875638704091&search_method=user,913.csv,False,,False,0
314,0.872397013566332,606655790067738,"1pc Tablecloth, 1pc Summer Vintage Simple Green Plaid Pattern Rectangular Tablecloth, Fresh Checkered Pattern Rectangular Tablecloth, Party Gathering Tablecloth, Home Dining Table Decoration Tablecloth, Courtyard Dining Table Decoration Tablecloth",2.69,家居厨房用品,餐厨布艺,https://img.kwcdn.com/product/open/b5febe1a6d0f461c930d36e12d33ce13-goods.jpeg,https://www.temu.com/search_result.html?search_key=606655790067738&search_method=user,913.csv,True,Led,False,0
315,0.8719661679400504,606872149016904,2D平面6片圆形餐垫 - 仿藤编织押韵圆形图案设计，平面印花涤纶纤维，15X15英寸，防滑耐热，易于清洁可重复使用餐桌装饰，适用于晚餐和节日餐桌,12.11,家居厨房用品,餐厅用品,https://img.kwcdn.com/product/open/6dbec9efeffe4162a3751778ab61d3c8-goods.jpeg,https://www.temu.com/search_result.html?search_key=606872149016904&search_method=user,913.csv,False,,False,0
316,0.8717243506554664,606692297251069,6pcs 可折叠透明织物储物箱，用于组织卧室，壁橱，衣服，宿舍和衣柜的存储容器,12.74,家居厨房用品,衣橱收纳,https://img.kwcdn.com/product/fancy/9dbdfbb9-0bde-4d31-8cb7-889981a3a4a3.jpg,https://www.temu.com/search_result.html?search_key=606692297251069&search_method=user,913.csv,False,,False,6
317,0.8710357661593108,606245973030728,1个 4.9-6.1厘米/1.93-2.4英寸 紫色爱心，具有美丽的自然紫色和薰衣草色调，柔和的紫色调，能为任何空间带来宁静和优雅的氛围，适合卧室和办公室装饰，是送给家人和朋友的有意义礼物,9.8,家居厨房用品,家居装饰,https://img.kwcdn.com/product/fancy/dcd65b4d-8d42-4ccf-9202-3b3dccf311ae.jpg,https://www.temu.com/search_result.html?search_key=606245973030728&search_method=user,913.csv,False,,False,2
318,0.870205361398035,607313054284555,2D平面 单面印花恐怖面具抱枕套 红色靠枕套 1件装 不含枕芯 适用于客厅卧室沙发床装饰,2.07,家居厨房用品,沙发装饰,https://img.kwcdn.com/product/open/6d9b5ba7718e43acbcdf9cc5213532bd-goods.jpeg,https://www.temu.com/search_result.html?search_key=607313054284555&search_method=user,913.csv,False,,False,1
319,0.870052250739503,606350461526998,2D平面，2D平面，2D平面 1件 无框复古海报帆布墙 आर्ट，秋千上的幽灵海报印刷，极简主义恐怖装饰，可爱万圣节墙 आर्ट，非常适合简易恐怖印刷品，万圣节礼物，非常适合走廊、卧室、舒适家居装饰,1.94,家居厨房用品,墙面装饰,https://img.kwcdn.com/product/open/3fee9a6769df46099498da0b686de68f-goods.jpeg,https://www.temu.com/search_result.html?search_key=606350461526998&search_method=user,913.csv,False,,False,0
320,0.8693889956391527,607083944621910,52pcs白色透气网眼欧根纱袋，透明抽绳袋，适用于婚礼礼品、珠宝包装、节日礼品、化妆品、- 带丝带的多功能礼品袋,2.39,家居厨房用品,节日聚会用品,https://img.kwcdn.com/product/open/20781bec0f61424c9c23e9ddfcef2a55-goods.jpeg,https://www.temu.com/search_result.html?search_key=607083944621910&search_method=user,913.csv,False,,False,0
321,0.8686867442432471,607033948535052,一款金属鞋柜 - 防尘矩形收纳盒，独立柜体，坚固组装，适用于入口、卧室、宿舍 - 多功能家居整理和空间节省，鞋柜收纳盒，宿舍整理盒，极简设计，防尘设计NB118,10.71,家居厨房用品,衣橱收纳,https://img.kwcdn.com/product/fancy/f0310f17-6d61-446f-8a33-43d93f2701e1.jpg,https://www.temu.com/search_result.html?search_key=607033948535052&search_method=user,913.csv,False,,False,0
322,0.8681476862443662,607493308692963,2件装多项颜色可选大型洗衣篮，带可折叠洗衣袋，独立高架，折叠式洗衣箱，高品质适用于卧室、浴室、大学宿舍储物、衣柜整理与洗衣（节省空间设计）,12.13,家居厨房用品,衣橱收纳,https://img.kwcdn.com/product/fancy/5ca7c7ba-c52e-486f-a53c-1a20e20fda89.jpg,https://www.temu.com/search_result.html?search_key=607493308692963&search_method=user,913.csv,False,,False,0
323,0.8667705526746733,607082065554119,61PCS，打造轻奢节日餐桌的高档黑色长柄勺，满满高级感，可重复使用，品质稳定适合反复使用，覆盖感恩节、圣诞节、万圣节、新年四大经典节庆场景,4.29,家居厨房用品,餐厅用品,https://img.kwcdn.com/product/open/1d19b46d54c94edf9a7dfb6d04903e7b-goods.jpeg,https://www.temu.com/search_result.html?search_key=607082065554119&search_method=user,913.csv,False,,False,0
324,0.8666718909500067,607000595425271,3pcs 时光空间 春夏新款 舒适柔软透气 床笠套装 一件床笠和两个枕套- 柔软舒适轻薄透气隔热，含床包套和枕套（2个），无填充物，全季适用，家居、酒店、民宿通用，单人/个人尺寸 易洗柔软,13.6,家居厨房用品,床上用品,https://img.kwcdn.com/product/open/9cb91d668db54fd99b34de9ea3aed49b-goods.jpeg,https://www.temu.com/search_result.html?search_key=607000595425271&search_method=user,913.csv,True,酒,False,1
325,0.8661487392780572,606851613717216,1pc 8*8in/20x20cm的2D平面圆形铝标牌，有关1974年限量版复古装饰牌匾，1974年限定版装饰牌，适合酒吧装饰、俱乐部装饰、仓库装饰或礼物。English,3.86,家居厨房用品,家居装饰,https://img.kwcdn.com/product/21140d63d08/8a79fac4-ae8a-4a67-8797-cd2e6fa0d718_800x800.jpeg,https://www.temu.com/search_result.html?search_key=606851613717216&search_method=user,913.csv,True,酒,False,0
326,0.8652128805870356,605589732164670,床上用品全棉单被套，四季通用，1*被套，可水洗可机洗，透气柔软，加厚保暖，适用主卧室、客房，出租房，酒店，房车，大学生宿舍,40.37,家居厨房用品,床上用品,https://img.kwcdn.com/product/open/e71086b775ff415192d664ed3de361ae-goods.jpeg,https://www.temu.com/search_result.html?search_key=605589732164670&search_method=user,913.csv,True,酒,False,6
327,0.8638942673223992,606296505958879,"1件抱枕套，卡通简笔画风格红色狗狗图案抱枕套，单面印花，拉链闭合，可机洗，装饰抱枕套，适用客厅沙发，卧室，办公室、庭院及户外座椅装饰,家居点缀装饰靠垫套（不含枕芯）",5.91,家居厨房用品,沙发装饰,https://img.kwcdn.com/product/fancy/2da979d1-5c74-4895-bc69-5cea0a0dbb1b.jpg,https://www.temu.com/search_result.html?search_key=606296505958879&search_method=user,913.csv,False,,False,1
328,0.8631904236407886,601100825976017,2D平面，2D平面，1件带框大型墙壁艺术品，主题为泳池，包括石头画布印刷品、绿色植物海报、透明艺术印刷品、瀑布装饰,28.67,家居厨房用品,墙面装饰,https://img.kwcdn.com/product/open/ef5a6ac0462f4d69bda4158ae89be2d8-goods.jpeg,https://www.temu.com/search_result.html?search_key=601100825976017&search_method=user,913.csv,False,,False,1
329,0.8620045348387505,606522998393996,2D平面，2D平面，极简主义墙 आर्ट 爱尔兰啤酒海报，黑啤酒和琴棋画帆布画，爱尔兰主题墙面装饰帆布艺术画，适用于厨房客厅酒吧礼物，无框,4.53,家居厨房用品,墙面装饰,https://img.kwcdn.com/product/open/53c84091133f46ff88c3eb267acb93e6-goods.jpeg,https://www.temu.com/search_result.html?search_key=606522998393996&search_method=user,913.csv,True,酒,False,37
330,0.8612117614526573,605770171144532,2D平面三联画棕榈树墙壁艺术挂画（3件套）- 绿松石与薄荷绿加勒比海岸风情画作，无框帆布印刷品，适用于海滨别墅装饰，大尺寸多联画棕榈树壁画（标准画框尺寸，易于组装）- 微风岛屿棕榈系列,18.5,家居厨房用品,墙面装饰,https://img.kwcdn.com/product/open/69f7d3c5c70144c883aa967e78f34ddb-goods.jpeg,https://www.temu.com/search_result.html?search_key=605770171144532&search_method=user,913.csv,False,,False,0
331,0.8608082201730547,607115083088360,衣物文件杂物收纳神器 三件装可叠放抽屉式 垂直收纳省空间 家居办公通用好整理,18.33,家居厨房用品,衣橱收纳,https://img.kwcdn.com/product/open/3ba423a1cf2149e4b470d4484ac6bef7-goods.jpeg,https://www.temu.com/search_result.html?search_key=607115083088360&search_method=user,913.csv,False,,False,2
332,0.8596045745017408,607279566960567,2D平面画，2D平面画，1件装，12X18英寸，无框帆布艺术画，星空字母高亮印花，漩涡环形多色图案，几何星星和圆点，现代抽象艺术海报，Ins风家居装饰，适用于客厅、卧室,2.76,家居厨房用品,墙面装饰,https://img.kwcdn.com/product/fancy/90e7b54c-43b0-4050-a489-7cbbf9f361fd.jpg,https://www.temu.com/search_result.html?search_key=607279566960567&search_method=user,913.csv,False,,False,0
333,0.8592259572046304,606825441270504,25个白色扇形海螺，适用于手工制作、绘画和装饰，适用于夏季海滩婚礼、家居装饰和项目,5.61,家居厨房用品,家居装饰,https://img.kwcdn.com/product/open/96f85759195c44e2b8de58708756d345-goods.jpeg,https://www.temu.com/search_result.html?search_key=606825441270504&search_method=user,913.csv,False,,False,0
334,0.8582187845055104,606313954273861,2D平面 无框 3PCS 时尚动物印花，趣味豹纹艺术，多巴胺美学绘画， 适合作为礼物、卧室、客厅墙面装饰，家居及宿舍装饰，帆布印刷,2.67,家居厨房用品,墙面装饰,https://img.kwcdn.com/product/open/7c50f8e110db40ac98d569423cfcb27e-goods.jpeg,https://www.temu.com/search_result.html?search_key=606313954273861&search_method=user,913.csv,False,,False,2
335,0.8581117506195213,606807321871765,1件桌面PVC标志标牌小摆件，印有PRAY about everything WORRY about nothing”励志名言，Philippians 46经文，适合办公室、家居、客厅装饰，也可作为书架、办公桌上的小摆设，传递积极向上的力量。Decorative Signs & Plaques,2.07,家居厨房用品,节日饰品,https://img.kwcdn.com/product/open/1196b7adfd694fea8134a258dfe5928d-goods.jpeg,https://www.temu.com/search_result.html?search_key=606807321871765&search_method=user,913.csv,False,,False,0
336,0.8579679643691542,607489684828670,2D平面印花黄色纯色枕套2只装（不含枕芯），适用于家居装饰、床及沙发靠枕套、卧室造型，2D平面印花,6.68,家居厨房用品,床上用品,https://img.kwcdn.com/product/open/62c572c052cd4bc2a8dcffbf499ded80-goods.jpeg,https://www.temu.com/search_result.html?search_key=607489684828670&search_method=user,913.csv,False,,False,0
337,0.8579369517546851,606800208340408,高级感厨房水槽下防水铝箔贴纸，自粘防油防潮橱柜垫纸，抽屉厨柜专用保护贴膜，易清洁可裁剪,2.35,家居厨房用品,厨房收纳,https://img.kwcdn.com/product/open/d56e4100b5ba490a8ed9644f9dbe4be2-goods.jpeg,https://www.temu.com/search_result.html?search_key=606800208340408&search_method=user,913.csv,False,,False,2
338,0.8571535612710595,607421300866190,2D平面单面印花绒抱枕套 1件 米色枕套 不含枕芯 沙发床装饰 卧室客厅适用,3.81,家居厨房用品,沙发装饰,https://img.kwcdn.com/product/open/d584dba2d3df49f3bba87bd1c380bb91-goods.jpeg,https://www.temu.com/search_result.html?search_key=607421300866190&search_method=user,913.csv,False,,False,12
339,0.8559186706372544,605731382210541,1个 欢迎剪刀设计 美发沙龙 LOGO墙贴 - 美发沙龙墙贴 理发师美容院Logo设计 剪刀 理发师店墙面装饰贴纸,16.09,家居厨房用品,窗饰及配件,https://img.kwcdn.com/product/fancy/32e18dbd-41c2-40a6-929c-09b5c910b2a6.jpg,https://www.temu.com/search_result.html?search_key=605731382210541&search_method=user,913.csv,False,,False,5
340,0.8550856417014603,606703974192010,2D平面，1件装，热轰车标牌 - 20.32X20.32厘米，复古汽车金属墙面装饰，复古风格装饰标牌，适用于车库、咖啡馆装饰或万圣节/感恩节/圣诞节礼物,2.95,家居厨房用品,节日饰品,https://img.kwcdn.com/product/open/117a01125a1e4b81b6a4b210f7f204fa-goods.jpeg,https://www.temu.com/search_result.html?search_key=606703974192010&search_method=user,913.csv,False,,False,0
341,0.8550354791453217,607122330848542,万圣节月亮项圈猫咪造型抱枕 绘画风格装饰靠垫 适用于沙发卧室 万圣节家居装饰 2D平面印花造型填充抱枕 2D平面,18.32,家居厨房用品,床上用品,https://img.kwcdn.com/product/open/511a5a046bf94133964ec1f9717ade5f-goods.jpeg,https://www.temu.com/search_result.html?search_key=607122330848542&search_method=user,913.csv,False,,True,0
342,0.8547997346858324,606976973046995,1件桌面正方形PVC标志标牌小摆件，温馨思念的红雀装饰，桌面摆件，办公室客厅家居装饰，纪念亲人，永远爱着，永远怀念。Decorative Signs & Plaques,1.0,家居厨房用品,节日饰品,https://img.kwcdn.com/product/open/5d5347e4069e4a869eb188dd0081ebe2-goods.jpeg,https://www.temu.com/search_result.html?search_key=606976973046995&search_method=user,913.csv,False,,False,6
343,0.8540323215493185,607356943485466,1个特大号立方体真空收纳袋 - 宽底设计，高品质磨砂面料，适用于衣物、枕头和床上用品，个层压缩，无气门，耐用磨砂材质,6.85,家居厨房用品,衣橱收纳,https://img.kwcdn.com/product/fancy/989bd60d-0dc0-4d0f-8c22-74726335659a.jpg,https://www.temu.com/search_result.html?search_key=607356943485466&search_method=user,913.csv,False,,False,0
344,0.85398904221614,606648273880083,2件套（1卷密封条+1个海绵）4 米 / 157.48 英寸汽车 T 型密封条 车门天窗后备箱通用 防尘防水隔音降噪胶条,5.13,家居厨房用品,家居装饰,https://img.kwcdn.com/product/open/6ec747b227bd41638e8126895b125fbe-goods.jpeg,https://www.temu.com/search_result.html?search_key=606648273880083&search_method=user,913.csv,False,,False,1
345,0.8536746409747318,607051061252769,"1 Velvet Table Runner with Golden Tassels, a Luxurious and Elegant Long Dining Table Decoration, Rectangular Table Runner, Suitable for Dinners, Weddings, and Home Kitchen Dining Room Decor. Includes Red, Black, White, and Blue Table Runners",4.51,家居厨房用品,餐厅用品,https://img.kwcdn.com/product/fancy/7d2d69b9-a687-4734-87c9-3082fe5ff011.jpg,https://www.temu.com/search_result.html?search_key=607051061252769&search_method=user,913.csv,True,LV|Led,False,9
346,0.8530614317690328,606785712843157,3件无框 2D/FLAT 奢华豹纹艺术装饰帆布画，时尚风格墙面艺术装饰，适用于客厅、餐厅或办公室家居装饰帆布画——万圣节、圣诞节等各种节日及生日礼物墙面装饰帆布画,2.74,家居厨房用品,墙面装饰,https://img.kwcdn.com/product/open/a9845e1afe0644d5ab66576d449c8384-goods.jpeg,https://www.temu.com/search_result.html?search_key=606785712843157&search_method=user,913.csv,False,,False,0
347,0.8527696050693174,607156019499383,1件个性四口之家温馨沙发合照黑白素描定制画无框/帆布海报，素描艺术装饰画，适用于家居装饰，完美的情人节、圣诞节、周年纪念等节日礼物，用于情侣肖像、宠物纪念、房间装饰、赠礼—数码图片展示。,1.78,家居厨房用品,墙面装饰,https://img.kwcdn.com/product/open/fe324baf725c48a993f4c82db61c70d2-goods.jpeg,https://www.temu.com/search_result.html?search_key=607156019499383&search_method=user,913.csv,False,,False,1
348,0.8521900833195502,607110922394374,1pc木托盘家用厨房餐厅客厅多功能收纳盘零食糖果盘点心收纳蛋糕盘早餐托盘适用于茶具 水具 糖果 饼干 面包用于家庭、聚会、餐厅、野餐婚礼庆祝活动、派对服务托盘,3.51,家居厨房用品,餐厅用品,https://img.kwcdn.com/product/open/3ea4dacac4724791843cb52d4af99b4d-goods.jpeg,https://www.temu.com/search_result.html?search_key=607110922394374&search_method=user,913.csv,True,家用,False,0
349,0.8499321670989568,606610156025856,2D平面木质标牌 -- 2D平面木质标牌。关于这位女士的5件事：她是狗狗妈妈，更爱狗狗爱人，尺寸7.87 X 5.91英寸。这是一款经典的墙面装饰艺术标牌，适用于家庭房间、俱乐部、酒吧、花园,1.66,家居厨房用品,节日饰品,https://img.kwcdn.com/product/fancy/5bc45d79-0660-42a5-a748-da899dc2d55e.jpg,https://www.temu.com/search_result.html?search_key=606610156025856&search_method=user,913.csv,True,酒,False,0
350,0.8492319119797558,607172394061153,"3件无框咖啡爱好者帆布画，色彩鲜艳墙面艺术，放松心情印刷海报，休闲风格墙面装饰，现代图画艺术，极简海报，家居装饰，房间美学，礼物，适用于客厅、卧室，无框, 家居装饰品,可赠送的墙面印刷品,鲜艳色彩印刷,现代墙面印刷品,现代简约设计,帆布墨水印刷品",6.38,家居厨房用品,墙面装饰,https://img.kwcdn.com/product/open/37ccfe7bb8934a5cb2a6cdd5f0eef724-goods.jpeg,https://www.temu.com/search_result.html?search_key=607172394061153&search_method=user,913.csv,False,,False,0
351,0.8491799279657885,606656729596125,2D平面，1件，经典汽车圆形标牌，奇卡诺文化复古装饰牌匾，洛里德车门廊装饰品，墙壁装饰，家居装饰，房间装饰，标牌 20x20厘米，2D平面,3.03,家居厨房用品,节日饰品,https://img.kwcdn.com/product/open/5388f6f9ceea4547b471b98b20ec1039-goods.jpeg,https://www.temu.com/search_result.html?search_key=606656729596125&search_method=user,913.csv,False,,False,2
352,0.8486669829924055,606884497064964,"Stainless Steel Italian Moka Pot, European French-Style Espresso Coffee Pot, Household Pour-Over Coffee Maker for Brewing Coffee",18.39,家居厨房用品,咖啡用品,https://img.kwcdn.com/product/open/35dbd1986b5e4763917a856f1e2d896e-goods.jpeg,https://www.temu.com/search_result.html?search_key=606884497064964&search_method=user,913.csv,False,,False,0
353,0.8484033141768429,607226752273396,手工打磨圆角轻奢复古胡桃木三层转角收纳架 梳妆台香水护肤品彩妆口红化妆刷分层阶梯实木置物展示架 办公室桌面文具护肤品通用分层整理架,12.44,家居厨房用品,家庭收纳,https://img.kwcdn.com/product/fancy/48485091-cfaf-4014-b46b-2944a9941a41.jpg,https://www.temu.com/search_result.html?search_key=607226752273396&search_method=user,913.csv,True,LV,False,2
354,0.8478915068969118,607220578251389,Whimsigoth 异域哥特造型填充抱枕装饰靠垫药水水晶月亮卧室成人2D平面印花枕头,16.67,家居厨房用品,床上用品,https://img.kwcdn.com/product/open/e353c007caa741c983b899a2dbf9c29c-goods.jpeg,https://www.temu.com/search_result.html?search_key=607220578251389&search_method=user,913.csv,False,,False,6
355,0.8478063894939449,606734039001078,Collectible Figurines摩托车炫酷骑手雕像、3D打印装饰品、桌面装饰、摩托车爱好者礼物、男士书桌配件、游戏室装饰、摩托车收藏品、赛车人物雕像、男士架子装饰、摩托车手生日礼物、酷炫迷你雕塑、办公桌装饰、提升格调的雕像装饰品,3.02,家居厨房用品,节日饰品,https://img.kwcdn.com/product/open/94981e3575a24c0eb1e96100c80cd289-goods.jpeg,https://www.temu.com/search_result.html?search_key=606734039001078&search_method=user,913.csv,False,,False,0
356,0.8476188238353671,607285808050032,1个2D定制冰箱磁铁，个性化250岁生日邮轮门磁，爱国邮轮客舱门装饰，美国国旗锚磁铁，定制邮轮门牌礼物,1.81,家居厨房用品,厨房用品,https://img.kwcdn.com/product/open/814804d14785401fab85a3b58ae0da43-goods.jpeg,https://www.temu.com/search_result.html?search_key=607285808050032&search_method=user,913.csv,False,,False,0
356,0.8476188238353671,606672701470914,1个2D定制冰箱磁铁，个性化250岁生日邮轮门磁，爱国邮轮客舱门装饰，美国国旗锚磁铁，定制邮轮门牌礼物,1.81,家居厨房用品,厨房用品,https://img.kwcdn.com/product/open/814804d14785401fab85a3b58ae0da43-goods.jpeg,https://www.temu.com/search_result.html?search_key=606672701470914&search_method=user,913.csv,False,,False,0
358,0.8475251733562159,607282989478747,"1pc Pom-Pom Tassel Decorative Sofa Cushion, Retro Luxurious Style Sofa Pillow, All-Season Universal Chenille Sofa Cover; Available for Single-Seat And Multi-Seat Sofas; Furthermore",9.82,家居厨房用品,沙发装饰,https://img.kwcdn.com/product/fancy/3dd004a7-2b3e-4eff-8e8e-d9a0f4cc904a.jpg,https://www.temu.com/search_result.html?search_key=607282989478747&search_method=user,913.csv,False,,False,0
359,0.8471547693790933,606891476370404,"2D Flat 2D Plane - 360° Rotatable Human Digestive System Model Desktop Decoration - Anatomical 2D Desktop Dissection Model with Realistic Color-Coded Intestine Design, Suitable for Education, Science Exhibitions, Classrooms",1.06,家居厨房用品,节日饰品,https://img.kwcdn.com/product/open/fc5828db6b2b45778a0d6054370f8316-goods.jpeg,https://www.temu.com/search_result.html?search_key=606891476370404&search_method=user,913.csv,False,,False,5
360,0.8463690251378972,607127028472207,1个2D平面印花鸭子带绿色蝴蝶结印花可折叠网兜，紧凑型弹出式洗衣篮，非常适合宿舍和小空间,5.48,家居厨房用品,衣橱收纳,https://img.kwcdn.com/product/open/221ecaa8668b4a6aa34ac2556ba831b9-goods.jpeg,https://www.temu.com/search_result.html?search_key=607127028472207&search_method=user,913.csv,False,,True,0
361,0.846295144210949,606772962105760,2D平面蓝色条纹图案印花枕套2件套（不含枕芯），非常适合家居装饰，不含枕芯，床和沙发装饰枕套，卧室造型,6.43,家居厨房用品,床上用品,https://img.kwcdn.com/product/open/370e771938bf418ab5448b09908d236e-goods.jpeg,https://www.temu.com/search_result.html?search_key=606772962105760&search_method=user,913.csv,False,,False,0
362,0.8459246440887134,606173898063042,[1pcs] 简约撞色双层纱被套 - 褶皱肌理透气面料 - 柔软亲肤耐洗不易掉色 - 北欧风卧室床品 - 极简家装布置 - 居家送礼实用好物,18.37,家居厨房用品,床上用品,https://img.kwcdn.com/product/open/2765826865684e618ac6bda80c8b5626-goods.jpeg,https://www.temu.com/search_result.html?search_key=606173898063042&search_method=user,913.csv,True,好物,False,7
363,0.8451155904624164,607169307070067,二维平面海报与印刷品 白鹭苍鹭竖版墙壁艺术 - 无框画 适用于秋季感恩节乡村农舍装饰，绿植与鹭鹭野生动物帆布画，客厅卧室乡村美学风格鸟类绘画,1.69,家居厨房用品,墙面装饰,https://img.kwcdn.com/product/open/553d9a8d11c342fd98457ca40f1dbdbd-goods.jpeg,https://www.temu.com/search_result.html?search_key=607169307070067&search_method=user,913.csv,False,,False,0
364,0.8440783483747833,607126021838739,1pc 多功能免打孔粘贴式壁挂收纳盒，浴室梳妆台桌面整理神器，带翻盖，塑料浴室置物架，化妆品收纳盒，可收纳棉签、牙线和发夹，异纹瑞象显华贵2D印花图案，适用于浴室，洗漱台，梳妆台，杂物置物架，是节省空间的必备配件,9.98,家居厨房用品,家庭收纳,https://img.kwcdn.com/product/fancy/564216e4-e2ae-4c3d-819d-c36d6df0dc3f.jpg,https://www.temu.com/search_result.html?search_key=607126021838739&search_method=user,913.csv,False,,True,0
365,0.843995550422235,606018020962824,1个亚麻纹理春夏桌旗 – 航海黑白海洋生物和船只设计贝壳、锚、灯塔海岸桌旗 – 节日、生日、周年纪念日 – 餐厅厨房餐饮装饰2D印刷表布,6.43,家居厨房用品,餐厨布艺,https://img.kwcdn.com/product/fancy/b99905e2-1ce6-4543-bc95-23cc8f86acfd.jpg,https://www.temu.com/search_result.html?search_key=606018020962824&search_method=user,913.csv,False,,False,0
366,0.8435228859145091,601104154830864,2D桌旗1件，上帝爱我们在先长方形聚酯桌旗，适用于餐桌、咖啡桌、家庭派对装饰，厨房、派对、节日的鲜艳文化装饰,4.23,家居厨房用品,餐厨布艺,https://img.kwcdn.com/product/2066d90f70/30136a53-8521-4b7a-aba9-e76eb4ea4a70_1024x1024.jpeg,https://www.temu.com/search_result.html?search_key=601104154830864&search_method=user,913.csv,False,,False,20
367,0.8427087439102826,606742763155732,闪亮亮片全息枕套，单面不规则黑白渐变设计，带点状反光细节，多种规格可选，卧室、客厅装饰家居用品，适用于沙发、卧室和客厅,3.31,家居厨房用品,床上用品,https://img.kwcdn.com/product/open/b5bd549b0ab544b8966ac9ea009b9897-goods.jpeg,https://www.temu.com/search_result.html?search_key=606742763155732&search_method=user,913.csv,False,,False,0
368,0.8420927390051642,606236644845453,"2D平面, 2D平面, 1件无框或带框墙壁艺术海报和印刷品, 定制水彩肖像帆布印刷品, 情侣、家庭和宠物个性化照片墙装饰, 非常适合作为卧室客厅的情人节和婚礼礼物",3.31,家居厨房用品,墙面装饰,https://img.kwcdn.com/product/open/7bf894fda2734bc287cdebf95b0464c9-goods.jpeg,https://www.temu.com/search_result.html?search_key=606236644845453&search_method=user,913.csv,False,,False,0
369,0.8409589575650392,601105407695659,3件套（帆布海报无框）暖色中性调可打印墙画，3幅组合装，现代乡村风装饰，极简抽象造型印刷品套装，即时下载,7.84,家居厨房用品,墙面装饰,https://img.kwcdn.com/product/open/b41e66bcc7504e02a188cebc8ff279d6-goods.jpeg,https://www.temu.com/search_result.html?search_key=601105407695659&search_method=user,913.csv,False,,False,0
370,0.8408972471218438,601101536313010,2D平面画，2D平面画，三幅2D印刷品，带框帆布画和海报，可直接悬挂，采用巴우豪斯风格的图形抽象艺术，用于家居装饰、墙壁艺术、房间装饰、家居壁画、高清印刷,42.28,家居厨房用品,墙面装饰,https://img.kwcdn.com/product/fancy/58543c30-1f44-4a46-b787-8207248bb98b.jpg,https://www.temu.com/search_result.html?search_key=601101536313010&search_method=user,913.csv,False,,False,1
371,0.8407010204809309,606201479815596,2D平面画，2D平面画，（海报和印刷品，3件套帆布海报不含框架2D平面）3件套烧制土橙色抽象曲线帆布墙 आर्ट，水彩波浪形状暖橙色桃色棕褐色中性奶油色背景极简波西米亚风垂直无框客厅 R,9.76,家居厨房用品,墙面装饰,https://img.kwcdn.com/product/open/04619277923a4c6aaee23b1f05d5ad4d-goods.jpeg,https://www.temu.com/search_result.html?search_key=606201479815596&search_method=user,913.csv,False,,False,0
372,0.8401220494578923,607345132299124,2D平面，1件复古圆形金属标牌墙壁艺术，可读性强的“生于1968”信息，粗体奶油色数字，非常适合工作区、厨房、客厅，橙色点缀线，家居装饰，耐候性强，适用于室内外装饰，经久耐用，2D平面,3.22,家居厨房用品,节日饰品,https://img.kwcdn.com/product/21f0664f60/db518b55-ad53-4a11-8dfd-b29865c1d995_800x800.jpeg,https://www.temu.com/search_result.html?search_key=607345132299124&search_method=user,913.csv,False,,False,0
373,0.8397407941501068,607016298872918,"17.7"" 仿真逼真触感雪松圣诞花环，用于前门装饰，充满生机，假雪松绿，假户外植物，假松针绿色植物，适用于前门/窗户/墙壁/门廊/圣诞装饰",5.85,家居厨房用品,家居装饰,https://img.kwcdn.com/product/open/2b51cae035f746cdb979104ad33e6816-goods.jpeg,https://www.temu.com/search_result.html?search_key=607016298872918&search_method=user,913.csv,False,,True,0
374,0.8395215105929309,607557666050976,主题海报，现代帆布印刷品，复古风格墙饰，非常适合用作礼物或家居、宿舍的装饰品。适用于卧室、客厅等场所。为无框设计，为 2D 平面图案，非常适合用来装饰房间。,5.16,家居厨房用品,墙面装饰,https://img.kwcdn.com/product/open/5c47d82505204b2790dcd488e1039bdd-goods.jpeg,https://www.temu.com/search_result.html?search_key=607557666050976&search_method=user,913.csv,False,,False,0
375,0.8393597077412176,607631552954497,居家多功能四层带扶手小推车，可收纳餐具、洗护、零碎杂物，厨房浴室客厅通用落地收纳车落地杂物整理收纳架。,23.66,家居厨房用品,家庭收纳,https://img.kwcdn.com/product/open/51dc8eb8cab94039b51bfb939b14f60b-goods.jpeg,https://www.temu.com/search_result.html?search_key=607631552954497&search_method=user,913.csv,False,,False,0
376,0.8390304321953784,606245234818695,1PC全棉个面印花拉链款单被套，多种花型可供挑选，可机洗。,22.76,家居厨房用品,床上用品,https://img.kwcdn.com/product/fancy/949c5aa7-43f9-489a-8d56-2ffb2a6d77cf.jpg,https://www.temu.com/search_result.html?search_key=606245234818695&search_method=user,913.csv,False,,False,15
377,0.838365917985078,601104235666882,"2D平面，3件装裱情人节帆布画，浪漫爱情墙饰，柔和腮红艺术印刷品，节日心形墙艺术，复古别致艺术海报，万圣节圣诞节家居装饰，节日礼物，适用于客厅、卧室，带框架[2D平面]，2D平面, 季节性艺术作品,家居装饰,极简主义墙面装饰画,装裱艺术品,高质量印刷品,心形装饰,艺术收藏家",17.0,家居厨房用品,墙面装饰,https://img.kwcdn.com/product/open/1e6896889b8f43babcabc2c7ea23c7c4-goods.jpeg,https://www.temu.com/search_result.html?search_key=601104235666882&search_method=user,913.csv,False,,False,2
378,0.8382950927545479,607478276259900,Movie Theme Popcorn Film Reel Clapperboard Print Blanket Cozy Nap Throw Rug Perfect for Movie Night Gift for Cinema Lovers Holiday Present for Adults and Teens,8.75,家居厨房用品,毯子,https://img.kwcdn.com/product/open/144d7b6fd46b4349a6538e5fd662403f-goods.jpeg,https://www.temu.com/search_result.html?search_key=607478276259900&search_method=user,913.csv,True,APP,False,0
379,0.8379018553865338,607110117080373,1PC 40×60cm（15.75×23.62in）可爱圣诞树节日装饰画，金色星星红绿圣诞球蝴蝶结礼物冬青浆果主题墙面海报，客厅卧室家居装饰，无框,3.55,家居厨房用品,墙面装饰,https://img.kwcdn.com/product/fancy/b2c47a1e-24f2-4258-9dd1-89425db1f0ec.jpg,https://www.temu.com/search_result.html?search_key=607110117080373&search_method=user,913.csv,False,,True,0
380,0.8368135519575148,606817119771108,定制情侣婚纱油画肖像帆布画，2D平面印刷，上传照片生成复古油画风格艺术肖像，周年纪念日、新婚送礼创意墙面艺术品，客厅卧室墙面艺术装饰，圣诞节装饰，完美的生日、节日礼物,4.73,家居厨房用品,墙面装饰,https://img.kwcdn.com/product/open/99aa40ee64b348eababcff0b1491d5eb-goods.jpeg,https://www.temu.com/search_result.html?search_key=606817119771108&search_method=user,913.csv,False,,False,0
381,0.8366018368376956,606049008503614,枫木蛋糕装饰糖霜模具，叶子巧克力硅胶模具，适用于感恩节、婴儿派对、纸杯蛋糕装饰、糖工艺、石膏、环氧树脂、聚合粘土,2.06,家居厨房用品,烘焙用品,https://img.kwcdn.com/product/fancy/f73bb71e-6093-435a-a286-1f665c00d549.jpg,https://www.temu.com/search_result.html?search_key=606049008503614&search_method=user,913.csv,False,,False,4
382,0.8360336934433531,607462975465359,12件套装 4件装大号透明收纳箱，带8个粘性挂钩，铰链盖透明储物盒配提手，可堆叠衣物书籍整理容器，适用于卧室、床下、办公室及家居整理,12.26,家居厨房用品,衣橱收纳,https://img.kwcdn.com/product/open/84af6911e2a4488d90d2ac46ab390ed0-goods.jpeg,https://www.temu.com/search_result.html?search_key=607462975465359&search_method=user,913.csv,True,储物盒,False,0
383,0.8355161682259491,607405463173356,1pc 8*8in/20x20cm的2D平面圆形铝标牌，有关夏威夷水上滑板的复古铝牌匾，阳光下的水上运动装饰牌，适合海滩酒吧、度假村、海滨别墅装饰或礼物 French,3.81,家居厨房用品,家居装饰,https://img.kwcdn.com/product/21140d63720/af143cfb-5b2e-4cd4-9e69-968f18aaba80_800x800.jpeg,https://www.temu.com/search_result.html?search_key=607405463173356&search_method=user,913.csv,True,酒,False,0
384,0.8353325779890911,606606330839590,2D平面画，2D平面画，3件套灵性帆布墙 आर्ट套装，现代自然主题海报，无框室内人像方向印刷，适用于客厅装饰，15.7 X 23.6 英寸,5.44,家居厨房用品,墙面装饰,https://img.kwcdn.com/product/fancy/b2a9ad1f-47b2-4ee0-ae42-ad7bae195765.jpg,https://www.temu.com/search_result.html?search_key=606606330839590&search_method=user,913.csv,False,,False,0
385,0.8341432455174097,601100905289220,(无框画布海报) 1件/3件装 金色伊斯兰书法粉墨笔刷图案背景装饰画 墙面艺术印刷画 客厅家居装饰画,7.97,家居厨房用品,墙面装饰,https://img.kwcdn.com/product/open/a388e5acac2146e38dcae7f7da70a5a1-goods.jpeg,https://www.temu.com/search_result.html?search_key=601100905289220&search_method=user,913.csv,False,,False,7
386,0.8330905805152793,607347481146173,1个复古面包造型纸巾盒，黑猫大眼睛红鼻子印花 | 浴室装饰、收纳整理，打造整洁空间，圆形纸巾盒适用，餐桌和茶/咖啡桌 - 紧凑型装饰盒，储物盒,10.59,家居厨房用品,餐厅用品,https://img.kwcdn.com/product/fancy/091278e6-e93d-4003-84c2-cec051e39c00.jpg,https://www.temu.com/search_result.html?search_key=607347481146173&search_method=user,913.csv,True,储物盒,False,0
387,0.8330512354548071,606480803663222,2D平面画，2D平面画，8X8英寸带框画，为您的装饰增添一丝俏皮风，成为任何生活空间的理想礼物，包括客厅、卧室或厨房。,7.99,家居厨房用品,节日饰品,https://img.kwcdn.com/product/open/1b04506fea0d4d2db6c5aef01d65dadd-goods.jpeg,https://www.temu.com/search_result.html?search_key=606480803663222&search_method=user,913.csv,False,,False,0
388,0.8329707556013374,607162059324210,"( Activated) 1pc Multi-Style Collection Hook-And-Loop Fabric Sheer Light-Blocking Curtain Single Piece, B&B Apartment Floor-To-Ceiling Window Self-Adhesive Double Layer Curtain",14.1,家居厨房用品,窗饰及配件,https://img.kwcdn.com/product/open/8f330ef441924d6eb9f38d1d1134f51d-goods.jpeg,https://www.temu.com/search_result.html?search_key=607162059324210&search_method=user,913.csv,False,,False,0
389,0.8323253996736835,601104326349887,2D平面画，2D平面画，一幅现代抽象帆布画，描绘在白色花瓶中的橄榄枝，带框，专为极简主义装饰设计。这幅艺术品，尺寸为49.99X100.0厘米，适合客厅、卧室或办公室。,44.53,家居厨房用品,墙面装饰,https://img.kwcdn.com/product/open/d90a2b6312f44cfbbbc159ac1951b77d-goods.jpeg,https://www.temu.com/search_result.html?search_key=601104326349887&search_method=user,913.csv,False,,False,3
390,0.8322490053910373,601101507742323,可定制冰球金属墙饰 - 个性化姓名与号码耐用铁艺球员剪影装饰，适用于车库、男人洞穴、运动房 - 现代体育主题家居装饰，冰球房间装饰，剪影设计，定制金属工艺品,18.77,家居厨房用品,家居装饰,https://img.kwcdn.com/product/open/889cedb9317f449a91facd2362bba7fc-goods.jpeg,https://www.temu.com/search_result.html?search_key=601101507742323&search_method=user,913.csv,False,,True,0
391,0.8322115531329481,607504180337233,"1pc Silvery Solar Film, Electrostatic Sun Protection Film for Windows, Indoor Protective Film, Silvery Window Heat Insulation Film, Suitable for Offices and Homes, Heat Insulation Control",4.34,家居厨房用品,窗饰及配件,https://img.kwcdn.com/product/open/b39bdf043b6449f8a5aa9b0215d658af-goods.jpeg,https://www.temu.com/search_result.html?search_key=607504180337233&search_method=user,913.csv,True,LV,False,0
392,0.8313530988370129,606737662851364,4个西班牙圣经经文木质冰箱磁铁，基督教宗教经文冰箱磁铁，花卉装饰磁铁，家居厨房冰箱装饰，节日礼物,5.19,家居厨房用品,厨房用品,https://img.kwcdn.com/product/open/5fd475657e27451db8094b011e8619de-goods.jpeg,https://www.temu.com/search_result.html?search_key=606737662851364&search_method=user,913.csv,False,,False,0
393,0.8312033399504983,607571020742831,"Premium Natural | Household Solid | Fresh Natural Scent | Long-Lasting Fragrance | Suitable for Wardrobe, Shoe Cabinet, Bookshelf, Storage Room, Bathroom, Purification Ritual, Yoga, And Meditation",3.12,家居厨房用品,家居装饰,https://img.kwcdn.com/product/fancy/f3998028-660f-415c-b8ff-5a9318f94724.jpg,https://www.temu.com/search_result.html?search_key=607571020742831&search_method=user,913.csv,False,,False,21
394,0.8311492216822048,606540715124841,3件 2D平面 蒲公英大图像墙艺术，带露珠和柔和的蓝色调 - 现代简约植物自然装饰，适用于卧室、客厅、办公室、走廊，蒲公英装饰，送给他/她的完美礼物 无框,3.27,家居厨房用品,墙面装饰,https://img.kwcdn.com/product/open/0b52e8f0d496473a91b94424a7051c5b-goods.jpeg,https://www.temu.com/search_result.html?search_key=606540715124841&search_method=user,913.csv,False,,False,1
395,0.8300344192110977,607555451512881,2D平面，1件德国牧羊犬守卫圆形金属标牌墙 आर्ट，注意警告文字，圆形乡村风标牌 आर्ट，家居装饰，适用于工作室办公室，乡村风装饰魅力，波西米亚风装饰氛围，室内外通用耐候，经久耐用,3.22,家居厨房用品,节日饰品,https://img.kwcdn.com/product/21f0661540/77267efd-0f4c-4bef-9758-1888b16a9a56_800x800.jpeg,https://www.temu.com/search_result.html?search_key=607555451512881&search_method=user,913.csv,False,,False,0
396,0.8298601837103662,607629808104542,"A Sofa Cushion with Sweat-proof, Breathable, and Slip-resistant Features, Pet-friendly, Available in Multiple Colors, Suitable for Decorating Bedrooms, Offices, Living Rooms, and Cafes",8.45,家居厨房用品,沙发装饰,https://img.kwcdn.com/product/fancy/4f4e49cc-f877-4a25-a02c-80c49b3a5ab9.jpg,https://www.temu.com/search_result.html?search_key=607629808104542&search_method=user,913.csv,False,,False,1
397,0.8297526730128284,606277933573857,"1pc Modern Minimalist Abstract Wall Art - Neutral,, & Horizontal Line Art - Wrapped Canvas Framed Poster Suitable for Living Room, Bedroom, Office Decor - Ink Canvas",29.38,家居厨房用品,墙面装饰,https://img.kwcdn.com/product/21a4881b6c/6a7db9a7-2fad-40c2-b142-51e083269436_800x800.jpeg,https://www.temu.com/search_result.html?search_key=606277933573857&search_method=user,913.csv,True,APP,False,1
398,0.8297521517947156,607381304008559,三件套2D数码印花床笠套装（含床笠1件+枕套2件，无填充物）- 浅米色底搭配节日绿圣诞花环与红丝带，简约风多规格假日床品，适用于卧室装饰与节日赠礼,17.69,家居厨房用品,床上用品,https://img.kwcdn.com/product/open/e752f978b9854b2a95bc9e5577bf1507-goods.jpeg,https://www.temu.com/search_result.html?search_key=607381304008559&search_method=user,913.csv,False,,False,1
399,0.8296145604647125,605798709193681,爸爸脚本胡须与一号奖杯陶瓷勺托，温暖贴心的设计搭配金蓝点缀，白色厨具托适用于灶台与台面，父亲节礼物赠予爸爸、丈夫及父亲般的人物,5.91,家居厨房用品,餐厅用品,https://img.kwcdn.com/product/open/caa52ab25c544f899ad472da0bc9a15d-goods.jpeg,https://www.temu.com/search_result.html?search_key=605798709193681&search_method=user,913.csv,False,,False,0
400,0.8295935512067063,606083166871997,2D平面，2D平面3件套波西米亚风抽象艺术印刷品：海军蓝、土红色、金色笔触节日礼物，适用于客厅、卧室、办公室、餐厅、厨房、浴室，墙壁艺术，家居装饰，2D印刷，帆布海报画无框,8.16,家居厨房用品,墙面装饰,https://img.kwcdn.com/product/open/b17d20c4452442258cab0448f1725eac-goods.jpeg,https://www.temu.com/search_result.html?search_key=606083166871997&search_method=user,913.csv,False,,False,2
401,0.8291869602817615,606688740509057,2D平面 铁质1件，复古铁质标牌 - 装饰艺术风格铁质监控警告标志，24小时闭路电视摄像头监控，个语英语西班牙语，适用于墙壁安装，家庭商业安全，无需用电1件,7.07,家居厨房用品,家居装饰,https://img.kwcdn.com/product/open/2407ada9dcbf42cba0492eed344dbff2-goods.jpeg,https://www.temu.com/search_result.html?search_key=606688740509057&search_method=user,913.csv,False,,False,14
402,0.8289412814680237,606653642544613,5个装迷你天然白色扇贝装饰贝壳，小型工艺品，实用装饰用品，适用于水族箱鱼缸花瓶填充，海滩婚礼航海派个布置，爱好者创作，节日家居装饰必备品,3.07,家居厨房用品,家居装饰,https://img.kwcdn.com/product/open/8d1ce2ba67b6489c907273b0cf9e0b8a-goods.jpeg,https://www.temu.com/search_result.html?search_key=606653642544613&search_method=user,913.csv,False,,False,1
403,0.8277643947567532,607109915744659,1个游戏手柄造型 2D平面印花填充抱枕 装饰靠垫 适用于礼物、卧室、沙发、房间、派对装饰，2D平面款,20.66,家居厨房用品,床上用品,https://img.kwcdn.com/product/open/6375531f79e3422488c0b57e09e57acf-goods.jpeg,https://www.temu.com/search_result.html?search_key=607109915744659&search_method=user,913.csv,False,,False,5
404,0.8277320316978594,607587529552368,5Cm小型反光迪斯科球，3个装，镜面迪斯科球悬挂装饰品，适用于新娘送礼会、周年纪念、复古迪斯科主题派对用品,2.47,家居厨房用品,节日饰品,https://img.kwcdn.com/product/open/77a22f9f808b455f89d8e352e5227369-goods.jpeg,https://www.temu.com/search_result.html?search_key=607587529552368&search_method=user,913.csv,False,,False,10
405,0.8272734777148151,607501898614677,"1pc Blonde Little Angel Green Glow-in-the-Dark Wall Sticker, Featuring a Blonde Little Angel Sitting on a Golden Five-pointed Star, Accompanied by Scattered Yellow Stars and Light Green Four-leaf Clover Flower Stickers. Requires Light Absorption",1.35,家居厨房用品,家居装饰,https://img.kwcdn.com/product/open/ca7c9a517f8b425baf66d85157f9a8fd-goods.jpeg,https://www.temu.com/search_result.html?search_key=607501898614677&search_method=user,913.csv,False,,False,1
406,0.8270522035435686,605849024096064,个性化雕刻定制不锈钢保温水瓶，350毫升（11.83盎司），双层真空绝缘，适合动漫爱好者的便携旅行杯,12.24,家居厨房用品,旅行及外出用杯子,https://img.kwcdn.com/product/fancy/49adc2eb-4eb6-44e5-be91-2db5758ede4a.jpg,https://www.temu.com/search_result.html?search_key=605849024096064&search_method=user,913.csv,False,,False,5
407,0.826554408658275,601100092691813,1 件装框城市景观墙艺术 - 现代装饰艺术霓虹灯摩天大楼帆布印刷品，充满活力的蓝色和红色调垂直墙壁装饰带木框架，客厅、卧室、办公室的都市交通画 - 理想礼物、教室装饰|城市美学|木制框架艺术、现代墙面艺术,28.54,家居厨房用品,墙面装饰,https://img.kwcdn.com/product/open/060485b250eb4da890906750fd98826c-goods.jpeg,https://www.temu.com/search_result.html?search_key=601100092691813&search_method=user,913.csv,False,,False,11
408,0.8263174736859236,607517467872339,"500Ml/16.9Oz Frosted Bouncy Lid Water Bottle, Leak-Proof Portable Sports Cup with Random Flavor Ring, Outdoor Camping Fitness Student Daily Drinkware Multi-Color Available, Perfect Back-To-School Gift",9.53,家居厨房用品,旅行及外出用杯子,https://img.kwcdn.com/product/open/d66381bee1c94c268b6dadd67d380e11-goods.jpeg,https://www.temu.com/search_result.html?search_key=607517467872339&search_method=user,913.csv,False,,False,2
409,0.8258425890018362,606520112707310,2D平面 无框 3PCS 丛林动物海报，-活力四射的长颈鹿、黑豹、老虎、斑马和大象壁画，配有色彩丰富的花朵，非常适合客厅和卧室装饰，客厅艺术品活力四射的动物印刷品,2.76,家居厨房用品,墙面装饰,https://img.kwcdn.com/product/open/1359dc0750e94f52a36b08abb91d413b-goods.jpeg,https://www.temu.com/search_result.html?search_key=606520112707310&search_method=user,913.csv,False,,False,1
410,0.8256811216651915,607624439423947,2D平面，1件意大利提拉米苏主题圆形木质墙饰 -人造木材，意大利国旗颜色搭配提拉米苏切片设计 - 适用于家庭、办公室、咖啡馆、餐厅的墙面装饰 - 耐用的厨房与餐饮装饰品 - 意大利美食爱好者礼物，高品质印刷，适合咖啡馆老板和家居装饰者，2D平面,1.76,家居厨房用品,节日饰品,https://img.kwcdn.com/product/open/0f713c806a85497b9c84c56979b808d7-goods.jpeg,https://www.temu.com/search_result.html?search_key=607624439423947&search_method=user,913.csv,False,,False,0
411,0.8242983457427244,606958853681933,"Personalized Pillowcase- Watercolor Sky Rainbow Pattern, Customizable Name and Fun Pillow, Sofa Room Decor, Birthday Gift, Souvenir(Pillow Core Not Included)",2.9,家居厨房用品,沙发装饰,https://img.kwcdn.com/product/open/b2ff769e3eac4e1f9fed65e71c918fe2-goods.jpeg,https://www.temu.com/search_result.html?search_key=606958853681933&search_method=user,913.csv,False,,False,0
412,0.8238244978931745,607130518188696,2D平面，2D平面 - 2D门旗 2D平面，2D平面 - 2D门旗 1件 高弹力 2D平面门罩 圣诞驯鹿红色格子图案 弹力圣诞门旗，适用于家庭节日庆祝派个装饰，室内外均可,6.63,家居厨房用品,节日聚会用品,https://img.kwcdn.com/product/open/f689a69635bd48f98f53ea1ed3ef0b6d-goods.jpeg,https://www.temu.com/search_result.html?search_key=607130518188696&search_method=user,913.csv,False,,True,0
413,0.8232777923974458,601103914175216,2D平面画，2D平面画，1件带框帆布艺术品，展示野生自然，展示一只白色老虎。这幅梦幻色彩的艺术品可用作丛林精神墙壁装饰，非常适合现代家居美学。它也可以是用于家居装饰的复古风格海报。,28.03,家居厨房用品,墙面装饰,https://img.kwcdn.com/product/open/0a89ad7525674616aedba4f5d0877d88-goods.jpeg,https://www.temu.com/search_result.html?search_key=601103914175216&search_method=user,913.csv,False,,False,1
414,0.8208785421543575,607133336750725,一件新款便携式牙线盒，带顺滑滑动防尘盖，适用于旅行用餐，多用途小容器，可重复填充使用,1.45,家居厨房用品,家庭收纳,https://img.kwcdn.com/product/fancy/83754c73-db4a-499d-8609-771a584d45d2.jpg,https://www.temu.com/search_result.html?search_key=607133336750725&search_method=user,913.csv,True,Led,False,0
415,0.8207631933287559,606836111604307,主题海报，现代帆布印刷品，复古风格墙饰，非常适合用作礼物或家居、宿舍的装饰品。适用于卧室、客厅等场所。为无框设计，为 2D 平面图案，非常适合用来装饰房间。,5.16,家居厨房用品,墙面装饰,https://img.kwcdn.com/product/open/92e4d612587541e1810b035ec938ef77-goods.jpeg,https://www.temu.com/search_result.html?search_key=606836111604307&search_method=user,913.csv,False,,False,0
416,0.8206578240203136,607228295756850,【Posters & Prints】一张无框帆布画海报2d平面画，无框画布印刷品——红心皇后解剖心脏墙饰海报，现代厨房装饰，适用于家居、办公室或咖啡馆，办公艺术，现代画布艺术，2d平面设计，房间装饰佳品，理想礼品选择，2d平面,1.43,家居厨房用品,墙面装饰,https://img.kwcdn.com/product/217a7c4f4a/1c67d35c-0d4e-4a2f-aeb6-481531320f62_800x800.jpeg,https://www.temu.com/search_result.html?search_key=607228295756850&search_method=user,913.csv,False,,False,0
417,0.82062643834647,606815911821465,6个美人鱼公主纸质派个帽子，魔法海底帽，适用于婴儿送礼会美人鱼生日派个礼物，美人鱼生日派个帽子,1.99,家居厨房用品,节日聚会用品,https://img.kwcdn.com/product/open/52714aa377da448896b6d47df1a765ae-goods.jpeg,https://www.temu.com/search_result.html?search_key=606815911821465&search_method=user,913.csv,False,,False,3
418,0.8205152010644953,607291176797137,2D平面 - 2D/平面印刷新款圣诞珍珠钻石吊坠，圣诞装饰吊坠，亚克力珍珠钻石镶嵌和平鸽圣洁图案设计吊坠，节日派对圣诞树装饰礼物,3.38,家居厨房用品,家居装饰,https://img.kwcdn.com/product/open/e8baa5e70503411884461a392e17671b-goods.jpeg,https://www.temu.com/search_result.html?search_key=607291176797137&search_method=user,913.csv,False,,False,0
419,0.8199778408065127,606093988186326,【JIT】三件套 犯罪现场尸体轮廓线 Crime scene body outline 印花被套套装 三件套，柔软被套+双枕套，亲肤透气，家庭卧室/客房适用，四季通用，派对礼物优选（1被套+2枕套，不含内芯）,25.39,家居厨房用品,床上用品,https://img.kwcdn.com/product/algo_check/auto/e6a2d04e83546baf60550667a7fdabcd_1775197044393.jpg,https://www.temu.com/search_result.html?search_key=606093988186326&search_method=user,913.csv,True,优选,False,0
420,0.8198040263674649,607390229485567,20pcs Roaring 20s 咆哮二十年代黑金派个一次性纸盘纸杯套装 Art Deco 盖茨比复古主题派个餐具 生日新年舞会聚会装饰用品,5.3,家居厨房用品,食品服务设备,https://img.kwcdn.com/product/fancy/f563e380-fd14-492f-bad2-96ff64461689.jpg,https://www.temu.com/search_result.html?search_key=607390229485567&search_method=user,913.csv,False,,False,0
421,0.819209551141169,606346971863376,12pcs 纸质 航海主题派对桌面中心装饰品 – 12件海洋水手装饰，适用于蓝色主题派对生日，鱼、小船、灯塔航海派对装饰 派对餐桌中央摆饰,8.82,家居厨房用品,节日聚会用品,https://img.kwcdn.com/product/fancy/aea1ae02-f532-4439-84f6-cffa1112928b.jpg,https://www.temu.com/search_result.html?search_key=606346971863376&search_method=user,913.csv,False,,False,13
422,0.8189673968471326,606171213721793,Posters&Prints【定制】 定制照片画布印刷，阳台凌霄花爬藤人像，热烈自然风格，轻薄画布省空间，卧室阳台装饰，藤蔓绿植日常纪念画【无框】,1.63,家居厨房用品,墙面装饰,https://img.kwcdn.com/product/fancy/3fd3d078-2694-4a31-a17a-dd92a49037e9.jpg,https://www.temu.com/search_result.html?search_key=606171213721793&search_method=user,913.csv,False,,False,40
423,0.8187618040185769,606795376514962,2D 2件复古绿叶植物抱枕套，单面印花，多尺寸可选，桃皮绒材质，拉链闭合，可机洗，不含枕芯。浅米底色，各色深浅绿叶枝叶错落排布，色调温润柔和，充满自然森系气息，适配沙发、卧室、飘窗。,3.6,家居厨房用品,沙发装饰,https://img.kwcdn.com/product/open/2b918c0c1f01488faeb6dde2003d7b86-goods.jpeg,https://www.temu.com/search_result.html?search_key=606795376514962&search_method=user,913.csv,False,,False,6
424,0.8184254615241245,606086656533222,【】1件，8*8英寸的圆形铝标牌，有关“1776 America 2026 Land of the Free”的复古装饰牌匾，独立日爱国主题装饰牌，适合装饰客厅、卧室、酒吧、咖啡馆、商店、办公室、车库、庭院，{1776 America 2026 Land of the Free}.独立日爱国主题装饰牌，客厅、卧室、酒吧、咖啡馆、商店、办公室、车库、庭院为装饰场景,3.16,家居厨房用品,节日饰品,https://img.kwcdn.com/product/21140d641a0/6eb1546c-1605-4c44-9863-8e3704a39208_800x800.jpeg,https://www.temu.com/search_result.html?search_key=606086656533222&search_method=user,913.csv,True,酒,False,0
425,0.8182506903514117,607297887662367,1件装 单面印花洗碗布和抹布 - 有趣的烘焙礼物厨房烘焙毛巾，送给女性发酵面包师的礼物，在我的发酵时代花卉手洗碗巾，用于厨房，2D平面，用于节日装饰,3.89,家居厨房用品,厨房用品,https://img.kwcdn.com/product/fancy/e6f7aeee-5e83-4c95-8c9c-43c31a59a6a9.jpg,https://www.temu.com/search_result.html?search_key=607297887662367&search_method=user,913.csv,False,,False,1
426,0.8181532439280788,607167964936229,"2D平面图案,圣诞窗贴玻璃静电贴纸，窗贴，玻璃贴画，窗户贴花雪景房屋松树雪花装饰静电膜易安装可拆卸，防水贴纸，可重复使用双面可见|可移除的PVC节日防水贴纸，圣诞节玻璃窗户装饰贴纸 双面打印-浴室家居玻璃贴膜",1.74,家居厨房用品,窗饰及配件,https://img.kwcdn.com/product/open/5405fc865f2b4b728933b6a670f1b515-goods.jpeg,https://www.temu.com/search_result.html?search_key=607167964936229&search_method=user,913.csv,False,,False,4
427,0.817902792739666,606191027587923,"2D Flat, 2pcs Modern Abstract Maze Curtains with Black Line Design - Semi-Sheer Window Panels Suitable for Bathroom, Living Room, Café, Pocket Rod Pocket Design, Machine Washable Panels for &, Minimalist Decor, 2D Flat",16.1,家居厨房用品,窗饰及配件,https://img.kwcdn.com/product/211a2a49c9a/a5ecf642-1a50-4e66-ae94-757f34e0fef1_1000x1000.jpeg,https://www.temu.com/search_result.html?search_key=606191027587923&search_method=user,913.csv,False,,False,0
428,0.8174785863273845,607123673070509,"2D Flat, 2D Flat, Posters And Prints 1pc Framed Canvas Painting Queen of Hearts Abstract Geometric Art in Soft Pink Black And Blue Wooden Frame Ready to Hang Canvas Wall Art for Living Room Bedroom Office Home Decor Framed Wall Decor",4.68,家居厨房用品,墙面装饰,https://img.kwcdn.com/product/fancy/a17f6109-6f11-411a-864b-a12a31eafd4b.jpg,https://www.temu.com/search_result.html?search_key=607123673070509&search_method=user,913.csv,False,,True,0
429,0.8153517931920203,607459150265541,"100个装 3.54""×4.72""(9厘米×12厘米)粉色欧根纱礼品袋，轻便防护，适用于婚礼、圣诞节、派对、珠宝及礼物包装，糖果袋",3.16,家居厨房用品,节日聚会用品,https://img.kwcdn.com/product/fancy/0ba067d4-0bb3-4ec0-bb8d-1013f24b9f41.jpg,https://www.temu.com/search_result.html?search_key=607459150265541&search_method=user,913.csv,False,,False,18
430,0.8152698978165573,607371103458761,2件装海洋动物挤压玩具捏捏乐，可爱章鱼与小鱼挤压玩具，柔软缓慢上升的感官益智玩具，泥巴质感挤压玩具，适合儿童的迷你海洋生物软体玩具，课堂奖励、派个礼品、生日礼物、圣诞节、万圣节、感恩节礼物，随机配色,2.65,家居厨房用品,节日聚会用品,https://img.kwcdn.com/product/fancy/c5f8fc4b-509c-45d3-a7b6-652f7de5c96c.jpg,https://www.temu.com/search_result.html?search_key=607371103458761&search_method=user,913.csv,False,,False,0
431,0.8152395453308009,607656785862735,"2D平面木质4件装杯垫 适用于咖啡桌装饰 - 多彩俏皮""你能行""牛油果与动物饮料杯垫，杯垫带励志名言，桌面保护垫，适用于办公室、鼓励礼物，",1.43,家居厨房用品,家居装饰,https://img.kwcdn.com/product/fancy/6cf3a540-0132-4c1e-a3aa-3f891d5f06d7.jpg,https://www.temu.com/search_result.html?search_key=607656785862735&search_method=user,913.csv,False,,False,0
432,0.8148158721038584,607553840855193,2D平面4件套万圣节复古南瓜抱枕套 米色枕套 单面印花 不含枕芯 沙发床装饰 适用于客厅卧室,5.53,家居厨房用品,沙发装饰,https://img.kwcdn.com/product/open/c088b589f2e045eda551351e6dd9d6a2-goods.jpeg,https://www.temu.com/search_result.html?search_key=607553840855193&search_method=user,913.csv,False,,False,2
433,0.8142432292460485,607089581760736,7PCS大号植绒圣诞球套装异形挂件 圣诞树装饰吊球节日彩球橱窗布置礼物,5.24,家居厨房用品,节日饰品,https://img.kwcdn.com/product/fancy/ae542dbc-c465-49bf-8154-4413152d07c6.jpg,https://www.temu.com/search_result.html?search_key=607089581760736&search_method=user,913.csv,False,,False,16
434,0.8139509365146401,607401101103463,1件装，复古矩形木质装饰收纳托盘，米棕细密圆环纹图案，适合茶具、化妆品、首饰、钥匙、香水和手表收纳，适用于客厅、卧室、玄关、酒店和咖啡馆家居装饰，非食品直接接触用,12.4,家居厨房用品,家庭收纳,https://img.kwcdn.com/product/open/75d0319b184a4ee6ac3aa6b0a9ba15c0-goods.jpeg,https://www.temu.com/search_result.html?search_key=607401101103463&search_method=user,913.csv,True,酒,False,3
435,0.8135299447744404,606802490019843,2D平面，1件装 米特奥拉希腊旅行圆形金属标志墙壁艺术，完美适用于厨房、餐厅、客厅，悬崖修道院主题，家居装饰，岩柱图案，现代简约美学，室内外装饰皆宜，耐候性强，经久耐用，2D平面,3.22,家居厨房用品,节日饰品,https://img.kwcdn.com/product/21f0664e70/d0e469cc-4199-4c07-b7de-1faccb3eae98_800x800.jpeg,https://www.temu.com/search_result.html?search_key=606802490019843&search_method=user,913.csv,False,,False,0
436,0.8109743031667829,601104632425038,2D平面 - 带有相框的美丽家居办公室，2D抽象装饰画，适用于卧室，7.87*7.87英寸尺寸，非常适合厨房墙壁装饰，精致的单面装饰牌和装饰品，以及装饰画,5.67,家居厨房用品,节日饰品,https://img.kwcdn.com/product/open/910f32f831544f7396e71f8f0c482d53-goods.jpeg,https://www.temu.com/search_result.html?search_key=601104632425038&search_method=user,913.csv,False,,False,1
437,0.8108574931563861,607275473310138,"1pc Plush Sofa Cushion, Armrest Cushion, Backrest Cushion, Throw Pillow Cover, Arrow Pattern, Lace Trim Design, Slip-resistant Machine Washable Furniture Protector, Pet-friendly, Perfect Home Decoration",8.47,家居厨房用品,沙发装饰,https://img.kwcdn.com/product/fancy/1cd80cc2-7fe2-4d02-87eb-1335eaac5c56.jpg,https://www.temu.com/search_result.html?search_key=607275473310138&search_method=user,913.csv,False,,False,13
438,0.8106204423619401,607506663318564,2D平面个性化照片帆布画带松木画框 - 定制图片墙饰，适用于家庭、宠物、回忆 - 复古画框装饰，适用于卧室 - 母亲、男士、女士的理想礼物 - 环绕式帆布画框装饰，2D平面,3.95,家居厨房用品,墙面装饰,https://img.kwcdn.com/product/open/69efe6ce06374b369c2fd1db4cc1da6c-goods.jpeg,https://www.temu.com/search_result.html?search_key=607506663318564&search_method=user,913.csv,False,,False,2
439,0.8103825062865754,606616732666263,1件植物爱好者礼物 标牌 园艺办公桌装饰品| 家庭办公室厨房装饰 植物爱好者装饰品 适合女性 男性 妈妈 会议室书房隔间配件,2.52,家居厨房用品,节日饰品,https://img.kwcdn.com/product/open/425ba203f05a447882197e481da6a163-goods.jpeg,https://www.temu.com/search_result.html?search_key=606616732666263&search_method=user,913.csv,False,,False,0
440,0.8098323108178722,607120049205228,2D Flat 1件 圣诞可爱的小熊猫亚克力节日悬挂装饰品，圣诞节多功能2D挂饰，适用于汽车后视镜、家居装饰、包包吊坠、钥匙扣和节日礼物，理想的节日礼物季节派个和节日树装饰圣诞节、情人节、万圣节和感恩节的理想礼物，送给家人朋友的完美圣诞礼物,1.72,家居厨房用品,节日饰品,https://img.kwcdn.com/product/fancy/7034e5f9-9853-435e-9e94-79214376fed1.jpg,https://www.temu.com/search_result.html?search_key=607120049205228&search_method=user,913.csv,False,,True,0
441,0.8096833174462923,606810878615452,2D平面定制爱上克罗地亚国旗颜色风格冰箱磁铁 - 个性化文字/姓名，独特冰箱磁铁礼物创意家居厨房装饰磁性贴纸复古艺术冰箱磁铁创意家居冰箱装饰品,3.47,家居厨房用品,厨房用品,https://img.kwcdn.com/product/open/c94abdc556aa447d9bf7e4cc75b3e982-goods.jpeg,https://www.temu.com/search_result.html?search_key=606810878615452&search_method=user,913.csv,False,,False,0
442,0.8096200058730517,607092802956692,20个装，万圣节蜘蛛网生日快乐八角形一次性纸盘，红色底黑色蜘蛛网蓝色边缘7英寸波浪边甜点盘，万圣节主题派个装饰餐具，节日庆祝用餐具,4.96,家居厨房用品,节日聚会用品,https://img.kwcdn.com/product/fancy/dd621659-e2bc-46ce-8c6e-0b5edba8edf4.jpg,https://www.temu.com/search_result.html?search_key=607092802956692&search_method=user,913.csv,False,,False,15
443,0.8094159306770952,606694578970902,1个装，优雅蓝绿色植物图案枕套，现代印花装饰靠垫套，带拉链封口，柔软舒适面料，适用于沙发床客厅卧室装饰，无枕芯,5.11,家居厨房用品,沙发装饰,https://img.kwcdn.com/product/fancy/872a1450-c5d8-440b-91f5-cbc4145b4726.jpg,https://www.temu.com/search_result.html?search_key=606694578970902&search_method=user,913.csv,False,,False,4
444,0.8093528560501242,607238160770594,2D平面，1件装，十二生肖标志 - 20.32X20.32厘米，占星符号金属墙饰，天体设计装饰牌，适用于车库、咖啡馆装饰或作为万圣节/感恩节/圣诞节礼物，2D平面,2.23,家居厨房用品,节日饰品,https://img.kwcdn.com/product/open/48a27f88f1d346a2bc32fcc695ee4f95-goods.jpeg,https://www.temu.com/search_result.html?search_key=607238160770594&search_method=user,913.csv,False,,False,0
445,0.8092767023693521,606305028779210,2D复古平面得克萨斯州问候牌，哑光表面，设计有美国国旗和孤星州图案，新品架，随机孔样式,2.48,家居厨房用品,节日饰品,https://img.kwcdn.com/product/open/c8060b4809ae488d81eb306add1a7656-goods.jpeg,https://www.temu.com/search_result.html?search_key=606305028779210&search_method=user,913.csv,False,,False,2
446,0.808951436692416,607605246269003,4pcs海洋鱼形杯垫 ，带有幽默的白色鱼形设计，海岸式餐桌装饰，适用于厨房和餐厅，季节性餐桌布置 | 幽默的鱼形设计 | 耐用的餐具，鱼形装饰,0.77,家居厨房用品,家居装饰,https://img.kwcdn.com/product/open/5dd3ea362e1846d1afc63c304bcaea91-goods.jpeg,https://www.temu.com/search_result.html?search_key=607605246269003&search_method=user,913.csv,False,,False,0
447,0.8082193714051561,607677321164202,2027蓝色闪光圣诞帽窗户贴纸，带雏菊蝴蝶结雪花冬季新年圣诞贴花，双面可见，自粘PVC，适用于烘焙店精品店前玻璃门装饰,2.09,家居厨房用品,窗饰及配件,https://img.kwcdn.com/product/fancy/954fd59f-12b8-4e0a-973f-00ee6b7e86f5.jpg,https://www.temu.com/search_result.html?search_key=607677321164202&search_method=user,913.csv,False,,False,1
448,0.8076701666807029,607085756527435,2D平面定制爱尔兰国旗颜色风格冰箱磁铁 - 个性化文字/姓名，可爱家居装饰纪念品，送给朋友的独特冰箱磁铁礼物创意，家居厨房装饰磁性贴纸，家居厨房装饰礼物,3.5,家居厨房用品,厨房用品,https://img.kwcdn.com/product/open/d308e077dd214eb9b129c73316381a78-goods.jpeg,https://www.temu.com/search_result.html?search_key=607085756527435&search_method=user,913.csv,False,,False,2
449,0.807612142175288,601103268995132,1张滑板动作海报 - 黑白漫画风格滑板特技艺术印刷品 - 现代都市滑板文化墙饰 - 即挂装裱画布 - 12x16英寸（30x40厘米） - 适合男孩房间、滑板爱好者礼物 - 中世纪现代方形墙艺带包边画框 - 青少年装饰用滑板跳跃摄影 - 酷炫滑板爱好者礼物创意 - 易于悬挂或立式使用，2D平面,11.65,家居厨房用品,墙面装饰,https://img.kwcdn.com/product/fancy/4ab3c3ee-600d-4073-8aef-41d8cd88bd5a.jpg,https://www.temu.com/search_result.html?search_key=601103268995132&search_method=user,913.csv,False,,False,7
450,0.8070149604380628,607171588787296,2个复古橙色格子抱枕套，涤纶材质带拉链，适用于床、沙发、汽车、农舍家居装饰，不含枕芯，尺寸17.72英寸 X 17.72英寸,6.28,家居厨房用品,沙发装饰,https://img.kwcdn.com/product/fancy/1c0cccd8-7fe0-4fc8-86e5-033ac576c0c9.jpg,https://www.temu.com/search_result.html?search_key=607171588787296&search_method=user,913.csv,False,,False,0
451,0.8066267539646732,606796852855158,带塑料涂层的窗帘绳，油画装饰悬挂绳，带8对螺旋眼和挂钩（314.96英寸，黑色）,13.45,家居厨房用品,窗饰及配件,https://img.kwcdn.com/product/fancy/40c62396-27dc-4e63-8e9f-67b69467fc93.jpg,https://www.temu.com/search_result.html?search_key=606796852855158&search_method=user,913.csv,False,,False,0
452,0.8053504580850817,607121122902405,2D flat 派对横幅，1pc，圣诞节车库门横幅，大型圣诞节悬挂装饰横幅，可爱的圣诞雪人图案设计，耐用的聚酯纤维材质，圣诞节快乐装饰彩旗，耐用的聚酯纤维材质，精致的户外和室内装饰，理想的前廊，庭院，车库和家庭装饰,13.74,家居厨房用品,节日聚会用品,https://img.kwcdn.com/product/fancy/77843806-b355-4436-8857-85f89a960e90.jpg,https://www.temu.com/search_result.html?search_key=607121122902405&search_method=user,913.csv,False,,True,0
453,0.8049977806445779,606772962105420,2 件装复古秋日抱枕套 做旧报纸纹理南瓜图案靠垫套 客厅卧室感恩节秋季怀旧丰收家居装饰 涤纶，45cmx45cm，不含抱枕芯,4.03,家居厨房用品,沙发装饰,https://img.kwcdn.com/product/open/f675db1644144b9d9bba0c8e64c0c5d0-goods.jpeg,https://www.temu.com/search_result.html?search_key=606772962105420&search_method=user,913.csv,False,,False,0
454,0.8036807987416433,606625456876743,2D平面 1PC Tribal Modern非洲部落艺术装饰画，抽象人物肖像与几何纹样大地色墙面海报，现代Boho客厅卧室家居挂画，40x60cm（15.75x23.62in）无框,3.17,家居厨房用品,墙面装饰,https://img.kwcdn.com/product/fancy/8aca5c68-5808-44e2-b12e-567609155861.jpg,https://www.temu.com/search_result.html?search_key=606625456876743&search_method=user,913.csv,False,,False,0
455,0.8033782902845312,606703705795886,"1pc Small/Large High-Boron Silica Transparent Glass Material. Appearance Structure: Flower-Shaped Base, Outer Ring with 5pcs Heart-Shaped Candle Holders, Center Is Round Groove, Overall Petal Contour, Fully Transparent Glass",11.83,家居厨房用品,餐厅用品,https://img.kwcdn.com/product/fancy/cbbd908d-f95b-4448-8a2a-97b5083f92da.jpg,https://www.temu.com/search_result.html?search_key=606703705795886&search_method=user,913.csv,True,APP,False,0
456,0.8033284292990742,607622828774946,居家转角大容量布衣柜，落地布艺组装衣橱，多元分区实现衣物分类收纳侧边收纳小配件，防尘布罩防护衣物，宿舍租房转角衣柜出租房居家收纳柜子,40.72,家居厨房用品,衣橱收纳,https://img.kwcdn.com/product/open/5aa08c3bd4cc4a3da68eddef7a714059-goods.jpeg,https://www.temu.com/search_result.html?search_key=607622828774946&search_method=user,913.csv,False,,False,1
457,0.8027426551924645,607195211111859,纪念已故宠物的狗狗照片框，永远怀念的宠物纪念装饰品,4.65,家居厨房用品,家居装饰,https://img.kwcdn.com/product/fancy/bc92691c-a920-40a0-a8f0-0ceb4121ee41.jpg,https://www.temu.com/search_result.html?search_key=607195211111859&search_method=user,913.csv,False,,False,0
458,0.8018748008242385,607075354678087,2D FLAT6件套2D平面木制南瓜套装 花卉格子秋季桌面装饰，感恩节装饰品,4.65,家居厨房用品,节日饰品,https://img.kwcdn.com/product/open/29290182f3c44394986f139e52a63a91-goods.jpeg,https://www.temu.com/search_result.html?search_key=607075354678087&search_method=user,913.csv,False,,False,1
459,0.8014052395060315,606057665525846,【】一件 Chinese Crested Dog Art设计 印花沙滩毛巾 Beach towel 适用于海边度假泳池瑜伽健身，毕业季礼物，朋友结婚乔迁生日实用时尚沙滩巾,17.56,家居厨房用品,毛巾浴巾,https://img.kwcdn.com/product/21137b243de/053e8869-3fc7-4996-bca3-dd2181a2c9c0_800x800.jpeg,https://www.temu.com/search_result.html?search_key=606057665525846&search_method=user,913.csv,False,,False,3
460,0.8012564303153052,606885570826008,50件小翅膀套装,9.01,家居厨房用品,窗饰及配件,https://img.kwcdn.com/product/fancy/4bed65a0-65cc-41d6-a23f-87998d1253df.jpg,https://www.temu.com/search_result.html?search_key=606885570826008&search_method=user,913.csv,False,,False,1
461,0.801091476562468,607466196673901,隐私窗膜，单向镜隐私膜，免胶静电吸附，房子玻璃隔热挡阳膜,8.33,家居厨房用品,窗饰及配件,https://img.kwcdn.com/product/open/48eb9a0a566c45d9a00530290a6a241d-goods.jpeg,https://www.temu.com/search_result.html?search_key=607466196673901&search_method=user,913.csv,False,,False,0
462,0.8010019982517324,606755648024154,25个红色爱心木制衣夹 - 户内、婚礼和派个装饰用邮票夹 - 用于工艺品和横幅制作的照片纸夹 - 衣夹,1.64,家居厨房用品,衣橱收纳,https://img.kwcdn.com/product/fancy/a73d7215-6490-44dc-aefd-eb2339894853.jpg,https://www.temu.com/search_result.html?search_key=606755648024154&search_method=user,913.csv,False,,False,1
463,0.800811481338989,606893086985480,"[2D] Tablecover 1pc Party Tablecloth, Brown Red Vintage Plaid Style Pattern Tablecloth, Fabric, Suitable for Indoor Outdoor Daily And Holiday Party Decoration, Easy-To-Clean Tablecloth, Suitable for Coffee Tables, Dining Tables, Hotels, Restaurants",3.73,家居厨房用品,节日聚会用品,https://img.kwcdn.com/product/open/e41f029c3bdb4e5ea6a5fcfcebc63ce1-goods.jpeg,https://www.temu.com/search_result.html?search_key=606893086985480&search_method=user,913.csv,False,,False,5
464,0.8008003726124618,606883087779479,2D平面画作，1幅2D平面帆布画《粉红虎妈妈与幼崽的温馨时刻》，非常适合客厅、卧室、办公室及走廊装饰，2D平面画作,1.63,家居厨房用品,墙面装饰,https://img.kwcdn.com/product/fancy/839398cd-9340-4d14-8e89-4b9a9b7d03c6.jpg,https://www.temu.com/search_result.html?search_key=606883087779479&search_method=user,913.csv,False,,False,0
465,0.8006896460518591,606598747547881,2D平面，1件装，“好心情”圆形标牌，仅为复古装饰牌匾，夏威夷风格门廊装饰，墙壁装饰，家居装饰，房间装饰，标牌尺寸20x20厘米，2D平面,1.95,家居厨房用品,节日饰品,https://img.kwcdn.com/product/open/248c5ea96642411cba0de6236625a359-goods.jpeg,https://www.temu.com/search_result.html?search_key=606598747547881&search_method=user,913.csv,False,,False,1
466,0.799950114876693,607655108160866,3pc，2D印刷无框海报，3件墙艺术套装森林动物狐狸麋鹿兔子帆布海报印刷维多利亚哥特式植物花卉墙艺术为客厅卧室装饰复古植物油画印刷,2.84,家居厨房用品,墙面装饰,https://img.kwcdn.com/product/fancy/5fe9dd3d-8b7f-4315-9075-bf1e6d0621e2.jpg,https://www.temu.com/search_result.html?search_key=607655108160866&search_method=user,913.csv,False,,False,1
467,0.7995075367462905,607272654709438,二维平面圣诞红卡车侏儒装饰，平面造型，非立体木质桌面摆件，圣诞老人侏儒乘坐载树皮卡，节日桌面装饰，圣诞礼物，二维平面,1.97,家居厨房用品,家居装饰,https://img.kwcdn.com/product/fancy/cf341da3-e793-4dcf-bcea-99bbd74a64b0.jpg,https://www.temu.com/search_result.html?search_key=607272654709438&search_method=user,913.csv,False,,False,0
468,0.7990194311699802,607031331261149,1个2D印花个性化定制照片/文字腹部冰箱磁铁 - 可雕刻姓名/照片，爱好者，亚克力冰箱装饰，单人派个，男士家居厨房冰箱纪念品，厨房小工具和/厨具,2.22,家居厨房用品,厨房用品,https://img.kwcdn.com/product/open/1b764180c3334168a1657f2fed4cada4-goods.jpeg,https://www.temu.com/search_result.html?search_key=607031331261149&search_method=user,913.csv,False,,False,0
469,0.79899461775689,607455727725557,20片 5Cm 亚克力圆形镜子贴纸，自粘环形墙面镜，适用于生产、墙面装饰和装饰马赛克瓷砖，卧室墙面装饰,1.87,家居厨房用品,家居装饰,https://img.kwcdn.com/product/fancy/601443cf-b7ba-483e-b840-ff35af9a8628.jpg,https://www.temu.com/search_result.html?search_key=607455727725557&search_method=user,913.csv,False,,False,7
470,0.7978800352420825,607324060102178,"1件2D平面图案贴花,圣诞节装饰静电贴，窗贴，玻璃贴画， 窗户贴纸，花鸟蝶杯图案玻璃贴膜适用于卧室厨房浴室阳台窗户圣诞家居装饰，双面打印，可重复使用，可移除的PVC节日防水贴纸，完美的万圣，圣诞节派对装饰贴纸-玻璃贴膜",1.41,家居厨房用品,窗饰及配件,https://img.kwcdn.com/product/open/0349411cd5a9494480d98820633986df-goods.jpeg,https://www.temu.com/search_result.html?search_key=607324060102178&search_method=user,913.csv,False,,False,0
471,0.7976285663234982,607018177921971,松紧带旅行枕套，柔软舒适安装方便，有益于皮肤和头发，适合睡眠，适合家居卧室的产品，适合旅行携带，适合各种枕头,2.56,家居厨房用品,床上用品,https://img.kwcdn.com/product/fancy/925b0dc3-63f1-4146-bcd8-79459e65bd10.jpg,https://www.temu.com/search_result.html?search_key=607018177921971&search_method=user,913.csv,False,,False,37
472,0.7975309618352303,607238026577051,2D平面海报和印刷品 复古复古树木雪屋帆布墙壁艺术冬季奇境节日舒适温暖家居美学房间装饰乡村农舍自然风景画作艺术品客厅卧室2D无框F,1.17,家居厨房用品,墙面装饰,https://img.kwcdn.com/product/open/3a6bb61f9c95429c92c1a5dda3d8ff2d-goods.jpeg,https://www.temu.com/search_result.html?search_key=607238026577051&search_method=user,913.csv,False,,False,0
473,0.7960885882445495,607047840061031,"2pcs Set, Double-Layer Blackout Curtains, French-Style Round Mirror Floral Pattern, One Layer of Sheer Fabric and One Layer of Blackout Lining, Double-Layer Splicing, Hook-and-Loop Fastener for Easy Installation, Sun-Blocking, Thermal Insulation",22.29,家居厨房用品,窗饰及配件,https://img.kwcdn.com/product/fancy/fc08be38-7592-4526-b6cb-0d852eb2746d.jpg,https://www.temu.com/search_result.html?search_key=607047840061031&search_method=user,913.csv,False,,False,0
474,0.7960273444703087,607061932911489,2D平面 - 1个2D平面印花枕套，蓝色圣诞冬季风景小屋单面印花，适用于客厅卧室沙发床装饰，涤纶材质，17.72英寸 X 17.72英寸，不含枕芯,2.46,家居厨房用品,沙发装饰,https://img.kwcdn.com/product/open/e6d03139f21944e38c89f3c463bb0da4-goods.jpeg,https://www.temu.com/search_result.html?search_key=607061932911489&search_method=user,913.csv,False,,False,0
475,0.7946500168972057,606775780674513,二维平面个性化家庭肖像定制画像 - 适合四口之家的定制漫画海报，由漫画艺术家根据照片绘制，可作婚礼与情人节礼物，无框帆布装饰画，亦可作为周年纪念礼品，二维平面,4.33,家居厨房用品,墙面装饰,https://img.kwcdn.com/product/open/df7044fb2f854ad8817868fbe9ef120d-goods.jpeg,https://www.temu.com/search_result.html?search_key=606775780674513&search_method=user,913.csv,False,,False,0
476,0.7943607284324227,607199640308704,"37pcs 50Mm Transparent Macaron-Colored Capsules, Party Gift Filling And Display, Suitable for Vending Machines, Prize Machines, Craft Supplies Balls, for Candy Machines, Can Fill Round Containers (Random Colors)",10.9,家居厨房用品,节日聚会用品,https://img.kwcdn.com/product/open/c8b596b74f394e3b809ec6d1af998005-goods.jpeg,https://www.temu.com/search_result.html?search_key=607199640308704&search_method=user,913.csv,False,,False,8
477,0.7943069350103017,606625456870852,2D平面 1PC Tribal Modern非洲部落艺术装饰画，抽象人物肖像与几何纹样大地色墙面海报，现代Boho客厅卧室家居挂画，40x60cm（15.75x23.62in）无框,3.17,家居厨房用品,墙面装饰,https://img.kwcdn.com/product/fancy/0cd86be2-45c2-43d9-b988-9058c5f4eb8d.jpg,https://www.temu.com/search_result.html?search_key=606625456870852&search_method=user,913.csv,False,,False,0
478,0.7931734930447789,605614143076071,2D平面 1件装 航海风夏季复古抱枕套 海军蓝 装饰枕套 单面印花 适用于客厅卧室沙发床装饰 不含枕芯，2D平面,3.74,家居厨房用品,沙发装饰,https://img.kwcdn.com/product/open/b56d3c423c9748d884eec7314b13e14f-goods.jpeg,https://www.temu.com/search_result.html?search_key=605614143076071&search_method=user,913.csv,False,,False,4
479,0.7922249575050577,607113069833059,2D平面，1件，罗斯威尔圆形标牌，新墨西哥州复古装饰牌匾，UFO门廊装饰，墙壁装饰，家居装饰，房间装饰，标牌 20x20厘米，2D平面,2.62,家居厨房用品,节日饰品,https://img.kwcdn.com/product/open/b59ece7cf61943d1843df98f40a08794-goods.jpeg,https://www.temu.com/search_result.html?search_key=607113069833059&search_method=user,913.csv,False,,False,0
480,0.7920164569221382,606984891954463,迷你复古欧式相框模型/墙面装饰墙镜装饰小屋树脂金银复古装饰/无需电源/非常适合娃娃屋装饰、客厅和卧室装饰,4.35,家居厨房用品,家居装饰,https://img.kwcdn.com/product/open/1a2d77894c444eb3a84aab662fa4c10a-goods.jpeg,https://www.temu.com/search_result.html?search_key=606984891954463&search_method=user,913.csv,False,,False,3
481,0.791960605277029,607120586066103,"4pcs,2d flat printing,Throw Pillow Cover，Winter and Christmas themed pillow covers，胡桃夹子，圣诞树，火车，蜡烛，雪花。 Non-real embroidery,拉链开合，可手洗 - 适用于沙发、床和户外家居装饰（不包含枕芯）",9.41,家居厨房用品,沙发装饰,https://img.kwcdn.com/product/open/35056c8e0e0840f4ada6326158bf251b-goods.jpeg,https://www.temu.com/search_result.html?search_key=607120586066103&search_method=user,913.csv,False,,True,0
482,0.7914103507588155,606083099813486,10pcs梦幻泡泡时光宝石玻璃穹顶大号冰箱贴白板储物柜厨房办公室教室的装饰性冰箱贴纸给朋友家人和同事的完美礼物,5.33,家居厨房用品,厨房用品,https://img.kwcdn.com/product/open/a69f307a7e8f45908c3fea24790d858e-goods.jpeg,https://www.temu.com/search_result.html?search_key=606083099813486&search_method=user,913.csv,False,,False,1
483,0.7913366769332755,607401235291841,2D平面海报和印刷品，趣味骷髅手持卫生纸帆布墙 आर्ट，古怪浴室装饰，复古黑色幽默卫生间洗手间标志，幽默骷髅图片绘画艺术品，客人卫生间客厅美学房间装饰,1.02,家居厨房用品,墙面装饰,https://img.kwcdn.com/product/open/93a47fa9bc6140d3968ea00187c9e816-goods.jpeg,https://www.temu.com/search_result.html?search_key=607401235291841&search_method=user,913.csv,False,,False,0
484,0.7910685781878385,606905703489501,复古“恐龙区”木制墙饰 - 2D平面绿色做旧木制艺术，幽默恐龙主题装饰，适用于卧室、家庭酒吧、车库 - 乡村风格墙面礼物,1.77,家居厨房用品,节日饰品,https://img.kwcdn.com/product/open/5c6764e39e5c44379f4957f3df4bc1a7-goods.jpeg,https://www.temu.com/search_result.html?search_key=606905703489501&search_method=user,913.csv,True,酒,False,0
485,0.7906955347859806,606305515323414,2D平面印刷，2件装，时尚牡丹花装饰罩，适用于各种生活空间、房间、咖啡馆和酒吧装饰，非真刺绣，,9.21,家居厨房用品,沙发装饰,https://img.kwcdn.com/product/fancy/fe2775a4-3dda-440e-80b7-c75fd4292418.jpg,https://www.temu.com/search_result.html?search_key=606305515323414&search_method=user,913.csv,True,酒,False,11
486,0.7905594107101199,607695105053107,主题海报，现代帆布印刷品，复古风格墙饰，非常适合用作礼物或家居、宿舍的装饰品。适用于卧室、客厅等场所。为无框设计，为 2D 平面图案，非常适合用来装饰房间。,5.16,家居厨房用品,墙面装饰,https://img.kwcdn.com/product/open/08603a54b0434f83a0aa885fe335d8f0-goods.jpeg,https://www.temu.com/search_result.html?search_key=607695105053107&search_method=user,913.csv,False,,False,0
487,0.7904345964079977,607230241901201,带盖亚麻布收纳盒 28.5X22.5Cm 大型桌面整理箱，适用于家庭办公室卧室，可折叠布艺收纳箱，带盖美学相册纪念盒，适用于珠宝文具书籍婚礼礼物，米色黑色海军蓝粉色绿色灰色,10.56,家居厨房用品,家庭收纳,https://img.kwcdn.com/product/open/c123a72b9803444f9df1481c93c842c4-goods.jpeg,https://www.temu.com/search_result.html?search_key=607230241901201&search_method=user,913.csv,False,,False,11
488,0.7900851447731055,601105511889835,可重复使用的训练用筷子 - 耐用塑料材质，非常适合初学者和爱好者,2.34,家居厨房用品,餐厅用品,https://img.kwcdn.com/product/open/2024-09-13/1726230666762-70b7965b9d3d48e0909fd7a24dd994dc-goods.jpeg,https://www.temu.com/search_result.html?search_key=601105511889835&search_method=user,913.csv,False,,False,45
489,0.790044973820764,606942210695705,3件套2D迷你复古个层奇幻民俗艺术植物设计木质装饰品，农舍风格木框迷你标牌，适合迷你洋娃娃屋装饰，洋娃娃屋迷你农场装饰，分层托盘装饰,0.8,家居厨房用品,家居装饰,https://img.kwcdn.com/product/open/893bc6f8f7cb487595e12b4cf7abf010-goods.jpeg,https://www.temu.com/search_result.html?search_key=606942210695705&search_method=user,913.csv,False,,False,4
490,0.78992087438938,601104166384768,2D桌旗1件，黑猫和黄猫玩耍长方形聚酯桌旗，适用于餐桌、咖啡桌、家庭派对装饰，厨房、派对、节日的鲜艳文化装饰,3.13,家居厨房用品,餐厨布艺,https://img.kwcdn.com/product/2066d90f70/4fe513ee-d05d-4238-a761-af6ce815568f_1024x1024.jpeg,https://www.temu.com/search_result.html?search_key=601104166384768&search_method=user,913.csv,False,,False,1
491,0.789714327968929,607289968807146,2D平面，1件装，维京战斧圆形挂牌，盾牌设计复古装饰牌匾，凯尔特绳结门廊装饰，墙壁装饰，家居装饰，房间装饰，标牌 20x20厘米，2D平面,3.12,家居厨房用品,节日饰品,https://img.kwcdn.com/product/open/29bf79c43e784c46b6091cd02e59df76-goods.jpeg,https://www.temu.com/search_result.html?search_key=607289968807146&search_method=user,913.csv,False,,False,0
492,0.7893956436427796,607271044126862,3D打印A10攻击机炮弹模型摆件,8.61,家居厨房用品,节日饰品,https://img.kwcdn.com/product/fancy/38de2ac3-2e7e-4c4e-b65d-28ce7fe3fd6f.jpg,https://www.temu.com/search_result.html?search_key=607271044126862&search_method=user,913.csv,False,,False,0
493,0.7890373696618228,606802892713890,几何三明治切割机和密封机套装，食品级 PP 三明治切割密封模具便携式易操作三明治切割机,2.38,家居厨房用品,烘焙用品,https://img.kwcdn.com/product/fancy/1abd09b1-5bf5-4d23-a003-154f3c54f35e.jpg,https://www.temu.com/search_result.html?search_key=606802892713890&search_method=user,913.csv,True,切割机,False,0
494,0.7882263848181444,607165683173235,2D平面 无框 3PCS 水彩大象家族墙壁装饰画，适用于客厅、办公室—— 象群装饰画，营造宁静氛围,2.84,家居厨房用品,墙面装饰,https://img.kwcdn.com/product/open/93841b212e2b4d6a9039c2ecc5d3f9fd-goods.jpeg,https://www.temu.com/search_result.html?search_key=607165683173235&search_method=user,913.csv,False,,False,3
495,0.7880664842526834,606686257461735,迷你针织南瓜套装（5只装）| 手工编织秋季餐桌中心摆件，钩针南瓜装饰，适用于感恩节、万圣节农舍分层托盘及家居装饰,12.83,家居厨房用品,家居装饰,https://img.kwcdn.com/product/fancy/e49f1d5d-5a95-4922-928d-f2f761996bba.jpg,https://www.temu.com/search_result.html?search_key=606686257461735&search_method=user,913.csv,False,,False,30
496,0.7880018336480855,606894831841907,"2DFLAT，1个复古且独特的木制牌匾 ""CREATIVE CHAOS ZONE"" - 欧式美式风格墙面装饰 - 耐用，适合室内/室外使用，适用于家庭、厨房、咖啡馆、酒吧,2D平面",1.82,家居厨房用品,家居装饰,https://img.kwcdn.com/product/open/dcc7759d603647d5b24e70f4f7bbe8cd-goods.jpeg,https://www.temu.com/search_result.html?search_key=606894831841907&search_method=user,913.csv,True,酒,False,2
497,0.7876691755867854,606784571973436,主题海报，现代帆布印刷品，复古风格墙饰，非常适合用作礼物或家居、宿舍的装饰品。适用于卧室、客厅等场所。为无框设计，为 2D 平面图案，非常适合用来装饰房间。,5.16,家居厨房用品,墙面装饰,https://img.kwcdn.com/product/open/47eadc11473e437fbb9e483d13212909-goods.jpeg,https://www.temu.com/search_result.html?search_key=606784571973436&search_method=user,913.csv,False,,False,0
498,0.787574775462111,607471565378053,心形亚克力冰箱贴装饰 - 浪漫花卉磁贴，含粉玫瑰与葱郁绿植，适用于冰箱底座及多种表面，情人节、母亲节、圣诞节的理想礼物，2D平面款,1.96,家居厨房用品,厨房用品,https://img.kwcdn.com/product/21152340f68/272c01fb-7b96-4559-902e-5c4416101822_1000x1000.jpeg,https://www.temu.com/search_result.html?search_key=607471565378053&search_method=user,913.csv,False,,False,0
499,0.7865618782954001,607007910249194,主题海报，现代帆布印刷品，复古风格墙饰，非常适合用作礼物或家居、宿舍的装饰品。适用于卧室、客厅等场所。为无框设计，为 2D 平面图案，非常适合用来装饰房间。,5.16,家居厨房用品,墙面装饰,https://img.kwcdn.com/product/open/067c8d59b7224284a4e17bf50ab977f7-goods.jpeg,https://www.temu.com/search_result.html?search_key=607007910249194&search_method=user,913.csv,False,,False,0
500,0.7863990228376456,606968181843257,2D平面，1套装木质小雕像装饰品（内含多件），蘑菇木片，适用于春夏主题装饰和花卉摆设,2.8,家居厨房用品,节日饰品,https://img.kwcdn.com/product/open/7b8958a46c864dcfba0229ad66dab72b-goods.jpeg,https://www.temu.com/search_result.html?search_key=606968181843257&search_method=user,913.csv,False,,False,0
